ISO-10303-21;
HEADER;
FILE_DESCRIPTION(('STEP AP203'),'1');
FILE_NAME('1993776.stp','2026-05-10T16:03:38',('TraceParts'),('TraceParts S.A.S.'),'Spatial InterOp 3D',' ',' ');
FILE_SCHEMA(('CONFIG_CONTROL_DESIGN'));
ENDSEC;
DATA;
#1=DESIGN_CONTEXT('',#30,'design');
#2=APPLICATION_PROTOCOL_DEFINITION('INTERNATIONAL STANDARD','config_control_design',1994,#30);
#3=PRODUCT_CATEGORY_RELATIONSHIP('NONE','NONE',#31,#32);
#4=DATE_AND_TIME(#33,#34);
#5=DATE_TIME_ROLE('creation_date');
#6=DATE_TIME_ROLE('classification_date');
#7=PERSON_AND_ORGANIZATION_ROLE('creator');
#8=PERSON_AND_ORGANIZATION_ROLE('design_supplier');
#9=PERSON_AND_ORGANIZATION_ROLE('classification_officer');
#10=PERSON_AND_ORGANIZATION_ROLE('design_owner');
#11=APPROVAL_PERSON_ORGANIZATION(#35,#36,#37);
#12=APPROVAL_DATE_TIME(#4,#36);
#13=CC_DESIGN_APPROVAL(#36,(#38,#39,#40));
#14=CC_DESIGN_DATE_AND_TIME_ASSIGNMENT(#4,#5,(#40));
#15=CC_DESIGN_DATE_AND_TIME_ASSIGNMENT(#4,#6,(#38));
#16=CC_DESIGN_PERSON_AND_ORGANIZATION_ASSIGNMENT(#35,#10,(#41));
#17=CC_DESIGN_PERSON_AND_ORGANIZATION_ASSIGNMENT(#35,#7,(#40));
#18=CC_DESIGN_PERSON_AND_ORGANIZATION_ASSIGNMENT(#35,#7,(#39));
#19=CC_DESIGN_PERSON_AND_ORGANIZATION_ASSIGNMENT(#35,#8,(#39));
#20=CC_DESIGN_SECURITY_CLASSIFICATION(#38,(#39));
#21=CC_DESIGN_PERSON_AND_ORGANIZATION_ASSIGNMENT(#35,#9,(#38));
#22=SHAPE_DEFINITION_REPRESENTATION(#42,#43);
#23=SHAPE_DEFINITION_REPRESENTATION(#42,#44);
#24=SHAPE_DEFINITION_REPRESENTATION(#42,#45);
#25=SHAPE_DEFINITION_REPRESENTATION(#42,#46);
#26= (GEOMETRIC_REPRESENTATION_CONTEXT(3)GLOBAL_UNCERTAINTY_ASSIGNED_CONTEXT((#49))GLOBAL_UNIT_ASSIGNED_CONTEXT((#51,#52,#53))REPRESENTATION_CONTEXT('NONE','WORKSPACE'));
#30=APPLICATION_CONTEXT('CONFIGURATION CONTROLLED 3D DESIGNS OF MECHANICAL PARTS AND ASSEMBLIES');
#31=PRODUCT_CATEGORY('part','NONE');
#32=PRODUCT_RELATED_PRODUCT_CATEGORY('detail',' ',(#41));
#33=CALENDAR_DATE(2026,10,4);
#34=LOCAL_TIME(18,3,38.0,#55);
#35=PERSON_AND_ORGANIZATION(#56,#57);
#36=APPROVAL(#58,'SOLID MODEL');
#37=APPROVAL_ROLE('APPROVED');
#38=SECURITY_CLASSIFICATION('','',#59);
#39=PRODUCT_DEFINITION_FORMATION_WITH_SPECIFIED_SOURCE(' ','NONE',#41,.NOT_KNOWN.);
#40=PRODUCT_DEFINITION('','NONE',#39,#1);
#41=PRODUCT('1','','PART--DESC',(#60));
#42=PRODUCT_DEFINITION_SHAPE('NONE','NONE',#40);
#43=ADVANCED_BREP_SHAPE_REPRESENTATION('1',(#61,#62),#26);
#44=ADVANCED_BREP_SHAPE_REPRESENTATION('2',(#63,#64),#26);
#45=ADVANCED_BREP_SHAPE_REPRESENTATION('3',(#65,#66),#26);
#46=ADVANCED_BREP_SHAPE_REPRESENTATION('4',(#67,#68),#26);
#49=UNCERTAINTY_MEASURE_WITH_UNIT(LENGTH_MEASURE(1.0E-06),#51,'','');
#51= (CONVERSION_BASED_UNIT('MILLIMETRE',#71)LENGTH_UNIT()NAMED_UNIT(#74));
#52= (NAMED_UNIT(#76)PLANE_ANGLE_UNIT()SI_UNIT($,.RADIAN.));
#53= (NAMED_UNIT(#76)SOLID_ANGLE_UNIT()SI_UNIT($,.STERADIAN.));
#55=COORDINATED_UNIVERSAL_TIME_OFFSET(1,0,.AHEAD.);
#56=PERSON('','UNSPECIFIED',$,$,$,$);
#57=ORGANIZATION('UNSPECIFIED','UNSPECIFIED','UNSPECIFIED');
#58=APPROVAL_STATUS('approved');
#59=SECURITY_CLASSIFICATION_LEVEL('unclassified');
#60=MECHANICAL_CONTEXT('',#30,'mechanical');
#61=MANIFOLD_SOLID_BREP('1',#82);
#62=AXIS2_PLACEMENT_3D('',#83,#84,#85);
#63=MANIFOLD_SOLID_BREP('2',#86);
#64=AXIS2_PLACEMENT_3D('',#87,#88,#89);
#65=MANIFOLD_SOLID_BREP('3',#90);
#66=AXIS2_PLACEMENT_3D('',#91,#92,#93);
#67=MANIFOLD_SOLID_BREP('4',#94);
#68=AXIS2_PLACEMENT_3D('',#95,#96,#97);
#71=LENGTH_MEASURE_WITH_UNIT(LENGTH_MEASURE(1.0),#98);
#74=DIMENSIONAL_EXPONENTS(1.0,0.0,0.0,0.0,0.0,0.0,0.0);
#76=DIMENSIONAL_EXPONENTS(0.0,0.0,0.0,0.0,0.0,0.0,0.0);
#82=CLOSED_SHELL('',(#99,#100,#101,#102,#103,#104,#105,#106,#107,#108,#109,#110,#111,#112,#113,#114,#115,#116,#117,#118,#119,#120,#121,#122,#123,#124,#125,#126,#127,#128,#129));
#83=CARTESIAN_POINT('',(0.0,0.0,0.0));
#84=DIRECTION('',(0.0,0.0,1.0));
#85=DIRECTION('',(1.0,0.0,0.0));
#86=CLOSED_SHELL('',(#130,#131,#132,#133,#134,#135,#136,#137,#138,#139,#140,#141,#142,#143,#144,#145,#146,#147,#148,#149,#150,#151,#152,#153,#154,#155,#156,#157,#158,#159,#160,#161,#162,#163,#164,#165,#166,#167,#168,#169,#170,#171,#172,#173,#174,#175,#176,#177,#178,#179,#180,#181,#182,#183,#184,#185,#186,#187,#188,#189,#190,#191,#192,#193,#194,#195,#196,#197,#198,#199,#200,#201,#202,#203,#204,#205,#206,#207,#208,#209,#210,#211,#212,#213,#214,#215,#216,#217,#218,#219,#220,#221,#222,#223,#224,#225,#226,#227,#228,#229,#230,#231,#232,#233,#234,#235,#236,#237,#238,#239,#240,#241,#242,#243,#244,#245,#246,#247,#248,#249,#250,#251,#252,#253,#254,#255,#256,#257,#258,#259,#260,#261,#262,#263,#264,#265,#266,#267,#268,#269,#270,#271,#272,#273,#274,#275,#276,#277,#278,#279,#280,#281,#282,#283,#284,#285,#286,#287,#288,#289,#290,#291,#292,#293,#294,#295,#296,#297,#298,#299,#300,#301,#302,#303,#304,#305,#306,#307,#308,#309,#310,#311,#312));
#87=CARTESIAN_POINT('',(0.0,0.0,0.0));
#88=DIRECTION('',(0.0,0.0,1.0));
#89=DIRECTION('',(1.0,0.0,0.0));
#90=CLOSED_SHELL('',(#313,#314,#315,#316,#317,#318,#319,#320,#321,#322,#323,#324,#325,#326,#327,#328));
#91=CARTESIAN_POINT('',(0.0,0.0,0.0));
#92=DIRECTION('',(0.0,0.0,1.0));
#93=DIRECTION('',(1.0,0.0,0.0));
#94=CLOSED_SHELL('',(#329,#330,#331,#332,#333,#334,#335,#336,#337,#338,#339));
#95=CARTESIAN_POINT('',(0.0,0.0,0.0));
#96=DIRECTION('',(0.0,0.0,1.0));
#97=DIRECTION('',(1.0,0.0,0.0));
#98= (NAMED_UNIT(#74)LENGTH_UNIT()SI_UNIT(.MILLI.,.METRE.));
#99=ADVANCED_FACE('',(#341),#342,.F.);
#100=ADVANCED_FACE('',(#343),#344,.T.);
#101=ADVANCED_FACE('',(#345),#346,.T.);
#102=ADVANCED_FACE('',(#347),#348,.T.);
#103=ADVANCED_FACE('',(#349),#350,.T.);
#104=ADVANCED_FACE('',(#351),#352,.T.);
#105=ADVANCED_FACE('',(#353),#354,.T.);
#106=ADVANCED_FACE('',(#355),#356,.T.);
#107=ADVANCED_FACE('',(#357),#358,.F.);
#108=ADVANCED_FACE('',(#359),#360,.T.);
#109=ADVANCED_FACE('',(#361),#362,.F.);
#110=ADVANCED_FACE('',(#363),#364,.T.);
#111=ADVANCED_FACE('',(#365),#366,.F.);
#112=ADVANCED_FACE('',(#367),#368,.T.);
#113=ADVANCED_FACE('',(#369),#370,.T.);
#114=ADVANCED_FACE('',(#371),#372,.T.);
#115=ADVANCED_FACE('',(#373),#374,.T.);
#116=ADVANCED_FACE('',(#375),#376,.T.);
#117=ADVANCED_FACE('',(#377),#378,.F.);
#118=ADVANCED_FACE('',(#379),#380,.F.);
#119=ADVANCED_FACE('',(#381),#382,.T.);
#120=ADVANCED_FACE('',(#383),#384,.F.);
#121=ADVANCED_FACE('',(#385),#386,.F.);
#122=ADVANCED_FACE('',(#387),#388,.T.);
#123=ADVANCED_FACE('',(#389),#390,.T.);
#124=ADVANCED_FACE('',(#391),#392,.T.);
#125=ADVANCED_FACE('',(#393),#394,.F.);
#126=ADVANCED_FACE('',(#395),#396,.T.);
#127=ADVANCED_FACE('',(#397),#398,.T.);
#128=ADVANCED_FACE('',(#399),#400,.F.);
#129=ADVANCED_FACE('',(#401),#402,.T.);
#130=ADVANCED_FACE('',(#403),#404,.T.);
#131=ADVANCED_FACE('',(#405),#406,.T.);
#132=ADVANCED_FACE('',(#407),#408,.F.);
#133=ADVANCED_FACE('',(#409),#410,.F.);
#134=ADVANCED_FACE('',(#411),#412,.F.);
#135=ADVANCED_FACE('',(#413),#414,.T.);
#136=ADVANCED_FACE('',(#415),#416,.F.);
#137=ADVANCED_FACE('',(#417),#418,.T.);
#138=ADVANCED_FACE('',(#419),#420,.T.);
#139=ADVANCED_FACE('',(#421),#422,.T.);
#140=ADVANCED_FACE('',(#423),#424,.F.);
#141=ADVANCED_FACE('',(#425),#426,.F.);
#142=ADVANCED_FACE('',(#427),#428,.T.);
#143=ADVANCED_FACE('',(#429),#430,.T.);
#144=ADVANCED_FACE('',(#431),#432,.F.);
#145=ADVANCED_FACE('',(#433),#434,.T.);
#146=ADVANCED_FACE('',(#435),#436,.T.);
#147=ADVANCED_FACE('',(#437),#438,.F.);
#148=ADVANCED_FACE('',(#439),#440,.F.);
#149=ADVANCED_FACE('',(#441),#442,.T.);
#150=ADVANCED_FACE('',(#443),#444,.T.);
#151=ADVANCED_FACE('',(#445),#446,.F.);
#152=ADVANCED_FACE('',(#447),#448,.T.);
#153=ADVANCED_FACE('',(#449),#450,.F.);
#154=ADVANCED_FACE('',(#451),#452,.T.);
#155=ADVANCED_FACE('',(#453),#454,.F.);
#156=ADVANCED_FACE('',(#455),#456,.F.);
#157=ADVANCED_FACE('',(#457),#458,.T.);
#158=ADVANCED_FACE('',(#459),#460,.F.);
#159=ADVANCED_FACE('',(#461),#462,.T.);
#160=ADVANCED_FACE('',(#463),#464,.F.);
#161=ADVANCED_FACE('',(#465),#466,.F.);
#162=ADVANCED_FACE('',(#467),#468,.T.);
#163=ADVANCED_FACE('',(#469),#470,.F.);
#164=ADVANCED_FACE('',(#471),#472,.F.);
#165=ADVANCED_FACE('',(#473),#474,.T.);
#166=ADVANCED_FACE('',(#475),#476,.F.);
#167=ADVANCED_FACE('',(#477),#478,.T.);
#168=ADVANCED_FACE('',(#479),#480,.F.);
#169=ADVANCED_FACE('',(#481,#482),#483,.T.);
#170=ADVANCED_FACE('',(#484),#485,.F.);
#171=ADVANCED_FACE('',(#486,#487),#488,.T.);
#172=ADVANCED_FACE('',(#489),#490,.F.);
#173=ADVANCED_FACE('',(#491),#492,.T.);
#174=ADVANCED_FACE('',(#493),#494,.F.);
#175=ADVANCED_FACE('',(#495),#496,.F.);
#176=ADVANCED_FACE('',(#497),#498,.T.);
#177=ADVANCED_FACE('',(#499),#500,.T.);
#178=ADVANCED_FACE('',(#501),#502,.F.);
#179=ADVANCED_FACE('',(#503),#504,.F.);
#180=ADVANCED_FACE('',(#505),#506,.T.);
#181=ADVANCED_FACE('',(#507),#508,.T.);
#182=ADVANCED_FACE('',(#509,#510),#511,.T.);
#183=ADVANCED_FACE('',(#512),#513,.T.);
#184=ADVANCED_FACE('',(#514),#515,.F.);
#185=ADVANCED_FACE('',(#516),#517,.F.);
#186=ADVANCED_FACE('',(#518,#519),#520,.T.);
#187=ADVANCED_FACE('',(#521),#522,.T.);
#188=ADVANCED_FACE('',(#523),#524,.T.);
#189=ADVANCED_FACE('',(#525),#526,.T.);
#190=ADVANCED_FACE('',(#527),#528,.F.);
#191=ADVANCED_FACE('',(#529),#530,.F.);
#192=ADVANCED_FACE('',(#531),#532,.F.);
#193=ADVANCED_FACE('',(#533),#534,.F.);
#194=ADVANCED_FACE('',(#535,#536),#537,.T.);
#195=ADVANCED_FACE('',(#538),#539,.F.);
#196=ADVANCED_FACE('',(#540),#541,.F.);
#197=ADVANCED_FACE('',(#542),#543,.T.);
#198=ADVANCED_FACE('',(#544),#545,.F.);
#199=ADVANCED_FACE('',(#546),#547,.F.);
#200=ADVANCED_FACE('',(#548),#549,.T.);
#201=ADVANCED_FACE('',(#550),#551,.F.);
#202=ADVANCED_FACE('',(#552),#553,.F.);
#203=ADVANCED_FACE('',(#554),#555,.T.);
#204=ADVANCED_FACE('',(#556),#557,.F.);
#205=ADVANCED_FACE('',(#558),#559,.F.);
#206=ADVANCED_FACE('',(#560),#561,.T.);
#207=ADVANCED_FACE('',(#562),#563,.T.);
#208=ADVANCED_FACE('',(#564),#565,.T.);
#209=ADVANCED_FACE('',(#566),#567,.T.);
#210=ADVANCED_FACE('',(#568,#569),#570,.T.);
#211=ADVANCED_FACE('',(#571),#572,.F.);
#212=ADVANCED_FACE('',(#573),#574,.T.);
#213=ADVANCED_FACE('',(#575),#576,.T.);
#214=ADVANCED_FACE('',(#577),#578,.F.);
#215=ADVANCED_FACE('',(#579),#580,.F.);
#216=ADVANCED_FACE('',(#581),#582,.T.);
#217=ADVANCED_FACE('',(#583),#584,.T.);
#218=ADVANCED_FACE('',(#585),#586,.F.);
#219=ADVANCED_FACE('',(#587),#588,.F.);
#220=ADVANCED_FACE('',(#589),#590,.T.);
#221=ADVANCED_FACE('',(#591),#592,.F.);
#222=ADVANCED_FACE('',(#593),#594,.F.);
#223=ADVANCED_FACE('',(#595),#596,.F.);
#224=ADVANCED_FACE('',(#597),#598,.F.);
#225=ADVANCED_FACE('',(#599),#600,.T.);
#226=ADVANCED_FACE('',(#601),#602,.T.);
#227=ADVANCED_FACE('',(#603),#604,.T.);
#228=ADVANCED_FACE('',(#605,#606),#607,.T.);
#229=ADVANCED_FACE('',(#608),#609,.T.);
#230=ADVANCED_FACE('',(#610),#611,.T.);
#231=ADVANCED_FACE('',(#612),#613,.F.);
#232=ADVANCED_FACE('',(#614),#615,.F.);
#233=ADVANCED_FACE('',(#616),#617,.F.);
#234=ADVANCED_FACE('',(#618),#619,.T.);
#235=ADVANCED_FACE('',(#620),#621,.F.);
#236=ADVANCED_FACE('',(#622),#623,.F.);
#237=ADVANCED_FACE('',(#624),#625,.T.);
#238=ADVANCED_FACE('',(#626,#627),#628,.T.);
#239=ADVANCED_FACE('',(#629),#630,.F.);
#240=ADVANCED_FACE('',(#631),#632,.T.);
#241=ADVANCED_FACE('',(#633),#634,.F.);
#242=ADVANCED_FACE('',(#635),#636,.T.);
#243=ADVANCED_FACE('',(#637),#638,.T.);
#244=ADVANCED_FACE('',(#639),#640,.T.);
#245=ADVANCED_FACE('',(#641),#642,.T.);
#246=ADVANCED_FACE('',(#643),#644,.F.);
#247=ADVANCED_FACE('',(#645),#646,.F.);
#248=ADVANCED_FACE('',(#647),#648,.F.);
#249=ADVANCED_FACE('',(#649),#650,.F.);
#250=ADVANCED_FACE('',(#651),#652,.T.);
#251=ADVANCED_FACE('',(#653),#654,.F.);
#252=ADVANCED_FACE('',(#655),#656,.F.);
#253=ADVANCED_FACE('',(#657),#658,.T.);
#254=ADVANCED_FACE('',(#659),#660,.F.);
#255=ADVANCED_FACE('',(#661),#662,.T.);
#256=ADVANCED_FACE('',(#663),#664,.F.);
#257=ADVANCED_FACE('',(#665),#666,.F.);
#258=ADVANCED_FACE('',(#667),#668,.T.);
#259=ADVANCED_FACE('',(#669),#670,.T.);
#260=ADVANCED_FACE('',(#671),#672,.F.);
#261=ADVANCED_FACE('',(#673),#674,.T.);
#262=ADVANCED_FACE('',(#675),#676,.T.);
#263=ADVANCED_FACE('',(#677),#678,.F.);
#264=ADVANCED_FACE('',(#679),#680,.F.);
#265=ADVANCED_FACE('',(#681),#682,.T.);
#266=ADVANCED_FACE('',(#683),#684,.T.);
#267=ADVANCED_FACE('',(#685),#686,.F.);
#268=ADVANCED_FACE('',(#687),#688,.F.);
#269=ADVANCED_FACE('',(#689),#690,.F.);
#270=ADVANCED_FACE('',(#691),#692,.F.);
#271=ADVANCED_FACE('',(#693),#694,.F.);
#272=ADVANCED_FACE('',(#695),#696,.T.);
#273=ADVANCED_FACE('',(#697),#698,.F.);
#274=ADVANCED_FACE('',(#699),#700,.T.);
#275=ADVANCED_FACE('',(#701),#702,.F.);
#276=ADVANCED_FACE('',(#703),#704,.F.);
#277=ADVANCED_FACE('',(#705),#706,.F.);
#278=ADVANCED_FACE('',(#707),#708,.T.);
#279=ADVANCED_FACE('',(#709),#710,.F.);
#280=ADVANCED_FACE('',(#711,#712),#713,.T.);
#281=ADVANCED_FACE('',(#714),#715,.T.);
#282=ADVANCED_FACE('',(#716),#717,.T.);
#283=ADVANCED_FACE('',(#718),#719,.T.);
#284=ADVANCED_FACE('',(#720),#721,.T.);
#285=ADVANCED_FACE('',(#722),#723,.T.);
#286=ADVANCED_FACE('',(#724),#725,.T.);
#287=ADVANCED_FACE('',(#726),#727,.T.);
#288=ADVANCED_FACE('',(#728),#729,.T.);
#289=ADVANCED_FACE('',(#730),#731,.T.);
#290=ADVANCED_FACE('',(#732),#733,.T.);
#291=ADVANCED_FACE('',(#734),#735,.T.);
#292=ADVANCED_FACE('',(#736),#737,.T.);
#293=ADVANCED_FACE('',(#738),#739,.F.);
#294=ADVANCED_FACE('',(#740),#741,.T.);
#295=ADVANCED_FACE('',(#742),#743,.T.);
#296=ADVANCED_FACE('',(#744),#745,.T.);
#297=ADVANCED_FACE('',(#746),#747,.T.);
#298=ADVANCED_FACE('',(#748),#749,.F.);
#299=ADVANCED_FACE('',(#750),#751,.F.);
#300=ADVANCED_FACE('',(#752),#753,.T.);
#301=ADVANCED_FACE('',(#754),#755,.T.);
#302=ADVANCED_FACE('',(#756),#757,.F.);
#303=ADVANCED_FACE('',(#758),#759,.T.);
#304=ADVANCED_FACE('',(#760),#761,.T.);
#305=ADVANCED_FACE('',(#762),#763,.F.);
#306=ADVANCED_FACE('',(#764),#765,.F.);
#307=ADVANCED_FACE('',(#766),#767,.T.);
#308=ADVANCED_FACE('',(#768),#769,.F.);
#309=ADVANCED_FACE('',(#770),#771,.F.);
#310=ADVANCED_FACE('',(#772),#773,.T.);
#311=ADVANCED_FACE('',(#774),#775,.F.);
#312=ADVANCED_FACE('',(#776),#777,.T.);
#313=ADVANCED_FACE('',(#778),#779,.T.);
#314=ADVANCED_FACE('',(#780),#781,.T.);
#315=ADVANCED_FACE('',(#782),#783,.F.);
#316=ADVANCED_FACE('',(#784,#785),#786,.F.);
#317=ADVANCED_FACE('',(#787),#788,.T.);
#318=ADVANCED_FACE('',(#789,#790),#791,.T.);
#319=ADVANCED_FACE('',(#792),#793,.T.);
#320=ADVANCED_FACE('',(#794),#795,.T.);
#321=ADVANCED_FACE('',(#796),#797,.T.);
#322=ADVANCED_FACE('',(#798),#799,.T.);
#323=ADVANCED_FACE('',(#800),#801,.F.);
#324=ADVANCED_FACE('',(#802,#803),#804,.T.);
#325=ADVANCED_FACE('',(#805),#806,.T.);
#326=ADVANCED_FACE('',(#807),#808,.T.);
#327=ADVANCED_FACE('',(#809),#810,.T.);
#328=ADVANCED_FACE('',(#811,#812),#813,.T.);
#329=ADVANCED_FACE('',(#814),#815,.T.);
#330=ADVANCED_FACE('',(#816),#817,.T.);
#331=ADVANCED_FACE('',(#818),#819,.F.);
#332=ADVANCED_FACE('',(#820),#821,.F.);
#333=ADVANCED_FACE('',(#822,#823),#824,.T.);
#334=ADVANCED_FACE('',(#825),#826,.T.);
#335=ADVANCED_FACE('',(#827),#828,.F.);
#336=ADVANCED_FACE('',(#829),#830,.T.);
#337=ADVANCED_FACE('',(#831),#832,.T.);
#338=ADVANCED_FACE('',(#833),#834,.T.);
#339=ADVANCED_FACE('',(#835),#836,.T.);
#341=FACE_OUTER_BOUND('',#837,.T.);
#342=PLANE('',#838);
#343=FACE_OUTER_BOUND('',#839,.T.);
#344=PLANE('',#840);
#345=FACE_OUTER_BOUND('',#841,.T.);
#346=PLANE('',#842);
#347=FACE_OUTER_BOUND('',#843,.T.);
#348=CYLINDRICAL_SURFACE('',#844,1.70000000000013);
#349=FACE_OUTER_BOUND('',#845,.T.);
#350=PLANE('',#846);
#351=FACE_OUTER_BOUND('',#847,.T.);
#352=PLANE('',#848);
#353=FACE_OUTER_BOUND('',#849,.T.);
#354=PLANE('',#850);
#355=FACE_OUTER_BOUND('',#851,.T.);
#356=PLANE('',#852);
#357=FACE_OUTER_BOUND('',#853,.T.);
#358=PLANE('',#854);
#359=FACE_OUTER_BOUND('',#855,.T.);
#360=PLANE('',#856);
#361=FACE_OUTER_BOUND('',#857,.T.);
#362=PLANE('',#858);
#363=FACE_OUTER_BOUND('',#859,.T.);
#364=PLANE('',#860);
#365=FACE_OUTER_BOUND('',#861,.T.);
#366=PLANE('',#862);
#367=FACE_OUTER_BOUND('',#863,.T.);
#368=PLANE('',#864);
#369=FACE_OUTER_BOUND('',#865,.T.);
#370=PLANE('',#866);
#371=FACE_OUTER_BOUND('',#867,.T.);
#372=PLANE('',#868);
#373=FACE_OUTER_BOUND('',#869,.T.);
#374=PLANE('',#870);
#375=FACE_OUTER_BOUND('',#871,.T.);
#376=PLANE('',#872);
#377=FACE_OUTER_BOUND('',#873,.T.);
#378=CYLINDRICAL_SURFACE('',#874,0.5);
#379=FACE_OUTER_BOUND('',#875,.T.);
#380=PLANE('',#876);
#381=FACE_OUTER_BOUND('',#877,.T.);
#382=PLANE('',#878);
#383=FACE_OUTER_BOUND('',#879,.T.);
#384=CYLINDRICAL_SURFACE('',#880,0.5);
#385=FACE_OUTER_BOUND('',#881,.T.);
#386=PLANE('',#882);
#387=FACE_OUTER_BOUND('',#883,.T.);
#388=PLANE('',#884);
#389=FACE_OUTER_BOUND('',#885,.T.);
#390=PLANE('',#886);
#391=FACE_OUTER_BOUND('',#887,.T.);
#392=PLANE('',#888);
#393=FACE_OUTER_BOUND('',#889,.T.);
#394=CYLINDRICAL_SURFACE('',#890,0.79999999999999);
#395=FACE_OUTER_BOUND('',#891,.T.);
#396=PLANE('',#892);
#397=FACE_OUTER_BOUND('',#893,.T.);
#398=PLANE('',#894);
#399=FACE_OUTER_BOUND('',#895,.T.);
#400=PLANE('',#896);
#401=FACE_OUTER_BOUND('',#897,.T.);
#402=PLANE('',#898);
#403=FACE_OUTER_BOUND('',#899,.T.);
#404=PLANE('',#900);
#405=FACE_OUTER_BOUND('',#901,.T.);
#406=PLANE('',#902);
#407=FACE_OUTER_BOUND('',#903,.T.);
#408=PLANE('',#904);
#409=FACE_OUTER_BOUND('',#905,.T.);
#410=PLANE('',#906);
#411=FACE_OUTER_BOUND('',#907,.T.);
#412=PLANE('',#908);
#413=FACE_OUTER_BOUND('',#909,.T.);
#414=PLANE('',#910);
#415=FACE_OUTER_BOUND('',#911,.T.);
#416=PLANE('',#912);
#417=FACE_OUTER_BOUND('',#913,.T.);
#418=PLANE('',#914);
#419=FACE_OUTER_BOUND('',#915,.T.);
#420=PLANE('',#916);
#421=FACE_OUTER_BOUND('',#917,.T.);
#422=PLANE('',#918);
#423=FACE_OUTER_BOUND('',#919,.T.);
#424=PLANE('',#920);
#425=FACE_OUTER_BOUND('',#921,.T.);
#426=CYLINDRICAL_SURFACE('',#922,0.5);
#427=FACE_OUTER_BOUND('',#923,.T.);
#428=PLANE('',#924);
#429=FACE_OUTER_BOUND('',#925,.T.);
#430=PLANE('',#926);
#431=FACE_OUTER_BOUND('',#927,.T.);
#432=CYLINDRICAL_SURFACE('',#928,0.5);
#433=FACE_OUTER_BOUND('',#929,.T.);
#434=PLANE('',#930);
#435=FACE_OUTER_BOUND('',#931,.T.);
#436=PLANE('',#932);
#437=FACE_OUTER_BOUND('',#933,.T.);
#438=CYLINDRICAL_SURFACE('',#934,0.5);
#439=FACE_OUTER_BOUND('',#935,.T.);
#440=CYLINDRICAL_SURFACE('',#936,1.0);
#441=FACE_OUTER_BOUND('',#937,.T.);
#442=PLANE('',#938);
#443=FACE_OUTER_BOUND('',#939,.T.);
#444=PLANE('',#940);
#445=FACE_OUTER_BOUND('',#941,.T.);
#446=CYLINDRICAL_SURFACE('',#942,1.5);
#447=FACE_OUTER_BOUND('',#943,.T.);
#448=CYLINDRICAL_SURFACE('',#944,1.0);
#449=FACE_OUTER_BOUND('',#945,.T.);
#450=PLANE('',#946);
#451=FACE_OUTER_BOUND('',#947,.T.);
#452=PLANE('',#948);
#453=FACE_OUTER_BOUND('',#949,.T.);
#454=CYLINDRICAL_SURFACE('',#950,0.5);
#455=FACE_OUTER_BOUND('',#951,.T.);
#456=CYLINDRICAL_SURFACE('',#952,0.5);
#457=FACE_OUTER_BOUND('',#953,.T.);
#458=PLANE('',#954);
#459=FACE_OUTER_BOUND('',#955,.T.);
#460=CYLINDRICAL_SURFACE('',#956,0.5);
#461=FACE_OUTER_BOUND('',#957,.T.);
#462=PLANE('',#958);
#463=FACE_OUTER_BOUND('',#959,.T.);
#464=PLANE('',#960);
#465=FACE_OUTER_BOUND('',#961,.T.);
#466=CYLINDRICAL_SURFACE('',#962,1.99999999999966);
#467=FACE_OUTER_BOUND('',#963,.T.);
#468=PLANE('',#964);
#469=FACE_OUTER_BOUND('',#965,.T.);
#470=CYLINDRICAL_SURFACE('',#966,0.5);
#471=FACE_OUTER_BOUND('',#967,.T.);
#472=PLANE('',#968);
#473=FACE_OUTER_BOUND('',#969,.T.);
#474=PLANE('',#970);
#475=FACE_OUTER_BOUND('',#971,.T.);
#476=PLANE('',#972);
#477=FACE_OUTER_BOUND('',#973,.T.);
#478=PLANE('',#974);
#479=FACE_OUTER_BOUND('',#975,.T.);
#480=PLANE('',#976);
#481=FACE_OUTER_BOUND('',#977,.T.);
#482=FACE_BOUND('',#978,.T.);
#483=PLANE('',#979);
#484=FACE_OUTER_BOUND('',#980,.T.);
#485=PLANE('',#981);
#486=FACE_OUTER_BOUND('',#982,.T.);
#487=FACE_BOUND('',#983,.T.);
#488=PLANE('',#984);
#489=FACE_OUTER_BOUND('',#985,.T.);
#490=PLANE('',#986);
#491=FACE_OUTER_BOUND('',#987,.T.);
#492=PLANE('',#988);
#493=FACE_OUTER_BOUND('',#989,.T.);
#494=PLANE('',#990);
#495=FACE_OUTER_BOUND('',#991,.T.);
#496=PLANE('',#992);
#497=FACE_OUTER_BOUND('',#993,.T.);
#498=PLANE('',#994);
#499=FACE_OUTER_BOUND('',#995,.T.);
#500=PLANE('',#996);
#501=FACE_OUTER_BOUND('',#997,.T.);
#502=CYLINDRICAL_SURFACE('',#998,0.5);
#503=FACE_OUTER_BOUND('',#999,.T.);
#504=PLANE('',#1000);
#505=FACE_OUTER_BOUND('',#1001,.T.);
#506=PLANE('',#1002);
#507=FACE_OUTER_BOUND('',#1003,.T.);
#508=PLANE('',#1004);
#509=FACE_OUTER_BOUND('',#1005,.T.);
#510=FACE_BOUND('',#1006,.T.);
#511=PLANE('',#1007);
#512=FACE_OUTER_BOUND('',#1008,.T.);
#513=PLANE('',#1009);
#514=FACE_OUTER_BOUND('',#1010,.T.);
#515=CYLINDRICAL_SURFACE('',#1011,1.5);
#516=FACE_OUTER_BOUND('',#1012,.T.);
#517=PLANE('',#1013);
#518=FACE_OUTER_BOUND('',#1014,.T.);
#519=FACE_BOUND('',#1015,.T.);
#520=PLANE('',#1016);
#521=FACE_OUTER_BOUND('',#1017,.T.);
#522=CYLINDRICAL_SURFACE('',#1018,1.5);
#523=FACE_OUTER_BOUND('',#1019,.T.);
#524=PLANE('',#1020);
#525=FACE_OUTER_BOUND('',#1021,.T.);
#526=PLANE('',#1022);
#527=FACE_OUTER_BOUND('',#1023,.T.);
#528=PLANE('',#1024);
#529=FACE_OUTER_BOUND('',#1025,.T.);
#530=PLANE('',#1026);
#531=FACE_OUTER_BOUND('',#1027,.T.);
#532=PLANE('',#1028);
#533=FACE_OUTER_BOUND('',#1029,.T.);
#534=CYLINDRICAL_SURFACE('',#1030,0.5);
#535=FACE_OUTER_BOUND('',#1031,.T.);
#536=FACE_BOUND('',#1032,.T.);
#537=PLANE('',#1033);
#538=FACE_OUTER_BOUND('',#1034,.T.);
#539=PLANE('',#1035);
#540=FACE_OUTER_BOUND('',#1036,.T.);
#541=PLANE('',#1037);
#542=FACE_OUTER_BOUND('',#1038,.T.);
#543=PLANE('',#1039);
#544=FACE_OUTER_BOUND('',#1040,.T.);
#545=PLANE('',#1041);
#546=FACE_OUTER_BOUND('',#1042,.T.);
#547=PLANE('',#1043);
#548=FACE_OUTER_BOUND('',#1044,.T.);
#549=PLANE('',#1045);
#550=FACE_OUTER_BOUND('',#1046,.T.);
#551=PLANE('',#1047);
#552=FACE_OUTER_BOUND('',#1048,.T.);
#553=PLANE('',#1049);
#554=FACE_OUTER_BOUND('',#1050,.T.);
#555=PLANE('',#1051);
#556=FACE_OUTER_BOUND('',#1052,.T.);
#557=PLANE('',#1053);
#558=FACE_OUTER_BOUND('',#1054,.T.);
#559=CYLINDRICAL_SURFACE('',#1055,0.5);
#560=FACE_OUTER_BOUND('',#1056,.T.);
#561=PLANE('',#1057);
#562=FACE_OUTER_BOUND('',#1058,.T.);
#563=PLANE('',#1059);
#564=FACE_OUTER_BOUND('',#1060,.T.);
#565=PLANE('',#1061);
#566=FACE_OUTER_BOUND('',#1062,.T.);
#567=PLANE('',#1063);
#568=FACE_OUTER_BOUND('',#1064,.T.);
#569=FACE_BOUND('',#1065,.T.);
#570=PLANE('',#1066);
#571=FACE_OUTER_BOUND('',#1067,.T.);
#572=PLANE('',#1068);
#573=FACE_OUTER_BOUND('',#1069,.T.);
#574=PLANE('',#1070);
#575=FACE_OUTER_BOUND('',#1071,.T.);
#576=PLANE('',#1072);
#577=FACE_OUTER_BOUND('',#1073,.T.);
#578=PLANE('',#1074);
#579=FACE_OUTER_BOUND('',#1075,.T.);
#580=PLANE('',#1076);
#581=FACE_OUTER_BOUND('',#1077,.T.);
#582=PLANE('',#1078);
#583=FACE_OUTER_BOUND('',#1079,.T.);
#584=PLANE('',#1080);
#585=FACE_OUTER_BOUND('',#1081,.T.);
#586=PLANE('',#1082);
#587=FACE_OUTER_BOUND('',#1083,.T.);
#588=PLANE('',#1084);
#589=FACE_OUTER_BOUND('',#1085,.T.);
#590=PLANE('',#1086);
#591=FACE_OUTER_BOUND('',#1087,.T.);
#592=PLANE('',#1088);
#593=FACE_OUTER_BOUND('',#1089,.T.);
#594=PLANE('',#1090);
#595=FACE_OUTER_BOUND('',#1091,.T.);
#596=PLANE('',#1092);
#597=FACE_OUTER_BOUND('',#1093,.T.);
#598=PLANE('',#1094);
#599=FACE_OUTER_BOUND('',#1095,.T.);
#600=PLANE('',#1096);
#601=FACE_OUTER_BOUND('',#1097,.T.);
#602=PLANE('',#1098);
#603=FACE_OUTER_BOUND('',#1099,.T.);
#604=PLANE('',#1100);
#605=FACE_OUTER_BOUND('',#1101,.T.);
#606=FACE_BOUND('',#1102,.T.);
#607=PLANE('',#1103);
#608=FACE_OUTER_BOUND('',#1104,.T.);
#609=PLANE('',#1105);
#610=FACE_OUTER_BOUND('',#1106,.T.);
#611=PLANE('',#1107);
#612=FACE_OUTER_BOUND('',#1108,.T.);
#613=PLANE('',#1109);
#614=FACE_OUTER_BOUND('',#1110,.T.);
#615=PLANE('',#1111);
#616=FACE_OUTER_BOUND('',#1112,.T.);
#617=PLANE('',#1113);
#618=FACE_OUTER_BOUND('',#1114,.T.);
#619=CYLINDRICAL_SURFACE('',#1115,0.5);
#620=FACE_OUTER_BOUND('',#1116,.T.);
#621=PLANE('',#1117);
#622=FACE_OUTER_BOUND('',#1118,.T.);
#623=PLANE('',#1119);
#624=FACE_OUTER_BOUND('',#1120,.T.);
#625=PLANE('',#1121);
#626=FACE_OUTER_BOUND('',#1122,.T.);
#627=FACE_BOUND('',#1123,.T.);
#628=PLANE('',#1124);
#629=FACE_OUTER_BOUND('',#1125,.T.);
#630=PLANE('',#1126);
#631=FACE_OUTER_BOUND('',#1127,.T.);
#632=PLANE('',#1128);
#633=FACE_OUTER_BOUND('',#1129,.T.);
#634=PLANE('',#1130);
#635=FACE_OUTER_BOUND('',#1131,.T.);
#636=PLANE('',#1132);
#637=FACE_OUTER_BOUND('',#1133,.T.);
#638=PLANE('',#1134);
#639=FACE_OUTER_BOUND('',#1135,.T.);
#640=PLANE('',#1136);
#641=FACE_OUTER_BOUND('',#1137,.T.);
#642=PLANE('',#1138);
#643=FACE_OUTER_BOUND('',#1139,.T.);
#644=PLANE('',#1140);
#645=FACE_OUTER_BOUND('',#1141,.T.);
#646=PLANE('',#1142);
#647=FACE_OUTER_BOUND('',#1143,.T.);
#648=TOROIDAL_SURFACE('',#1144,4.1,0.2);
#649=FACE_OUTER_BOUND('',#1145,.T.);
#650=PLANE('',#1146);
#651=FACE_OUTER_BOUND('',#1147,.T.);
#652=CYLINDRICAL_SURFACE('',#1148,3.9);
#653=FACE_OUTER_BOUND('',#1149,.T.);
#654=PLANE('',#1150);
#655=FACE_OUTER_BOUND('',#1151,.T.);
#656=CYLINDRICAL_SURFACE('',#1152,0.5);
#657=FACE_OUTER_BOUND('',#1153,.T.);
#658=PLANE('',#1154);
#659=FACE_OUTER_BOUND('',#1155,.T.);
#660=PLANE('',#1156);
#661=FACE_OUTER_BOUND('',#1157,.T.);
#662=TOROIDAL_SURFACE('',#1158,3.7,0.2);
#663=FACE_OUTER_BOUND('',#1159,.T.);
#664=CYLINDRICAL_SURFACE('',#1160,0.5);
#665=FACE_OUTER_BOUND('',#1161,.T.);
#666=CYLINDRICAL_SURFACE('',#1162,0.5);
#667=FACE_OUTER_BOUND('',#1163,.T.);
#668=PLANE('',#1164);
#669=FACE_OUTER_BOUND('',#1165,.T.);
#670=PLANE('',#1166);
#671=FACE_OUTER_BOUND('',#1167,.T.);
#672=PLANE('',#1168);
#673=FACE_OUTER_BOUND('',#1169,.T.);
#674=PLANE('',#1170);
#675=FACE_OUTER_BOUND('',#1171,.T.);
#676=PLANE('',#1172);
#677=FACE_OUTER_BOUND('',#1173,.T.);
#678=PLANE('',#1174);
#679=FACE_OUTER_BOUND('',#1175,.T.);
#680=PLANE('',#1176);
#681=FACE_OUTER_BOUND('',#1177,.T.);
#682=PLANE('',#1178);
#683=FACE_OUTER_BOUND('',#1179,.T.);
#684=PLANE('',#1180);
#685=FACE_OUTER_BOUND('',#1181,.T.);
#686=PLANE('',#1182);
#687=FACE_OUTER_BOUND('',#1183,.T.);
#688=PLANE('',#1184);
#689=FACE_OUTER_BOUND('',#1185,.T.);
#690=PLANE('',#1186);
#691=FACE_OUTER_BOUND('',#1187,.T.);
#692=CYLINDRICAL_SURFACE('',#1188,2.6);
#693=FACE_OUTER_BOUND('',#1189,.T.);
#694=PLANE('',#1190);
#695=FACE_OUTER_BOUND('',#1191,.T.);
#696=PLANE('',#1192);
#697=FACE_OUTER_BOUND('',#1193,.T.);
#698=CYLINDRICAL_SURFACE('',#1194,0.5);
#699=FACE_OUTER_BOUND('',#1195,.T.);
#700=PLANE('',#1196);
#701=FACE_OUTER_BOUND('',#1197,.T.);
#702=PLANE('',#1198);
#703=FACE_OUTER_BOUND('',#1199,.T.);
#704=CYLINDRICAL_SURFACE('',#1200,0.5);
#705=FACE_OUTER_BOUND('',#1201,.T.);
#706=CYLINDRICAL_SURFACE('',#1202,1.0);
#707=FACE_OUTER_BOUND('',#1203,.T.);
#708=PLANE('',#1204);
#709=FACE_OUTER_BOUND('',#1205,.T.);
#710=CYLINDRICAL_SURFACE('',#1206,0.5);
#711=FACE_OUTER_BOUND('',#1207,.T.);
#712=FACE_BOUND('',#1208,.T.);
#713=PLANE('',#1209);
#714=FACE_OUTER_BOUND('',#1210,.T.);
#715=PLANE('',#1211);
#716=FACE_OUTER_BOUND('',#1212,.T.);
#717=PLANE('',#1213);
#718=FACE_OUTER_BOUND('',#1214,.T.);
#719=PLANE('',#1215);
#720=FACE_OUTER_BOUND('',#1216,.T.);
#721=PLANE('',#1217);
#722=FACE_OUTER_BOUND('',#1218,.T.);
#723=PLANE('',#1219);
#724=FACE_OUTER_BOUND('',#1220,.T.);
#725=PLANE('',#1221);
#726=FACE_OUTER_BOUND('',#1222,.T.);
#727=PLANE('',#1223);
#728=FACE_OUTER_BOUND('',#1224,.T.);
#729=PLANE('',#1225);
#730=FACE_OUTER_BOUND('',#1226,.T.);
#731=PLANE('',#1227);
#732=FACE_OUTER_BOUND('',#1228,.T.);
#733=PLANE('',#1229);
#734=FACE_OUTER_BOUND('',#1230,.T.);
#735=PLANE('',#1231);
#736=FACE_OUTER_BOUND('',#1232,.T.);
#737=PLANE('',#1233);
#738=FACE_OUTER_BOUND('',#1234,.T.);
#739=PLANE('',#1235);
#740=FACE_OUTER_BOUND('',#1236,.T.);
#741=PLANE('',#1237);
#742=FACE_OUTER_BOUND('',#1238,.T.);
#743=PLANE('',#1239);
#744=FACE_OUTER_BOUND('',#1240,.T.);
#745=PLANE('',#1241);
#746=FACE_OUTER_BOUND('',#1242,.T.);
#747=PLANE('',#1243);
#748=FACE_OUTER_BOUND('',#1244,.T.);
#749=PLANE('',#1245);
#750=FACE_OUTER_BOUND('',#1246,.T.);
#751=PLANE('',#1247);
#752=FACE_OUTER_BOUND('',#1248,.T.);
#753=PLANE('',#1249);
#754=FACE_OUTER_BOUND('',#1250,.T.);
#755=PLANE('',#1251);
#756=FACE_OUTER_BOUND('',#1252,.T.);
#757=PLANE('',#1253);
#758=FACE_OUTER_BOUND('',#1254,.T.);
#759=PLANE('',#1255);
#760=FACE_OUTER_BOUND('',#1256,.T.);
#761=PLANE('',#1257);
#762=FACE_OUTER_BOUND('',#1258,.T.);
#763=PLANE('',#1259);
#764=FACE_OUTER_BOUND('',#1260,.T.);
#765=PLANE('',#1261);
#766=FACE_OUTER_BOUND('',#1262,.T.);
#767=PLANE('',#1263);
#768=FACE_OUTER_BOUND('',#1264,.T.);
#769=CYLINDRICAL_SURFACE('',#1265,2.6);
#770=FACE_OUTER_BOUND('',#1266,.T.);
#771=CYLINDRICAL_SURFACE('',#1267,1.99999999999966);
#772=FACE_OUTER_BOUND('',#1268,.T.);
#773=CYLINDRICAL_SURFACE('',#1269,3.9);
#774=FACE_OUTER_BOUND('',#1270,.T.);
#775=TOROIDAL_SURFACE('',#1271,4.1,0.2);
#776=FACE_OUTER_BOUND('',#1272,.T.);
#777=TOROIDAL_SURFACE('',#1273,3.7,0.2);
#778=FACE_OUTER_BOUND('',#1274,.T.);
#779=PLANE('',#1275);
#780=FACE_OUTER_BOUND('',#1276,.T.);
#781=PLANE('',#1277);
#782=FACE_OUTER_BOUND('',#1278,.T.);
#783=CYLINDRICAL_SURFACE('',#1279,2.0);
#784=FACE_OUTER_BOUND('',#1280,.T.);
#785=FACE_BOUND('',#1281,.T.);
#786=PLANE('',#1282);
#787=FACE_OUTER_BOUND('',#1283,.T.);
#788=PLANE('',#1284);
#789=FACE_OUTER_BOUND('',#1285,.T.);
#790=FACE_BOUND('',#1286,.T.);
#791=PLANE('',#1287);
#792=FACE_OUTER_BOUND('',#1288,.T.);
#793=PLANE('',#1289);
#794=FACE_OUTER_BOUND('',#1290,.T.);
#795=PLANE('',#1291);
#796=FACE_OUTER_BOUND('',#1292,.T.);
#797=PLANE('',#1293);
#798=FACE_OUTER_BOUND('',#1294,.T.);
#799=PLANE('',#1295);
#800=FACE_OUTER_BOUND('',#1296,.T.);
#801=CYLINDRICAL_SURFACE('',#1297,2.0);
#802=FACE_OUTER_BOUND('',#1298,.T.);
#803=FACE_BOUND('',#1299,.T.);
#804=PLANE('',#1300);
#805=FACE_OUTER_BOUND('',#1301,.T.);
#806=PLANE('',#1302);
#807=FACE_OUTER_BOUND('',#1303,.T.);
#808=PLANE('',#1304);
#809=FACE_OUTER_BOUND('',#1305,.T.);
#810=PLANE('',#1306);
#811=FACE_OUTER_BOUND('',#1307,.T.);
#812=FACE_BOUND('',#1308,.T.);
#813=PLANE('',#1309);
#814=FACE_OUTER_BOUND('',#1310,.T.);
#815=PLANE('',#1311);
#816=FACE_OUTER_BOUND('',#1312,.T.);
#817=PLANE('',#1313);
#818=FACE_OUTER_BOUND('',#1314,.T.);
#819=PLANE('',#1315);
#820=FACE_OUTER_BOUND('',#1316,.T.);
#821=PLANE('',#1317);
#822=FACE_OUTER_BOUND('',#1318,.T.);
#823=FACE_BOUND('',#1319,.T.);
#824=PLANE('',#1320);
#825=FACE_OUTER_BOUND('',#1321,.T.);
#826=PLANE('',#1322);
#827=FACE_OUTER_BOUND('',#1323,.T.);
#828=PLANE('',#1324);
#829=FACE_OUTER_BOUND('',#1325,.T.);
#830=CYLINDRICAL_SURFACE('',#1326,2.50216595479662);
#831=FACE_OUTER_BOUND('',#1327,.T.);
#832=CYLINDRICAL_SURFACE('',#1328,2.0);
#833=FACE_OUTER_BOUND('',#1329,.T.);
#834=CYLINDRICAL_SURFACE('',#1330,2.0);
#835=FACE_OUTER_BOUND('',#1331,.T.);
#836=CYLINDRICAL_SURFACE('',#1332,2.50216595479662);
#837=EDGE_LOOP('',(#1333,#1334,#1335,#1336));
#838=AXIS2_PLACEMENT_3D('',#1337,#1338,#1339);
#839=EDGE_LOOP('',(#1340,#1341,#1342,#1343));
#840=AXIS2_PLACEMENT_3D('',#1344,#1345,#1346);
#841=EDGE_LOOP('',(#1347,#1348,#1349,#1350));
#842=AXIS2_PLACEMENT_3D('',#1351,#1352,#1353);
#843=EDGE_LOOP('',(#1354,#1355,#1356,#1357));
#844=AXIS2_PLACEMENT_3D('',#1358,#1359,#1360);
#845=EDGE_LOOP('',(#1361,#1362,#1363,#1364));
#846=AXIS2_PLACEMENT_3D('',#1365,#1366,#1367);
#847=EDGE_LOOP('',(#1368,#1369,#1370,#1371));
#848=AXIS2_PLACEMENT_3D('',#1372,#1373,#1374);
#849=EDGE_LOOP('',(#1375,#1376,#1377,#1378,#1379,#1380,#1381,#1382,#1383,#1384,#1385,#1386,#1387,#1388,#1389,#1390,#1391,#1392,#1393,#1394,#1395,#1396));
#850=AXIS2_PLACEMENT_3D('',#1397,#1398,#1399);
#851=EDGE_LOOP('',(#1400,#1401,#1402,#1403,#1404));
#852=AXIS2_PLACEMENT_3D('',#1405,#1406,#1407);
#853=EDGE_LOOP('',(#1408,#1409,#1410,#1411));
#854=AXIS2_PLACEMENT_3D('',#1412,#1413,#1414);
#855=EDGE_LOOP('',(#1415,#1416,#1417,#1418,#1419));
#856=AXIS2_PLACEMENT_3D('',#1420,#1421,#1422);
#857=EDGE_LOOP('',(#1423,#1424,#1425,#1426,#1427,#1428,#1429,#1430));
#858=AXIS2_PLACEMENT_3D('',#1431,#1432,#1433);
#859=EDGE_LOOP('',(#1434,#1435,#1436,#1437));
#860=AXIS2_PLACEMENT_3D('',#1438,#1439,#1440);
#861=EDGE_LOOP('',(#1441,#1442,#1443,#1444));
#862=AXIS2_PLACEMENT_3D('',#1445,#1446,#1447);
#863=EDGE_LOOP('',(#1448,#1449,#1450,#1451));
#864=AXIS2_PLACEMENT_3D('',#1452,#1453,#1454);
#865=EDGE_LOOP('',(#1455,#1456,#1457,#1458,#1459,#1460,#1461,#1462));
#866=AXIS2_PLACEMENT_3D('',#1463,#1464,#1465);
#867=EDGE_LOOP('',(#1466,#1467,#1468,#1469,#1470,#1471,#1472,#1473,#1474,#1475,#1476,#1477,#1478,#1479));
#868=AXIS2_PLACEMENT_3D('',#1480,#1481,#1482);
#869=EDGE_LOOP('',(#1483,#1484,#1485,#1486,#1487));
#870=AXIS2_PLACEMENT_3D('',#1488,#1489,#1490);
#871=EDGE_LOOP('',(#1491,#1492,#1493,#1494));
#872=AXIS2_PLACEMENT_3D('',#1495,#1496,#1497);
#873=EDGE_LOOP('',(#1498,#1499,#1500,#1501));
#874=AXIS2_PLACEMENT_3D('',#1502,#1503,#1504);
#875=EDGE_LOOP('',(#1505,#1506,#1507,#1508));
#876=AXIS2_PLACEMENT_3D('',#1509,#1510,#1511);
#877=EDGE_LOOP('',(#1512,#1513,#1514,#1515));
#878=AXIS2_PLACEMENT_3D('',#1516,#1517,#1518);
#879=EDGE_LOOP('',(#1519,#1520,#1521,#1522));
#880=AXIS2_PLACEMENT_3D('',#1523,#1524,#1525);
#881=EDGE_LOOP('',(#1526,#1527,#1528,#1529,#1530,#1531,#1532,#1533));
#882=AXIS2_PLACEMENT_3D('',#1534,#1535,#1536);
#883=EDGE_LOOP('',(#1537,#1538,#1539,#1540));
#884=AXIS2_PLACEMENT_3D('',#1541,#1542,#1543);
#885=EDGE_LOOP('',(#1544,#1545,#1546,#1547));
#886=AXIS2_PLACEMENT_3D('',#1548,#1549,#1550);
#887=EDGE_LOOP('',(#1551,#1552,#1553,#1554,#1555));
#888=AXIS2_PLACEMENT_3D('',#1556,#1557,#1558);
#889=EDGE_LOOP('',(#1559,#1560,#1561,#1562,#1563,#1564));
#890=AXIS2_PLACEMENT_3D('',#1565,#1566,#1567);
#891=EDGE_LOOP('',(#1568,#1569,#1570,#1571));
#892=AXIS2_PLACEMENT_3D('',#1572,#1573,#1574);
#893=EDGE_LOOP('',(#1575,#1576,#1577,#1578));
#894=AXIS2_PLACEMENT_3D('',#1579,#1580,#1581);
#895=EDGE_LOOP('',(#1582,#1583,#1584,#1585));
#896=AXIS2_PLACEMENT_3D('',#1586,#1587,#1588);
#897=EDGE_LOOP('',(#1589,#1590,#1591,#1592));
#898=AXIS2_PLACEMENT_3D('',#1593,#1594,#1595);
#899=EDGE_LOOP('',(#1596,#1597,#1598,#1599,#1600,#1601));
#900=AXIS2_PLACEMENT_3D('',#1602,#1603,#1604);
#901=EDGE_LOOP('',(#1605,#1606,#1607));
#902=AXIS2_PLACEMENT_3D('',#1608,#1609,#1610);
#903=EDGE_LOOP('',(#1611,#1612,#1613,#1614,#1615,#1616,#1617));
#904=AXIS2_PLACEMENT_3D('',#1618,#1619,#1620);
#905=EDGE_LOOP('',(#1621,#1622,#1623,#1624));
#906=AXIS2_PLACEMENT_3D('',#1625,#1626,#1627);
#907=EDGE_LOOP('',(#1628,#1629,#1630,#1631));
#908=AXIS2_PLACEMENT_3D('',#1632,#1633,#1634);
#909=EDGE_LOOP('',(#1635,#1636,#1637,#1638));
#910=AXIS2_PLACEMENT_3D('',#1639,#1640,#1641);
#911=EDGE_LOOP('',(#1642,#1643,#1644,#1645,#1646,#1647));
#912=AXIS2_PLACEMENT_3D('',#1648,#1649,#1650);
#913=EDGE_LOOP('',(#1651,#1652,#1653,#1654));
#914=AXIS2_PLACEMENT_3D('',#1655,#1656,#1657);
#915=EDGE_LOOP('',(#1658,#1659,#1660,#1661));
#916=AXIS2_PLACEMENT_3D('',#1662,#1663,#1664);
#917=EDGE_LOOP('',(#1665,#1666,#1667,#1668,#1669,#1670));
#918=AXIS2_PLACEMENT_3D('',#1671,#1672,#1673);
#919=EDGE_LOOP('',(#1674,#1675,#1676,#1677));
#920=AXIS2_PLACEMENT_3D('',#1678,#1679,#1680);
#921=EDGE_LOOP('',(#1681,#1682,#1683,#1684));
#922=AXIS2_PLACEMENT_3D('',#1685,#1686,#1687);
#923=EDGE_LOOP('',(#1688,#1689,#1690,#1691,#1692,#1693,#1694,#1695,#1696,#1697,#1698,#1699));
#924=AXIS2_PLACEMENT_3D('',#1700,#1701,#1702);
#925=EDGE_LOOP('',(#1703,#1704,#1705,#1706,#1707,#1708,#1709,#1710,#1711));
#926=AXIS2_PLACEMENT_3D('',#1712,#1713,#1714);
#927=EDGE_LOOP('',(#1715,#1716,#1717,#1718));
#928=AXIS2_PLACEMENT_3D('',#1719,#1720,#1721);
#929=EDGE_LOOP('',(#1722,#1723,#1724,#1725));
#930=AXIS2_PLACEMENT_3D('',#1726,#1727,#1728);
#931=EDGE_LOOP('',(#1729,#1730,#1731,#1732));
#932=AXIS2_PLACEMENT_3D('',#1733,#1734,#1735);
#933=EDGE_LOOP('',(#1736,#1737,#1738,#1739));
#934=AXIS2_PLACEMENT_3D('',#1740,#1741,#1742);
#935=EDGE_LOOP('',(#1743,#1744,#1745,#1746));
#936=AXIS2_PLACEMENT_3D('',#1747,#1748,#1749);
#937=EDGE_LOOP('',(#1750,#1751,#1752,#1753));
#938=AXIS2_PLACEMENT_3D('',#1754,#1755,#1756);
#939=EDGE_LOOP('',(#1757,#1758,#1759,#1760));
#940=AXIS2_PLACEMENT_3D('',#1761,#1762,#1763);
#941=EDGE_LOOP('',(#1764,#1765,#1766,#1767));
#942=AXIS2_PLACEMENT_3D('',#1768,#1769,#1770);
#943=EDGE_LOOP('',(#1771,#1772,#1773,#1774));
#944=AXIS2_PLACEMENT_3D('',#1775,#1776,#1777);
#945=EDGE_LOOP('',(#1778,#1779,#1780,#1781));
#946=AXIS2_PLACEMENT_3D('',#1782,#1783,#1784);
#947=EDGE_LOOP('',(#1785,#1786,#1787,#1788,#1789,#1790,#1791,#1792));
#948=AXIS2_PLACEMENT_3D('',#1793,#1794,#1795);
#949=EDGE_LOOP('',(#1796,#1797,#1798,#1799,#1800));
#950=AXIS2_PLACEMENT_3D('',#1801,#1802,#1803);
#951=EDGE_LOOP('',(#1804,#1805,#1806,#1807,#1808));
#952=AXIS2_PLACEMENT_3D('',#1809,#1810,#1811);
#953=EDGE_LOOP('',(#1812,#1813,#1814,#1815,#1816,#1817,#1818,#1819,#1820,#1821,#1822,#1823,#1824,#1825,#1826,#1827,#1828,#1829,#1830,#1831));
#954=AXIS2_PLACEMENT_3D('',#1832,#1833,#1834);
#955=EDGE_LOOP('',(#1835,#1836,#1837,#1838));
#956=AXIS2_PLACEMENT_3D('',#1839,#1840,#1841);
#957=EDGE_LOOP('',(#1842,#1843,#1844,#1845));
#958=AXIS2_PLACEMENT_3D('',#1846,#1847,#1848);
#959=EDGE_LOOP('',(#1849,#1850,#1851,#1852));
#960=AXIS2_PLACEMENT_3D('',#1853,#1854,#1855);
#961=EDGE_LOOP('',(#1856,#1857,#1858,#1859));
#962=AXIS2_PLACEMENT_3D('',#1860,#1861,#1862);
#963=EDGE_LOOP('',(#1863,#1864,#1865,#1866));
#964=AXIS2_PLACEMENT_3D('',#1867,#1868,#1869);
#965=EDGE_LOOP('',(#1870,#1871,#1872,#1873));
#966=AXIS2_PLACEMENT_3D('',#1874,#1875,#1876);
#967=EDGE_LOOP('',(#1877,#1878,#1879,#1880,#1881,#1882));
#968=AXIS2_PLACEMENT_3D('',#1883,#1884,#1885);
#969=EDGE_LOOP('',(#1886,#1887,#1888,#1889));
#970=AXIS2_PLACEMENT_3D('',#1890,#1891,#1892);
#971=EDGE_LOOP('',(#1893,#1894,#1895,#1896));
#972=AXIS2_PLACEMENT_3D('',#1897,#1898,#1899);
#973=EDGE_LOOP('',(#1900,#1901,#1902,#1903));
#974=AXIS2_PLACEMENT_3D('',#1904,#1905,#1906);
#975=EDGE_LOOP('',(#1907,#1908,#1909,#1910));
#976=AXIS2_PLACEMENT_3D('',#1911,#1912,#1913);
#977=EDGE_LOOP('',(#1914,#1915,#1916,#1917,#1918,#1919,#1920,#1921,#1922,#1923,#1924,#1925,#1926,#1927));
#978=EDGE_LOOP('',(#1928,#1929,#1930,#1931));
#979=AXIS2_PLACEMENT_3D('',#1932,#1933,#1934);
#980=EDGE_LOOP('',(#1935,#1936,#1937,#1938));
#981=AXIS2_PLACEMENT_3D('',#1939,#1940,#1941);
#982=EDGE_LOOP('',(#1942,#1943,#1944,#1945,#1946,#1947,#1948,#1949,#1950,#1951,#1952,#1953,#1954,#1955,#1956,#1957,#1958,#1959,#1960,#1961,#1962,#1963,#1964,#1965,#1966,#1967));
#983=EDGE_LOOP('',(#1968,#1969,#1970,#1971,#1972,#1973,#1974,#1975));
#984=AXIS2_PLACEMENT_3D('',#1976,#1977,#1978);
#985=EDGE_LOOP('',(#1979,#1980,#1981,#1982));
#986=AXIS2_PLACEMENT_3D('',#1983,#1984,#1985);
#987=EDGE_LOOP('',(#1986,#1987,#1988,#1989,#1990,#1991,#1992,#1993));
#988=AXIS2_PLACEMENT_3D('',#1994,#1995,#1996);
#989=EDGE_LOOP('',(#1997,#1998,#1999,#2000));
#990=AXIS2_PLACEMENT_3D('',#2001,#2002,#2003);
#991=EDGE_LOOP('',(#2004,#2005,#2006,#2007));
#992=AXIS2_PLACEMENT_3D('',#2008,#2009,#2010);
#993=EDGE_LOOP('',(#2011,#2012,#2013,#2014,#2015,#2016,#2017,#2018));
#994=AXIS2_PLACEMENT_3D('',#2019,#2020,#2021);
#995=EDGE_LOOP('',(#2022,#2023,#2024,#2025));
#996=AXIS2_PLACEMENT_3D('',#2026,#2027,#2028);
#997=EDGE_LOOP('',(#2029,#2030,#2031,#2032));
#998=AXIS2_PLACEMENT_3D('',#2033,#2034,#2035);
#999=EDGE_LOOP('',(#2036,#2037,#2038,#2039));
#1000=AXIS2_PLACEMENT_3D('',#2040,#2041,#2042);
#1001=EDGE_LOOP('',(#2043,#2044,#2045,#2046));
#1002=AXIS2_PLACEMENT_3D('',#2047,#2048,#2049);
#1003=EDGE_LOOP('',(#2050,#2051,#2052,#2053));
#1004=AXIS2_PLACEMENT_3D('',#2054,#2055,#2056);
#1005=EDGE_LOOP('',(#2057,#2058,#2059,#2060));
#1006=EDGE_LOOP('',(#2061,#2062));
#1007=AXIS2_PLACEMENT_3D('',#2063,#2064,#2065);
#1008=EDGE_LOOP('',(#2066,#2067,#2068,#2069));
#1009=AXIS2_PLACEMENT_3D('',#2070,#2071,#2072);
#1010=EDGE_LOOP('',(#2073,#2074,#2075,#2076));
#1011=AXIS2_PLACEMENT_3D('',#2077,#2078,#2079);
#1012=EDGE_LOOP('',(#2080,#2081,#2082,#2083,#2084,#2085));
#1013=AXIS2_PLACEMENT_3D('',#2086,#2087,#2088);
#1014=EDGE_LOOP('',(#2089,#2090));
#1015=EDGE_LOOP('',(#2091,#2092));
#1016=AXIS2_PLACEMENT_3D('',#2093,#2094,#2095);
#1017=EDGE_LOOP('',(#2096,#2097,#2098,#2099,#2100));
#1018=AXIS2_PLACEMENT_3D('',#2101,#2102,#2103);
#1019=EDGE_LOOP('',(#2104,#2105,#2106,#2107));
#1020=AXIS2_PLACEMENT_3D('',#2108,#2109,#2110);
#1021=EDGE_LOOP('',(#2111,#2112,#2113,#2114));
#1022=AXIS2_PLACEMENT_3D('',#2115,#2116,#2117);
#1023=EDGE_LOOP('',(#2118,#2119,#2120,#2121));
#1024=AXIS2_PLACEMENT_3D('',#2122,#2123,#2124);
#1025=EDGE_LOOP('',(#2125,#2126,#2127,#2128));
#1026=AXIS2_PLACEMENT_3D('',#2129,#2130,#2131);
#1027=EDGE_LOOP('',(#2132,#2133,#2134,#2135));
#1028=AXIS2_PLACEMENT_3D('',#2136,#2137,#2138);
#1029=EDGE_LOOP('',(#2139,#2140,#2141,#2142));
#1030=AXIS2_PLACEMENT_3D('',#2143,#2144,#2145);
#1031=EDGE_LOOP('',(#2146,#2147,#2148,#2149,#2150,#2151,#2152,#2153,#2154,#2155,#2156,#2157,#2158,#2159,#2160,#2161,#2162,#2163,#2164,#2165,#2166,#2167));
#1032=EDGE_LOOP('',(#2168,#2169,#2170,#2171,#2172,#2173,#2174,#2175));
#1033=AXIS2_PLACEMENT_3D('',#2176,#2177,#2178);
#1034=EDGE_LOOP('',(#2179,#2180,#2181,#2182,#2183,#2184,#2185,#2186));
#1035=AXIS2_PLACEMENT_3D('',#2187,#2188,#2189);
#1036=EDGE_LOOP('',(#2190,#2191,#2192,#2193));
#1037=AXIS2_PLACEMENT_3D('',#2194,#2195,#2196);
#1038=EDGE_LOOP('',(#2197,#2198,#2199,#2200));
#1039=AXIS2_PLACEMENT_3D('',#2201,#2202,#2203);
#1040=EDGE_LOOP('',(#2204,#2205,#2206,#2207));
#1041=AXIS2_PLACEMENT_3D('',#2208,#2209,#2210);
#1042=EDGE_LOOP('',(#2211,#2212,#2213,#2214));
#1043=AXIS2_PLACEMENT_3D('',#2215,#2216,#2217);
#1044=EDGE_LOOP('',(#2218,#2219,#2220,#2221));
#1045=AXIS2_PLACEMENT_3D('',#2222,#2223,#2224);
#1046=EDGE_LOOP('',(#2225,#2226,#2227,#2228));
#1047=AXIS2_PLACEMENT_3D('',#2229,#2230,#2231);
#1048=EDGE_LOOP('',(#2232,#2233,#2234,#2235));
#1049=AXIS2_PLACEMENT_3D('',#2236,#2237,#2238);
#1050=EDGE_LOOP('',(#2239,#2240,#2241,#2242));
#1051=AXIS2_PLACEMENT_3D('',#2243,#2244,#2245);
#1052=EDGE_LOOP('',(#2246,#2247,#2248,#2249));
#1053=AXIS2_PLACEMENT_3D('',#2250,#2251,#2252);
#1054=EDGE_LOOP('',(#2253,#2254,#2255,#2256,#2257));
#1055=AXIS2_PLACEMENT_3D('',#2258,#2259,#2260);
#1056=EDGE_LOOP('',(#2261,#2262,#2263,#2264));
#1057=AXIS2_PLACEMENT_3D('',#2265,#2266,#2267);
#1058=EDGE_LOOP('',(#2268,#2269,#2270,#2271));
#1059=AXIS2_PLACEMENT_3D('',#2272,#2273,#2274);
#1060=EDGE_LOOP('',(#2275,#2276,#2277,#2278));
#1061=AXIS2_PLACEMENT_3D('',#2279,#2280,#2281);
#1062=EDGE_LOOP('',(#2282,#2283,#2284,#2285,#2286,#2287,#2288,#2289,#2290,#2291,#2292,#2293));
#1063=AXIS2_PLACEMENT_3D('',#2294,#2295,#2296);
#1064=EDGE_LOOP('',(#2297,#2298));
#1065=EDGE_LOOP('',(#2299,#2300));
#1066=AXIS2_PLACEMENT_3D('',#2301,#2302,#2303);
#1067=EDGE_LOOP('',(#2304,#2305,#2306,#2307));
#1068=AXIS2_PLACEMENT_3D('',#2308,#2309,#2310);
#1069=EDGE_LOOP('',(#2311,#2312,#2313,#2314,#2315,#2316));
#1070=AXIS2_PLACEMENT_3D('',#2317,#2318,#2319);
#1071=EDGE_LOOP('',(#2320,#2321,#2322,#2323));
#1072=AXIS2_PLACEMENT_3D('',#2324,#2325,#2326);
#1073=EDGE_LOOP('',(#2327,#2328,#2329,#2330));
#1074=AXIS2_PLACEMENT_3D('',#2331,#2332,#2333);
#1075=EDGE_LOOP('',(#2334,#2335,#2336,#2337));
#1076=AXIS2_PLACEMENT_3D('',#2338,#2339,#2340);
#1077=EDGE_LOOP('',(#2341,#2342,#2343,#2344));
#1078=AXIS2_PLACEMENT_3D('',#2345,#2346,#2347);
#1079=EDGE_LOOP('',(#2348,#2349,#2350,#2351,#2352,#2353,#2354,#2355));
#1080=AXIS2_PLACEMENT_3D('',#2356,#2357,#2358);
#1081=EDGE_LOOP('',(#2359,#2360,#2361,#2362,#2363,#2364));
#1082=AXIS2_PLACEMENT_3D('',#2365,#2366,#2367);
#1083=EDGE_LOOP('',(#2368,#2369,#2370,#2371));
#1084=AXIS2_PLACEMENT_3D('',#2372,#2373,#2374);
#1085=EDGE_LOOP('',(#2375,#2376,#2377,#2378,#2379,#2380,#2381));
#1086=AXIS2_PLACEMENT_3D('',#2382,#2383,#2384);
#1087=EDGE_LOOP('',(#2385,#2386,#2387,#2388,#2389));
#1088=AXIS2_PLACEMENT_3D('',#2390,#2391,#2392);
#1089=EDGE_LOOP('',(#2393,#2394,#2395,#2396));
#1090=AXIS2_PLACEMENT_3D('',#2397,#2398,#2399);
#1091=EDGE_LOOP('',(#2400,#2401,#2402,#2403));
#1092=AXIS2_PLACEMENT_3D('',#2404,#2405,#2406);
#1093=EDGE_LOOP('',(#2407,#2408,#2409,#2410,#2411,#2412,#2413,#2414));
#1094=AXIS2_PLACEMENT_3D('',#2415,#2416,#2417);
#1095=EDGE_LOOP('',(#2418,#2419,#2420,#2421,#2422,#2423,#2424,#2425,#2426));
#1096=AXIS2_PLACEMENT_3D('',#2427,#2428,#2429);
#1097=EDGE_LOOP('',(#2430,#2431,#2432,#2433));
#1098=AXIS2_PLACEMENT_3D('',#2434,#2435,#2436);
#1099=EDGE_LOOP('',(#2437,#2438,#2439,#2440,#2441,#2442,#2443,#2444,#2445,#2446,#2447,#2448,#2449,#2450,#2451,#2452));
#1100=AXIS2_PLACEMENT_3D('',#2453,#2454,#2455);
#1101=EDGE_LOOP('',(#2456,#2457,#2458,#2459,#2460,#2461,#2462,#2463,#2464,#2465,#2466,#2467,#2468,#2469));
#1102=EDGE_LOOP('',(#2470,#2471,#2472,#2473));
#1103=AXIS2_PLACEMENT_3D('',#2474,#2475,#2476);
#1104=EDGE_LOOP('',(#2477,#2478,#2479,#2480,#2481,#2482));
#1105=AXIS2_PLACEMENT_3D('',#2483,#2484,#2485);
#1106=EDGE_LOOP('',(#2486,#2487,#2488,#2489));
#1107=AXIS2_PLACEMENT_3D('',#2490,#2491,#2492);
#1108=EDGE_LOOP('',(#2493,#2494,#2495,#2496));
#1109=AXIS2_PLACEMENT_3D('',#2497,#2498,#2499);
#1110=EDGE_LOOP('',(#2500,#2501,#2502,#2503,#2504));
#1111=AXIS2_PLACEMENT_3D('',#2505,#2506,#2507);
#1112=EDGE_LOOP('',(#2508,#2509,#2510,#2511));
#1113=AXIS2_PLACEMENT_3D('',#2512,#2513,#2514);
#1114=EDGE_LOOP('',(#2515,#2516,#2517,#2518));
#1115=AXIS2_PLACEMENT_3D('',#2519,#2520,#2521);
#1116=EDGE_LOOP('',(#2522,#2523,#2524));
#1117=AXIS2_PLACEMENT_3D('',#2525,#2526,#2527);
#1118=EDGE_LOOP('',(#2528,#2529,#2530,#2531,#2532,#2533,#2534,#2535));
#1119=AXIS2_PLACEMENT_3D('',#2536,#2537,#2538);
#1120=EDGE_LOOP('',(#2539,#2540,#2541,#2542));
#1121=AXIS2_PLACEMENT_3D('',#2543,#2544,#2545);
#1122=EDGE_LOOP('',(#2546,#2547,#2548,#2549,#2550,#2551,#2552,#2553,#2554,#2555,#2556,#2557,#2558,#2559,#2560,#2561,#2562,#2563,#2564,#2565));
#1123=EDGE_LOOP('',(#2566,#2567,#2568,#2569,#2570,#2571,#2572,#2573));
#1124=AXIS2_PLACEMENT_3D('',#2574,#2575,#2576);
#1125=EDGE_LOOP('',(#2577,#2578,#2579,#2580));
#1126=AXIS2_PLACEMENT_3D('',#2581,#2582,#2583);
#1127=EDGE_LOOP('',(#2584,#2585,#2586,#2587,#2588,#2589,#2590,#2591,#2592,#2593,#2594,#2595));
#1128=AXIS2_PLACEMENT_3D('',#2596,#2597,#2598);
#1129=EDGE_LOOP('',(#2599,#2600,#2601,#2602));
#1130=AXIS2_PLACEMENT_3D('',#2603,#2604,#2605);
#1131=EDGE_LOOP('',(#2606,#2607,#2608,#2609));
#1132=AXIS2_PLACEMENT_3D('',#2610,#2611,#2612);
#1133=EDGE_LOOP('',(#2613,#2614,#2615,#2616));
#1134=AXIS2_PLACEMENT_3D('',#2617,#2618,#2619);
#1135=EDGE_LOOP('',(#2620,#2621,#2622,#2623,#2624,#2625,#2626));
#1136=AXIS2_PLACEMENT_3D('',#2627,#2628,#2629);
#1137=EDGE_LOOP('',(#2630,#2631,#2632,#2633));
#1138=AXIS2_PLACEMENT_3D('',#2634,#2635,#2636);
#1139=EDGE_LOOP('',(#2637,#2638,#2639,#2640,#2641,#2642));
#1140=AXIS2_PLACEMENT_3D('',#2643,#2644,#2645);
#1141=EDGE_LOOP('',(#2646,#2647,#2648,#2649));
#1142=AXIS2_PLACEMENT_3D('',#2650,#2651,#2652);
#1143=EDGE_LOOP('',(#2653,#2654,#2655,#2656,#2657));
#1144=AXIS2_PLACEMENT_3D('',#2658,#2659,#2660);
#1145=EDGE_LOOP('',(#2661,#2662,#2663,#2664,#2665,#2666,#2667,#2668,#2669,#2670,#2671,#2672));
#1146=AXIS2_PLACEMENT_3D('',#2673,#2674,#2675);
#1147=EDGE_LOOP('',(#2676,#2677,#2678,#2679,#2680,#2681));
#1148=AXIS2_PLACEMENT_3D('',#2682,#2683,#2684);
#1149=EDGE_LOOP('',(#2685,#2686,#2687,#2688,#2689,#2690,#2691,#2692));
#1150=AXIS2_PLACEMENT_3D('',#2693,#2694,#2695);
#1151=EDGE_LOOP('',(#2696,#2697,#2698,#2699));
#1152=AXIS2_PLACEMENT_3D('',#2700,#2701,#2702);
#1153=EDGE_LOOP('',(#2703,#2704,#2705,#2706,#2707));
#1154=AXIS2_PLACEMENT_3D('',#2708,#2709,#2710);
#1155=EDGE_LOOP('',(#2711,#2712,#2713,#2714,#2715,#2716,#2717,#2718));
#1156=AXIS2_PLACEMENT_3D('',#2719,#2720,#2721);
#1157=EDGE_LOOP('',(#2722,#2723,#2724,#2725,#2726));
#1158=AXIS2_PLACEMENT_3D('',#2727,#2728,#2729);
#1159=EDGE_LOOP('',(#2730,#2731,#2732,#2733));
#1160=AXIS2_PLACEMENT_3D('',#2734,#2735,#2736);
#1161=EDGE_LOOP('',(#2737,#2738,#2739,#2740));
#1162=AXIS2_PLACEMENT_3D('',#2741,#2742,#2743);
#1163=EDGE_LOOP('',(#2744,#2745,#2746,#2747,#2748,#2749,#2750,#2751,#2752,#2753,#2754,#2755));
#1164=AXIS2_PLACEMENT_3D('',#2756,#2757,#2758);
#1165=EDGE_LOOP('',(#2759,#2760,#2761,#2762));
#1166=AXIS2_PLACEMENT_3D('',#2763,#2764,#2765);
#1167=EDGE_LOOP('',(#2766,#2767,#2768,#2769));
#1168=AXIS2_PLACEMENT_3D('',#2770,#2771,#2772);
#1169=EDGE_LOOP('',(#2773,#2774,#2775,#2776));
#1170=AXIS2_PLACEMENT_3D('',#2777,#2778,#2779);
#1171=EDGE_LOOP('',(#2780,#2781,#2782,#2783));
#1172=AXIS2_PLACEMENT_3D('',#2784,#2785,#2786);
#1173=EDGE_LOOP('',(#2787,#2788,#2789,#2790,#2791,#2792,#2793,#2794,#2795,#2796,#2797,#2798,#2799,#2800,#2801,#2802));
#1174=AXIS2_PLACEMENT_3D('',#2803,#2804,#2805);
#1175=EDGE_LOOP('',(#2806,#2807,#2808,#2809));
#1176=AXIS2_PLACEMENT_3D('',#2810,#2811,#2812);
#1177=EDGE_LOOP('',(#2813,#2814,#2815,#2816,#2817));
#1178=AXIS2_PLACEMENT_3D('',#2818,#2819,#2820);
#1179=EDGE_LOOP('',(#2821,#2822,#2823,#2824));
#1180=AXIS2_PLACEMENT_3D('',#2825,#2826,#2827);
#1181=EDGE_LOOP('',(#2828,#2829,#2830,#2831));
#1182=AXIS2_PLACEMENT_3D('',#2832,#2833,#2834);
#1183=EDGE_LOOP('',(#2835,#2836,#2837,#2838));
#1184=AXIS2_PLACEMENT_3D('',#2839,#2840,#2841);
#1185=EDGE_LOOP('',(#2842,#2843,#2844,#2845,#2846,#2847,#2848,#2849));
#1186=AXIS2_PLACEMENT_3D('',#2850,#2851,#2852);
#1187=EDGE_LOOP('',(#2853,#2854,#2855,#2856));
#1188=AXIS2_PLACEMENT_3D('',#2857,#2858,#2859);
#1189=EDGE_LOOP('',(#2860,#2861,#2862,#2863));
#1190=AXIS2_PLACEMENT_3D('',#2864,#2865,#2866);
#1191=EDGE_LOOP('',(#2867,#2868,#2869,#2870));
#1192=AXIS2_PLACEMENT_3D('',#2871,#2872,#2873);
#1193=EDGE_LOOP('',(#2874,#2875,#2876,#2877));
#1194=AXIS2_PLACEMENT_3D('',#2878,#2879,#2880);
#1195=EDGE_LOOP('',(#2881,#2882,#2883,#2884));
#1196=AXIS2_PLACEMENT_3D('',#2885,#2886,#2887);
#1197=EDGE_LOOP('',(#2888,#2889,#2890,#2891));
#1198=AXIS2_PLACEMENT_3D('',#2892,#2893,#2894);
#1199=EDGE_LOOP('',(#2895,#2896,#2897,#2898,#2899));
#1200=AXIS2_PLACEMENT_3D('',#2900,#2901,#2902);
#1201=EDGE_LOOP('',(#2903,#2904,#2905,#2906));
#1202=AXIS2_PLACEMENT_3D('',#2907,#2908,#2909);
#1203=EDGE_LOOP('',(#2910,#2911,#2912,#2913));
#1204=AXIS2_PLACEMENT_3D('',#2914,#2915,#2916);
#1205=EDGE_LOOP('',(#2917,#2918,#2919,#2920));
#1206=AXIS2_PLACEMENT_3D('',#2921,#2922,#2923);
#1207=EDGE_LOOP('',(#2924,#2925,#2926,#2927,#2928,#2929,#2930,#2931,#2932,#2933));
#1208=EDGE_LOOP('',(#2934,#2935,#2936,#2937));
#1209=AXIS2_PLACEMENT_3D('',#2938,#2939,#2940);
#1210=EDGE_LOOP('',(#2941,#2942,#2943,#2944,#2945,#2946,#2947,#2948));
#1211=AXIS2_PLACEMENT_3D('',#2949,#2950,#2951);
#1212=EDGE_LOOP('',(#2952,#2953,#2954,#2955,#2956,#2957));
#1213=AXIS2_PLACEMENT_3D('',#2958,#2959,#2960);
#1214=EDGE_LOOP('',(#2961,#2962,#2963,#2964));
#1215=AXIS2_PLACEMENT_3D('',#2965,#2966,#2967);
#1216=EDGE_LOOP('',(#2968,#2969,#2970,#2971,#2972,#2973,#2974,#2975));
#1217=AXIS2_PLACEMENT_3D('',#2976,#2977,#2978);
#1218=EDGE_LOOP('',(#2979,#2980,#2981,#2982));
#1219=AXIS2_PLACEMENT_3D('',#2983,#2984,#2985);
#1220=EDGE_LOOP('',(#2986,#2987,#2988,#2989));
#1221=AXIS2_PLACEMENT_3D('',#2990,#2991,#2992);
#1222=EDGE_LOOP('',(#2993,#2994,#2995,#2996));
#1223=AXIS2_PLACEMENT_3D('',#2997,#2998,#2999);
#1224=EDGE_LOOP('',(#3000,#3001,#3002,#3003));
#1225=AXIS2_PLACEMENT_3D('',#3004,#3005,#3006);
#1226=EDGE_LOOP('',(#3007,#3008,#3009,#3010));
#1227=AXIS2_PLACEMENT_3D('',#3011,#3012,#3013);
#1228=EDGE_LOOP('',(#3014,#3015,#3016,#3017));
#1229=AXIS2_PLACEMENT_3D('',#3018,#3019,#3020);
#1230=EDGE_LOOP('',(#3021,#3022,#3023,#3024));
#1231=AXIS2_PLACEMENT_3D('',#3025,#3026,#3027);
#1232=EDGE_LOOP('',(#3028,#3029,#3030,#3031));
#1233=AXIS2_PLACEMENT_3D('',#3032,#3033,#3034);
#1234=EDGE_LOOP('',(#3035,#3036,#3037,#3038));
#1235=AXIS2_PLACEMENT_3D('',#3039,#3040,#3041);
#1236=EDGE_LOOP('',(#3042,#3043,#3044,#3045));
#1237=AXIS2_PLACEMENT_3D('',#3046,#3047,#3048);
#1238=EDGE_LOOP('',(#3049,#3050,#3051,#3052));
#1239=AXIS2_PLACEMENT_3D('',#3053,#3054,#3055);
#1240=EDGE_LOOP('',(#3056,#3057,#3058,#3059));
#1241=AXIS2_PLACEMENT_3D('',#3060,#3061,#3062);
#1242=EDGE_LOOP('',(#3063,#3064,#3065,#3066));
#1243=AXIS2_PLACEMENT_3D('',#3067,#3068,#3069);
#1244=EDGE_LOOP('',(#3070,#3071,#3072,#3073,#3074,#3075));
#1245=AXIS2_PLACEMENT_3D('',#3076,#3077,#3078);
#1246=EDGE_LOOP('',(#3079,#3080,#3081,#3082));
#1247=AXIS2_PLACEMENT_3D('',#3083,#3084,#3085);
#1248=EDGE_LOOP('',(#3086,#3087,#3088,#3089,#3090,#3091,#3092,#3093));
#1249=AXIS2_PLACEMENT_3D('',#3094,#3095,#3096);
#1250=EDGE_LOOP('',(#3097,#3098,#3099,#3100));
#1251=AXIS2_PLACEMENT_3D('',#3101,#3102,#3103);
#1252=EDGE_LOOP('',(#3104,#3105,#3106,#3107,#3108,#3109,#3110,#3111));
#1253=AXIS2_PLACEMENT_3D('',#3112,#3113,#3114);
#1254=EDGE_LOOP('',(#3115,#3116,#3117,#3118));
#1255=AXIS2_PLACEMENT_3D('',#3119,#3120,#3121);
#1256=EDGE_LOOP('',(#3122,#3123,#3124,#3125));
#1257=AXIS2_PLACEMENT_3D('',#3126,#3127,#3128);
#1258=EDGE_LOOP('',(#3129,#3130,#3131,#3132));
#1259=AXIS2_PLACEMENT_3D('',#3133,#3134,#3135);
#1260=EDGE_LOOP('',(#3136,#3137,#3138,#3139));
#1261=AXIS2_PLACEMENT_3D('',#3140,#3141,#3142);
#1262=EDGE_LOOP('',(#3143,#3144,#3145,#3146));
#1263=AXIS2_PLACEMENT_3D('',#3147,#3148,#3149);
#1264=EDGE_LOOP('',(#3150,#3151,#3152,#3153));
#1265=AXIS2_PLACEMENT_3D('',#3154,#3155,#3156);
#1266=EDGE_LOOP('',(#3157,#3158,#3159,#3160));
#1267=AXIS2_PLACEMENT_3D('',#3161,#3162,#3163);
#1268=EDGE_LOOP('',(#3164,#3165,#3166,#3167,#3168,#3169));
#1269=AXIS2_PLACEMENT_3D('',#3170,#3171,#3172);
#1270=EDGE_LOOP('',(#3173,#3174,#3175,#3176,#3177));
#1271=AXIS2_PLACEMENT_3D('',#3178,#3179,#3180);
#1272=EDGE_LOOP('',(#3181,#3182,#3183,#3184,#3185));
#1273=AXIS2_PLACEMENT_3D('',#3186,#3187,#3188);
#1274=EDGE_LOOP('',(#3189,#3190,#3191,#3192));
#1275=AXIS2_PLACEMENT_3D('',#3193,#3194,#3195);
#1276=EDGE_LOOP('',(#3196,#3197,#3198,#3199));
#1277=AXIS2_PLACEMENT_3D('',#3200,#3201,#3202);
#1278=EDGE_LOOP('',(#3203,#3204,#3205,#3206));
#1279=AXIS2_PLACEMENT_3D('',#3207,#3208,#3209);
#1280=EDGE_LOOP('',(#3210,#3211,#3212,#3213,#3214,#3215,#3216,#3217));
#1281=EDGE_LOOP('',(#3218,#3219,#3220,#3221));
#1282=AXIS2_PLACEMENT_3D('',#3222,#3223,#3224);
#1283=EDGE_LOOP('',(#3225,#3226,#3227,#3228));
#1284=AXIS2_PLACEMENT_3D('',#3229,#3230,#3231);
#1285=EDGE_LOOP('',(#3232,#3233,#3234,#3235));
#1286=EDGE_LOOP('',(#3236,#3237));
#1287=AXIS2_PLACEMENT_3D('',#3238,#3239,#3240);
#1288=EDGE_LOOP('',(#3241,#3242,#3243,#3244));
#1289=AXIS2_PLACEMENT_3D('',#3245,#3246,#3247);
#1290=EDGE_LOOP('',(#3248,#3249,#3250,#3251));
#1291=AXIS2_PLACEMENT_3D('',#3252,#3253,#3254);
#1292=EDGE_LOOP('',(#3255,#3256,#3257,#3258));
#1293=AXIS2_PLACEMENT_3D('',#3259,#3260,#3261);
#1294=EDGE_LOOP('',(#3262,#3263,#3264,#3265));
#1295=AXIS2_PLACEMENT_3D('',#3266,#3267,#3268);
#1296=EDGE_LOOP('',(#3269,#3270,#3271,#3272));
#1297=AXIS2_PLACEMENT_3D('',#3273,#3274,#3275);
#1298=EDGE_LOOP('',(#3276,#3277,#3278,#3279));
#1299=EDGE_LOOP('',(#3280,#3281));
#1300=AXIS2_PLACEMENT_3D('',#3282,#3283,#3284);
#1301=EDGE_LOOP('',(#3285,#3286,#3287,#3288));
#1302=AXIS2_PLACEMENT_3D('',#3289,#3290,#3291);
#1303=EDGE_LOOP('',(#3292,#3293,#3294,#3295));
#1304=AXIS2_PLACEMENT_3D('',#3296,#3297,#3298);
#1305=EDGE_LOOP('',(#3299,#3300,#3301,#3302));
#1306=AXIS2_PLACEMENT_3D('',#3303,#3304,#3305);
#1307=EDGE_LOOP('',(#3306,#3307,#3308,#3309,#3310,#3311,#3312,#3313));
#1308=EDGE_LOOP('',(#3314,#3315,#3316,#3317));
#1309=AXIS2_PLACEMENT_3D('',#3318,#3319,#3320);
#1310=EDGE_LOOP('',(#3321,#3322,#3323));
#1311=AXIS2_PLACEMENT_3D('',#3324,#3325,#3326);
#1312=EDGE_LOOP('',(#3327,#3328));
#1313=AXIS2_PLACEMENT_3D('',#3329,#3330,#3331);
#1314=EDGE_LOOP('',(#3332,#3333,#3334,#3335));
#1315=AXIS2_PLACEMENT_3D('',#3336,#3337,#3338);
#1316=EDGE_LOOP('',(#3339,#3340,#3341,#3342));
#1317=AXIS2_PLACEMENT_3D('',#3343,#3344,#3345);
#1318=EDGE_LOOP('',(#3346,#3347));
#1319=EDGE_LOOP('',(#3348,#3349));
#1320=AXIS2_PLACEMENT_3D('',#3350,#3351,#3352);
#1321=EDGE_LOOP('',(#3353,#3354,#3355));
#1322=AXIS2_PLACEMENT_3D('',#3356,#3357,#3358);
#1323=EDGE_LOOP('',(#3359,#3360,#3361,#3362));
#1324=AXIS2_PLACEMENT_3D('',#3363,#3364,#3365);
#1325=EDGE_LOOP('',(#3366,#3367,#3368,#3369,#3370,#3371,#3372,#3373));
#1326=AXIS2_PLACEMENT_3D('',#3374,#3375,#3376);
#1327=EDGE_LOOP('',(#3377,#3378,#3379,#3380));
#1328=AXIS2_PLACEMENT_3D('',#3381,#3382,#3383);
#1329=EDGE_LOOP('',(#3384,#3385,#3386,#3387));
#1330=AXIS2_PLACEMENT_3D('',#3388,#3389,#3390);
#1331=EDGE_LOOP('',(#3391,#3392,#3393,#3394,#3395,#3396,#3397,#3398));
#1332=AXIS2_PLACEMENT_3D('',#3399,#3400,#3401);
#1333=ORIENTED_EDGE('',*,*,#3402,.F.);
#1334=ORIENTED_EDGE('',*,*,#3403,.F.);
#1335=ORIENTED_EDGE('',*,*,#3404,.F.);
#1336=ORIENTED_EDGE('',*,*,#3405,.F.);
#1337=CARTESIAN_POINT('',(0.179998663616999,14.930524000002,4.6499175463511));
#1338=DIRECTION('',(0.0,0.0,1.0));
#1339=DIRECTION('',(-1.0,0.0,0.0));
#1340=ORIENTED_EDGE('',*,*,#3406,.F.);
#1341=ORIENTED_EDGE('',*,*,#3407,.F.);
#1342=ORIENTED_EDGE('',*,*,#3408,.F.);
#1343=ORIENTED_EDGE('',*,*,#3409,.T.);
#1344=CARTESIAN_POINT('',(6.48000106361671,16.2700000000036,0.999999999999897));
#1345=DIRECTION('',(-1.0,5.0443589739788E-28,3.58114384649083E-41));
#1346=DIRECTION('',(5.0443589739788E-28,1.0,0.0));
#1347=ORIENTED_EDGE('',*,*,#3410,.T.);
#1348=ORIENTED_EDGE('',*,*,#3411,.F.);
#1349=ORIENTED_EDGE('',*,*,#3412,.F.);
#1350=ORIENTED_EDGE('',*,*,#3413,.F.);
#1351=CARTESIAN_POINT('',(7.48000106361702,17.1700000000013,3.0499175463494));
#1352=DIRECTION('',(1.0,1.17456847358913E-27,-1.11022302462516E-16));
#1353=DIRECTION('',(1.11022302462516E-16,0.0,1.0));
#1354=ORIENTED_EDGE('',*,*,#3414,.F.);
#1355=ORIENTED_EDGE('',*,*,#3415,.T.);
#1356=ORIENTED_EDGE('',*,*,#3416,.T.);
#1357=ORIENTED_EDGE('',*,*,#3417,.F.);
#1358=CARTESIAN_POINT('',(8.98001489549708,15.4700000000029,12.8500824536447));
#1359=DIRECTION('',(1.0,-2.42439180678997E-46,-7.105427357601E-15));
#1360=DIRECTION('',(4.35081943503005E-31,-1.0,6.12323399573677E-17));
#1361=ORIENTED_EDGE('',*,*,#3418,.F.);
#1362=ORIENTED_EDGE('',*,*,#3419,.F.);
#1363=ORIENTED_EDGE('',*,*,#3420,.F.);
#1364=ORIENTED_EDGE('',*,*,#3421,.F.);
#1365=CARTESIAN_POINT('',(8.98001489549709,6.1362187927187,14.2371543862111));
#1366=DIRECTION('',(4.07550570252395E-15,-0.819152044288998,0.573576436351038));
#1367=DIRECTION('',(1.0,4.97527379799361E-15,0.0));
#1368=ORIENTED_EDGE('',*,*,#3422,.F.);
#1369=ORIENTED_EDGE('',*,*,#3423,.T.);
#1370=ORIENTED_EDGE('',*,*,#3424,.F.);
#1371=ORIENTED_EDGE('',*,*,#3425,.F.);
#1372=CARTESIAN_POINT('',(-7.6799989363829,6.627435000002,-4.9500824536489));
#1373=DIRECTION('',(0.0,0.0,-1.0));
#1374=DIRECTION('',(0.0,-1.0,0.0));
#1375=ORIENTED_EDGE('',*,*,#3426,.T.);
#1376=ORIENTED_EDGE('',*,*,#3427,.F.);
#1377=ORIENTED_EDGE('',*,*,#3410,.F.);
#1378=ORIENTED_EDGE('',*,*,#3428,.F.);
#1379=ORIENTED_EDGE('',*,*,#3423,.F.);
#1380=ORIENTED_EDGE('',*,*,#3429,.F.);
#1381=ORIENTED_EDGE('',*,*,#3409,.F.);
#1382=ORIENTED_EDGE('',*,*,#3430,.T.);
#1383=ORIENTED_EDGE('',*,*,#3431,.F.);
#1384=ORIENTED_EDGE('',*,*,#3432,.F.);
#1385=ORIENTED_EDGE('',*,*,#3433,.F.);
#1386=ORIENTED_EDGE('',*,*,#3434,.T.);
#1387=ORIENTED_EDGE('',*,*,#3435,.F.);
#1388=ORIENTED_EDGE('',*,*,#3436,.T.);
#1389=ORIENTED_EDGE('',*,*,#3437,.T.);
#1390=ORIENTED_EDGE('',*,*,#3438,.F.);
#1391=ORIENTED_EDGE('',*,*,#3439,.F.);
#1392=ORIENTED_EDGE('',*,*,#3440,.F.);
#1393=ORIENTED_EDGE('',*,*,#3441,.T.);
#1394=ORIENTED_EDGE('',*,*,#3416,.F.);
#1395=ORIENTED_EDGE('',*,*,#3442,.T.);
#1396=ORIENTED_EDGE('',*,*,#3443,.F.);
#1397=CARTESIAN_POINT('',(10.9800010636168,17.1700000000025,10.3527690917677));
#1398=DIRECTION('',(-1.19321241761436E-27,1.0,-1.67929718729433E-13));
#1399=DIRECTION('',(0.0,-1.67929718729433E-13,-1.0));
#1400=ORIENTED_EDGE('',*,*,#3444,.F.);
#1401=ORIENTED_EDGE('',*,*,#3404,.T.);
#1402=ORIENTED_EDGE('',*,*,#3445,.T.);
#1403=ORIENTED_EDGE('',*,*,#3446,.T.);
#1404=ORIENTED_EDGE('',*,*,#3438,.T.);
#1405=CARTESIAN_POINT('',(1.7209758057599,16.2700000000031,5.4089428042091));
#1406=DIRECTION('',(-0.707106781186548,1.25607396694702E-13,-0.707106781186548));
#1407=DIRECTION('',(0.0,-1.0,-1.77635683940025E-13));
#1408=ORIENTED_EDGE('',*,*,#3447,.F.);
#1409=ORIENTED_EDGE('',*,*,#3448,.F.);
#1410=ORIENTED_EDGE('',*,*,#3426,.F.);
#1411=ORIENTED_EDGE('',*,*,#3449,.F.);
#1412=CARTESIAN_POINT('',(8.63000106361716,4.4068068213782,10.5500000000004));
#1413=DIRECTION('',(-1.0,3.8774091213421E-26,2.27373675443219E-13));
#1414=DIRECTION('',(2.27373675443219E-13,0.0,1.0));
#1415=ORIENTED_EDGE('',*,*,#3440,.T.);
#1416=ORIENTED_EDGE('',*,*,#3450,.F.);
#1417=ORIENTED_EDGE('',*,*,#3451,.T.);
#1418=ORIENTED_EDGE('',*,*,#3452,.F.);
#1419=ORIENTED_EDGE('',*,*,#3453,.F.);
#1420=CARTESIAN_POINT('',(0.9875248214728,16.2700000000022,10.5574413042076));
#1421=DIRECTION('',(-0.707106781186547,-1.25607396694702E-13,0.707106781186548));
#1422=DIRECTION('',(1.77635683940025E-13,-1.0,0.0));
#1423=ORIENTED_EDGE('',*,*,#3418,.T.);
#1424=ORIENTED_EDGE('',*,*,#3454,.T.);
#1425=ORIENTED_EDGE('',*,*,#3455,.T.);
#1426=ORIENTED_EDGE('',*,*,#3456,.T.);
#1427=ORIENTED_EDGE('',*,*,#3457,.T.);
#1428=ORIENTED_EDGE('',*,*,#3442,.F.);
#1429=ORIENTED_EDGE('',*,*,#3415,.F.);
#1430=ORIENTED_EDGE('',*,*,#3458,.T.);
#1431=CARTESIAN_POINT('',(7.4800010636171,4.4068068213781,10.0500000000003));
#1432=DIRECTION('',(-1.0,0.0,0.0));
#1433=DIRECTION('',(0.0,0.0,1.0));
#1434=ORIENTED_EDGE('',*,*,#3439,.T.);
#1435=ORIENTED_EDGE('',*,*,#3446,.F.);
#1436=ORIENTED_EDGE('',*,*,#3459,.T.);
#1437=ORIENTED_EDGE('',*,*,#3450,.T.);
#1438=CARTESIAN_POINT('',(1.3300010636171,16.2700000000022,10.5484450620664));
#1439=DIRECTION('',(-1.0,0.0,0.0));
#1440=DIRECTION('',(0.0,0.0,1.0));
#1441=ORIENTED_EDGE('',*,*,#3444,.T.);
#1442=ORIENTED_EDGE('',*,*,#3437,.F.);
#1443=ORIENTED_EDGE('',*,*,#3460,.F.);
#1444=ORIENTED_EDGE('',*,*,#3461,.T.);
#1445=CARTESIAN_POINT('',(2.4800010636167,17.1700000000039,0.950042149085402));
#1446=DIRECTION('',(1.0,0.0,0.0));
#1447=DIRECTION('',(0.0,1.0,0.0));
#1448=ORIENTED_EDGE('',*,*,#3435,.T.);
#1449=ORIENTED_EDGE('',*,*,#3462,.T.);
#1450=ORIENTED_EDGE('',*,*,#3463,.F.);
#1451=ORIENTED_EDGE('',*,*,#3464,.T.);
#1452=CARTESIAN_POINT('',(3.48000106361702,17.17,-4.9500824536506));
#1453=DIRECTION('',(2.00375825674446E-40,-1.67929718729433E-13,-1.0));
#1454=DIRECTION('',(0.0,-1.0,1.67929718729433E-13));
#1455=ORIENTED_EDGE('',*,*,#3403,.T.);
#1456=ORIENTED_EDGE('',*,*,#3465,.F.);
#1457=ORIENTED_EDGE('',*,*,#3447,.T.);
#1458=ORIENTED_EDGE('',*,*,#3466,.F.);
#1459=ORIENTED_EDGE('',*,*,#3467,.T.);
#1460=ORIENTED_EDGE('',*,*,#3451,.F.);
#1461=ORIENTED_EDGE('',*,*,#3459,.F.);
#1462=ORIENTED_EDGE('',*,*,#3445,.F.);
#1463=CARTESIAN_POINT('',(8.98001489549703,15.3700000000028,6.1572674054819));
#1464=DIRECTION('',(4.73252567513125E-28,-1.0,6.66043777095076E-14));
#1465=DIRECTION('',(1.0,4.73252567513125E-28,0.0));
#1466=ORIENTED_EDGE('',*,*,#3405,.T.);
#1467=ORIENTED_EDGE('',*,*,#3461,.F.);
#1468=ORIENTED_EDGE('',*,*,#3468,.T.);
#1469=ORIENTED_EDGE('',*,*,#3463,.T.);
#1470=ORIENTED_EDGE('',*,*,#3469,.T.);
#1471=ORIENTED_EDGE('',*,*,#3470,.F.);
#1472=ORIENTED_EDGE('',*,*,#3471,.T.);
#1473=ORIENTED_EDGE('',*,*,#3472,.T.);
#1474=ORIENTED_EDGE('',*,*,#3473,.F.);
#1475=ORIENTED_EDGE('',*,*,#3407,.T.);
#1476=ORIENTED_EDGE('',*,*,#3474,.F.);
#1477=ORIENTED_EDGE('',*,*,#3425,.T.);
#1478=ORIENTED_EDGE('',*,*,#3475,.F.);
#1479=ORIENTED_EDGE('',*,*,#3412,.T.);
#1480=CARTESIAN_POINT('',(10.980014895497,16.270000000004,-3.950000000002));
#1481=DIRECTION('',(-5.0443589739788E-28,-1.0,-7.09930412360436E-14));
#1482=DIRECTION('',(0.0,7.09930412360436E-14,-1.0));
#1483=ORIENTED_EDGE('',*,*,#3411,.T.);
#1484=ORIENTED_EDGE('',*,*,#3427,.T.);
#1485=ORIENTED_EDGE('',*,*,#3448,.T.);
#1486=ORIENTED_EDGE('',*,*,#3465,.T.);
#1487=ORIENTED_EDGE('',*,*,#3402,.T.);
#1488=CARTESIAN_POINT('',(8.70218032147436,16.270000000003,5.8720968042092));
#1489=DIRECTION('',(0.707106781186548,1.25607396694702E-13,-0.707106781186548));
#1490=DIRECTION('',(0.707106781186548,0.0,0.707106781186548));
#1491=ORIENTED_EDGE('',*,*,#3476,.T.);
#1492=ORIENTED_EDGE('',*,*,#3472,.F.);
#1493=ORIENTED_EDGE('',*,*,#3477,.T.);
#1494=ORIENTED_EDGE('',*,*,#3431,.T.);
#1495=CARTESIAN_POINT('',(6.73161006361715,17.170000000001,0.949917546349401));
#1496=DIRECTION('',(2.00375825674446E-40,-1.67929718729433E-13,-1.0));
#1497=DIRECTION('',(0.0,-1.0,1.67929718729433E-13));
#1498=ORIENTED_EDGE('',*,*,#3476,.F.);
#1499=ORIENTED_EDGE('',*,*,#3430,.F.);
#1500=ORIENTED_EDGE('',*,*,#3408,.T.);
#1501=ORIENTED_EDGE('',*,*,#3473,.T.);
#1502=CARTESIAN_POINT('',(5.98000106361671,62.4463660719611,0.449917546341798));
#1503=DIRECTION('',(4.98105363179491E-28,1.0,-1.67929718729433E-13));
#1504=DIRECTION('',(-7.105427357601E-15,-1.67929718729433E-13,-1.0));
#1505=ORIENTED_EDGE('',*,*,#3460,.T.);
#1506=ORIENTED_EDGE('',*,*,#3436,.F.);
#1507=ORIENTED_EDGE('',*,*,#3464,.F.);
#1508=ORIENTED_EDGE('',*,*,#3468,.F.);
#1509=CARTESIAN_POINT('',(2.59084839493836,16.720000000002,-4.4500824536497));
#1510=DIRECTION('',(0.976296007119933,1.16492851896282E-27,0.216439613938103));
#1511=DIRECTION('',(-1.19321241761436E-27,1.0,0.0));
#1512=ORIENTED_EDGE('',*,*,#3454,.F.);
#1513=ORIENTED_EDGE('',*,*,#3421,.T.);
#1514=ORIENTED_EDGE('',*,*,#3478,.F.);
#1515=ORIENTED_EDGE('',*,*,#3479,.T.);
#1516=CARTESIAN_POINT('',(8.98001489549709,5.6200000000028,13.499917546351));
#1517=DIRECTION('',(-5.8204253455258E-15,-0.573576436351045,-0.819152044288993));
#1518=DIRECTION('',(0.0,-0.819152044288993,0.573576436351045));
#1519=ORIENTED_EDGE('',*,*,#3477,.F.);
#1520=ORIENTED_EDGE('',*,*,#3471,.F.);
#1521=ORIENTED_EDGE('',*,*,#3480,.T.);
#1522=ORIENTED_EDGE('',*,*,#3432,.T.);
#1523=CARTESIAN_POINT('',(3.97998723173679,62.4463660719611,0.449917546341798));
#1524=DIRECTION('',(-4.98105363179491E-28,-1.0,1.67929718729433E-13));
#1525=DIRECTION('',(7.105427357601E-15,1.67929718729433E-13,1.0));
#1526=ORIENTED_EDGE('',*,*,#3420,.T.);
#1527=ORIENTED_EDGE('',*,*,#3481,.T.);
#1528=ORIENTED_EDGE('',*,*,#3417,.T.);
#1529=ORIENTED_EDGE('',*,*,#3441,.F.);
#1530=ORIENTED_EDGE('',*,*,#3453,.T.);
#1531=ORIENTED_EDGE('',*,*,#3482,.F.);
#1532=ORIENTED_EDGE('',*,*,#3483,.T.);
#1533=ORIENTED_EDGE('',*,*,#3478,.T.);
#1534=CARTESIAN_POINT('',(2.4800010636167,17.1700000000039,0.950042149085402));
#1535=DIRECTION('',(1.0,0.0,0.0));
#1536=DIRECTION('',(0.0,1.0,0.0));
#1537=ORIENTED_EDGE('',*,*,#3481,.F.);
#1538=ORIENTED_EDGE('',*,*,#3419,.T.);
#1539=ORIENTED_EDGE('',*,*,#3458,.F.);
#1540=ORIENTED_EDGE('',*,*,#3414,.T.);
#1541=CARTESIAN_POINT('',(8.9800148954971,15.4554354034002,14.5500200620663));
#1542=DIRECTION('',(7.10529462289727E-15,-0.00611237667939032,0.99998131925118));
#1543=DIRECTION('',(1.0,1.16244384068391E-12,0.0));
#1544=ORIENTED_EDGE('',*,*,#3484,.T.);
#1545=ORIENTED_EDGE('',*,*,#3433,.T.);
#1546=ORIENTED_EDGE('',*,*,#3480,.F.);
#1547=ORIENTED_EDGE('',*,*,#3470,.T.);
#1548=CARTESIAN_POINT('',(3.48000106361702,17.1700000000011,1.4416280620664));
#1549=DIRECTION('',(1.0,1.19321241761436E-27,-2.00375825674446E-40));
#1550=DIRECTION('',(2.00375825674446E-40,0.0,1.0));
#1551=ORIENTED_EDGE('',*,*,#3457,.F.);
#1552=ORIENTED_EDGE('',*,*,#3485,.F.);
#1553=ORIENTED_EDGE('',*,*,#3466,.T.);
#1554=ORIENTED_EDGE('',*,*,#3449,.T.);
#1555=ORIENTED_EDGE('',*,*,#3443,.T.);
#1556=CARTESIAN_POINT('',(8.02903930575991,16.270000000002,11.5008793042091));
#1557=DIRECTION('',(0.707106781186548,-1.25607396694702E-13,0.707106781186548));
#1558=DIRECTION('',(1.77635683940025E-13,1.0,0.0));
#1559=ORIENTED_EDGE('',*,*,#3486,.T.);
#1560=ORIENTED_EDGE('',*,*,#3482,.T.);
#1561=ORIENTED_EDGE('',*,*,#3452,.T.);
#1562=ORIENTED_EDGE('',*,*,#3467,.F.);
#1563=ORIENTED_EDGE('',*,*,#3485,.T.);
#1564=ORIENTED_EDGE('',*,*,#3456,.F.);
#1565=CARTESIAN_POINT('',(8.98001489549708,14.5700000000029,11.8499175463511));
#1566=DIRECTION('',(1.0,-2.73691106313448E-46,-7.105427357601E-15));
#1567=DIRECTION('',(4.35081943503005E-31,-1.0,6.12323399573677E-17));
#1568=ORIENTED_EDGE('',*,*,#3424,.T.);
#1569=ORIENTED_EDGE('',*,*,#3428,.T.);
#1570=ORIENTED_EDGE('',*,*,#3413,.T.);
#1571=ORIENTED_EDGE('',*,*,#3475,.T.);
#1572=CARTESIAN_POINT('',(7.36915373229573,16.7200000000021,-4.4500824536497));
#1573=DIRECTION('',(0.976296007119933,-3.63466434905318E-14,-0.216439613938104));
#1574=DIRECTION('',(0.216439613938104,0.0,0.976296007119933));
#1575=ORIENTED_EDGE('',*,*,#3422,.T.);
#1576=ORIENTED_EDGE('',*,*,#3474,.T.);
#1577=ORIENTED_EDGE('',*,*,#3406,.T.);
#1578=ORIENTED_EDGE('',*,*,#3429,.T.);
#1579=CARTESIAN_POINT('',(6.59084839493818,16.720000000002,-4.4500824536489));
#1580=DIRECTION('',(-0.976296007119933,-1.16492851896282E-27,-0.216439613938103));
#1581=DIRECTION('',(0.0,-1.0,5.38223339880824E-27));
#1582=ORIENTED_EDGE('',*,*,#3484,.F.);
#1583=ORIENTED_EDGE('',*,*,#3469,.F.);
#1584=ORIENTED_EDGE('',*,*,#3462,.F.);
#1585=ORIENTED_EDGE('',*,*,#3434,.F.);
#1586=CARTESIAN_POINT('',(3.36915373229555,16.7200000000021,-4.4500824536505));
#1587=DIRECTION('',(-0.976296007119933,3.63466434905317E-14,0.216439613938103));
#1588=DIRECTION('',(0.0,-1.0,1.67929718729428E-13));
#1589=ORIENTED_EDGE('',*,*,#3455,.F.);
#1590=ORIENTED_EDGE('',*,*,#3479,.F.);
#1591=ORIENTED_EDGE('',*,*,#3483,.F.);
#1592=ORIENTED_EDGE('',*,*,#3486,.F.);
#1593=CARTESIAN_POINT('',(8.98001489549708,13.1700000000029,12.6499175463511));
#1594=DIRECTION('',(-7.105427357601E-15,-6.12323399573677E-17,-1.0));
#1595=DIRECTION('',(0.0,-1.0,6.12323399573677E-17));
#1596=ORIENTED_EDGE('',*,*,#3487,.T.);
#1597=ORIENTED_EDGE('',*,*,#3488,.F.);
#1598=ORIENTED_EDGE('',*,*,#3489,.T.);
#1599=ORIENTED_EDGE('',*,*,#3490,.T.);
#1600=ORIENTED_EDGE('',*,*,#3491,.T.);
#1601=ORIENTED_EDGE('',*,*,#3492,.T.);
#1602=CARTESIAN_POINT('',(0.20000000000001,0.0,2.4660254037843));
#1603=DIRECTION('',(-0.866025403784439,0.0,0.5));
#1604=DIRECTION('',(0.0,-1.0,0.0));
#1605=ORIENTED_EDGE('',*,*,#3493,.T.);
#1606=ORIENTED_EDGE('',*,*,#3494,.T.);
#1607=ORIENTED_EDGE('',*,*,#3495,.T.);
#1608=CARTESIAN_POINT('',(9.16000000000001,2.5083057960833,14.3030103869036));
#1609=DIRECTION('',(-1.0,0.0,0.0));
#1610=DIRECTION('',(0.0,0.0,1.0));
#1611=ORIENTED_EDGE('',*,*,#3496,.T.);
#1612=ORIENTED_EDGE('',*,*,#3497,.F.);
#1613=ORIENTED_EDGE('',*,*,#3498,.F.);
#1614=ORIENTED_EDGE('',*,*,#3499,.F.);
#1615=ORIENTED_EDGE('',*,*,#3500,.T.);
#1616=ORIENTED_EDGE('',*,*,#3501,.F.);
#1617=ORIENTED_EDGE('',*,*,#3502,.F.);
#1618=CARTESIAN_POINT('',(4.98000000000001,15.9124872320198,29.2999999999984));
#1619=DIRECTION('',(-0.0,-1.63038132921531E-13,-1.0));
#1620=DIRECTION('',(0.0,-1.0,1.63038132921531E-13));
#1621=ORIENTED_EDGE('',*,*,#3503,.T.);
#1622=ORIENTED_EDGE('',*,*,#3504,.T.);
#1623=ORIENTED_EDGE('',*,*,#3505,.T.);
#1624=ORIENTED_EDGE('',*,*,#3506,.T.);
#1625=CARTESIAN_POINT('',(1.32122867597283,4.5064954576223,7.29999999999989));
#1626=DIRECTION('',(-0.258819045102521,0.965925826289068,0.0));
#1627=DIRECTION('',(0.0,0.0,-1.0));
#1628=ORIENTED_EDGE('',*,*,#3507,.T.);
#1629=ORIENTED_EDGE('',*,*,#3508,.T.);
#1630=ORIENTED_EDGE('',*,*,#3509,.T.);
#1631=ORIENTED_EDGE('',*,*,#3510,.T.);
#1632=CARTESIAN_POINT('',(7.72999999999982,4.75,7.29999999999989));
#1633=DIRECTION('',(0.258819045102521,0.965925826289068,-0.0));
#1634=DIRECTION('',(0.0,0.0,1.0));
#1635=ORIENTED_EDGE('',*,*,#3511,.F.);
#1636=ORIENTED_EDGE('',*,*,#3512,.F.);
#1637=ORIENTED_EDGE('',*,*,#3513,.T.);
#1638=ORIENTED_EDGE('',*,*,#3514,.T.);
#1639=CARTESIAN_POINT('',(9.99200722162641E-15,5.4394999999986,-4.9915627187147E-13));
#1640=DIRECTION('',(1.22464679914735E-16,-1.0,1.11910480882216E-13));
#1641=DIRECTION('',(1.0,1.22464679914735E-16,0.0));
#1642=ORIENTED_EDGE('',*,*,#3505,.F.);
#1643=ORIENTED_EDGE('',*,*,#3515,.T.);
#1644=ORIENTED_EDGE('',*,*,#3516,.F.);
#1645=ORIENTED_EDGE('',*,*,#3517,.T.);
#1646=ORIENTED_EDGE('',*,*,#3518,.F.);
#1647=ORIENTED_EDGE('',*,*,#3519,.T.);
#1648=CARTESIAN_POINT('',(0.729999999999995,2.2999999999999,7.29999999999989));
#1649=DIRECTION('',(-0.965925826289068,0.258819045102521,0.0));
#1650=DIRECTION('',(0.0,0.0,-1.0));
#1651=ORIENTED_EDGE('',*,*,#3520,.F.);
#1652=ORIENTED_EDGE('',*,*,#3521,.T.);
#1653=ORIENTED_EDGE('',*,*,#3522,.F.);
#1654=ORIENTED_EDGE('',*,*,#3523,.T.);
#1655=CARTESIAN_POINT('',(2.2300000000002,5.45,6.2999999999976));
#1656=DIRECTION('',(0.0,1.0,0.0));
#1657=DIRECTION('',(-1.0,0.0,0.0));
#1658=ORIENTED_EDGE('',*,*,#3524,.T.);
#1659=ORIENTED_EDGE('',*,*,#3525,.T.);
#1660=ORIENTED_EDGE('',*,*,#3526,.T.);
#1661=ORIENTED_EDGE('',*,*,#3527,.T.);
#1662=CARTESIAN_POINT('',(5.88000106361706,4.5121607404361,1.7636407319083));
#1663=DIRECTION('',(-1.0,0.0,0.0));
#1664=DIRECTION('',(0.0,0.0,1.0));
#1665=ORIENTED_EDGE('',*,*,#3528,.F.);
#1666=ORIENTED_EDGE('',*,*,#3529,.F.);
#1667=ORIENTED_EDGE('',*,*,#3530,.T.);
#1668=ORIENTED_EDGE('',*,*,#3531,.F.);
#1669=ORIENTED_EDGE('',*,*,#3532,.T.);
#1670=ORIENTED_EDGE('',*,*,#3533,.T.);
#1671=CARTESIAN_POINT('',(7.7299999999973,15.2249999999999,-1.59872115546023E-12));
#1672=DIRECTION('',(0.0,1.0,-1.11910480882216E-13));
#1673=DIRECTION('',(-0.0,-1.11910480882216E-13,-1.0));
#1674=ORIENTED_EDGE('',*,*,#3534,.T.);
#1675=ORIENTED_EDGE('',*,*,#3491,.F.);
#1676=ORIENTED_EDGE('',*,*,#3535,.T.);
#1677=ORIENTED_EDGE('',*,*,#3536,.F.);
#1678=CARTESIAN_POINT('',(0.20000000000001,1.2999999999997,33.8800024));
#1679=DIRECTION('',(0.0,1.0,0.0));
#1680=DIRECTION('',(-1.0,0.0,0.0));
#1681=ORIENTED_EDGE('',*,*,#3537,.F.);
#1682=ORIENTED_EDGE('',*,*,#3538,.F.);
#1683=ORIENTED_EDGE('',*,*,#3539,.T.);
#1684=ORIENTED_EDGE('',*,*,#3540,.T.);
#1685=CARTESIAN_POINT('',(1.38000106361712,14.3999999999997,21.2999999999984));
#1686=DIRECTION('',(1.0,-0.0,0.0));
#1687=DIRECTION('',(0.0,0.0,-1.0));
#1688=ORIENTED_EDGE('',*,*,#3541,.F.);
#1689=ORIENTED_EDGE('',*,*,#3542,.T.);
#1690=ORIENTED_EDGE('',*,*,#3543,.T.);
#1691=ORIENTED_EDGE('',*,*,#3544,.F.);
#1692=ORIENTED_EDGE('',*,*,#3545,.T.);
#1693=ORIENTED_EDGE('',*,*,#3546,.F.);
#1694=ORIENTED_EDGE('',*,*,#3547,.F.);
#1695=ORIENTED_EDGE('',*,*,#3548,.T.);
#1696=ORIENTED_EDGE('',*,*,#3549,.T.);
#1697=ORIENTED_EDGE('',*,*,#3550,.F.);
#1698=ORIENTED_EDGE('',*,*,#3551,.T.);
#1699=ORIENTED_EDGE('',*,*,#3552,.F.);
#1700=CARTESIAN_POINT('',(4.48000000000279,13.8250000000001,14.801351));
#1701=DIRECTION('',(0.0,-1.0,0.0));
#1702=DIRECTION('',(0.0,0.0,-1.0));
#1703=ORIENTED_EDGE('',*,*,#3509,.F.);
#1704=ORIENTED_EDGE('',*,*,#3553,.F.);
#1705=ORIENTED_EDGE('',*,*,#3554,.T.);
#1706=ORIENTED_EDGE('',*,*,#3555,.T.);
#1707=ORIENTED_EDGE('',*,*,#3556,.F.);
#1708=ORIENTED_EDGE('',*,*,#3557,.T.);
#1709=ORIENTED_EDGE('',*,*,#3558,.F.);
#1710=ORIENTED_EDGE('',*,*,#3523,.F.);
#1711=ORIENTED_EDGE('',*,*,#3559,.F.);
#1712=CARTESIAN_POINT('',(7.72999999999981,2.55,0.5));
#1713=DIRECTION('',(-1.0,0.0,0.0));
#1714=DIRECTION('',(0.0,0.0,1.0));
#1715=ORIENTED_EDGE('',*,*,#3560,.F.);
#1716=ORIENTED_EDGE('',*,*,#3561,.F.);
#1717=ORIENTED_EDGE('',*,*,#3562,.T.);
#1718=ORIENTED_EDGE('',*,*,#3563,.T.);
#1719=CARTESIAN_POINT('',(9.99200722162641E-15,5.95,27.7999999999995));
#1720=DIRECTION('',(1.0,0.0,0.0));
#1721=DIRECTION('',(0.0,-1.0,0.0));
#1722=ORIENTED_EDGE('',*,*,#3564,.F.);
#1723=ORIENTED_EDGE('',*,*,#3554,.F.);
#1724=ORIENTED_EDGE('',*,*,#3565,.T.);
#1725=ORIENTED_EDGE('',*,*,#3566,.F.);
#1726=CARTESIAN_POINT('',(2.2300000000002,5.45,6.2999999999976));
#1727=DIRECTION('',(0.0,1.0,0.0));
#1728=DIRECTION('',(-1.0,0.0,0.0));
#1729=ORIENTED_EDGE('',*,*,#3567,.F.);
#1730=ORIENTED_EDGE('',*,*,#3568,.T.);
#1731=ORIENTED_EDGE('',*,*,#3569,.F.);
#1732=ORIENTED_EDGE('',*,*,#3570,.F.);
#1733=CARTESIAN_POINT('',(9.23,4.9504999999991,0.700000000000001));
#1734=DIRECTION('',(0.0,1.0,0.0));
#1735=DIRECTION('',(-1.0,0.0,0.0));
#1736=ORIENTED_EDGE('',*,*,#3571,.F.);
#1737=ORIENTED_EDGE('',*,*,#3572,.F.);
#1738=ORIENTED_EDGE('',*,*,#3573,.T.);
#1739=ORIENTED_EDGE('',*,*,#3574,.T.);
#1740=CARTESIAN_POINT('',(1.38000106361712,15.55,27.7999999999995));
#1741=DIRECTION('',(-1.0,0.0,0.0));
#1742=DIRECTION('',(0.0,0.0,1.0));
#1743=ORIENTED_EDGE('',*,*,#3575,.F.);
#1744=ORIENTED_EDGE('',*,*,#3576,.F.);
#1745=ORIENTED_EDGE('',*,*,#3577,.T.);
#1746=ORIENTED_EDGE('',*,*,#3578,.T.);
#1747=CARTESIAN_POINT('',(4.4154264805429,3.5,14.5500200620663));
#1748=DIRECTION('',(0.0,0.0,-1.0));
#1749=DIRECTION('',(-1.0,0.0,0.0));
#1750=ORIENTED_EDGE('',*,*,#3579,.T.);
#1751=ORIENTED_EDGE('',*,*,#3488,.T.);
#1752=ORIENTED_EDGE('',*,*,#3580,.T.);
#1753=ORIENTED_EDGE('',*,*,#3581,.T.);
#1754=CARTESIAN_POINT('',(-0.29999999999999,0.0,3.9999999999998));
#1755=DIRECTION('',(-1.0,0.0,0.0));
#1756=DIRECTION('',(0.0,0.0,1.0));
#1757=ORIENTED_EDGE('',*,*,#3582,.F.);
#1758=ORIENTED_EDGE('',*,*,#3583,.F.);
#1759=ORIENTED_EDGE('',*,*,#3584,.T.);
#1760=ORIENTED_EDGE('',*,*,#3557,.F.);
#1761=CARTESIAN_POINT('',(9.52633007413314,10.5828360800664,4.99999999999997));
#1762=DIRECTION('',(0.0,0.0,-1.0));
#1763=DIRECTION('',(0.0,-1.0,0.0));
#1764=ORIENTED_EDGE('',*,*,#3585,.T.);
#1765=ORIENTED_EDGE('',*,*,#3586,.T.);
#1766=ORIENTED_EDGE('',*,*,#3587,.F.);
#1767=ORIENTED_EDGE('',*,*,#3495,.F.);
#1768=CARTESIAN_POINT('',(1.38000106361712,2.95,19.4000000000003));
#1769=DIRECTION('',(-1.0,0.0,0.0));
#1770=DIRECTION('',(0.0,0.0,1.0));
#1771=ORIENTED_EDGE('',*,*,#3498,.T.);
#1772=ORIENTED_EDGE('',*,*,#3588,.F.);
#1773=ORIENTED_EDGE('',*,*,#3589,.F.);
#1774=ORIENTED_EDGE('',*,*,#3590,.T.);
#1775=CARTESIAN_POINT('',(1.38000106361712,15.9124872320193,28.2999999999984));
#1776=DIRECTION('',(-1.0,0.0,0.0));
#1777=DIRECTION('',(0.0,0.0,1.0));
#1778=ORIENTED_EDGE('',*,*,#3591,.T.);
#1779=ORIENTED_EDGE('',*,*,#3592,.F.);
#1780=ORIENTED_EDGE('',*,*,#3593,.T.);
#1781=ORIENTED_EDGE('',*,*,#3594,.T.);
#1782=CARTESIAN_POINT('',(-4.27999893638294,5.3,1.9));
#1783=DIRECTION('',(0.0,0.0,1.0));
#1784=DIRECTION('',(-1.0,0.0,0.0));
#1785=ORIENTED_EDGE('',*,*,#3595,.F.);
#1786=ORIENTED_EDGE('',*,*,#3596,.T.);
#1787=ORIENTED_EDGE('',*,*,#3597,.F.);
#1788=ORIENTED_EDGE('',*,*,#3598,.T.);
#1789=ORIENTED_EDGE('',*,*,#3599,.T.);
#1790=ORIENTED_EDGE('',*,*,#3600,.F.);
#1791=ORIENTED_EDGE('',*,*,#3601,.F.);
#1792=ORIENTED_EDGE('',*,*,#3602,.F.);
#1793=CARTESIAN_POINT('',(9.69500000000001,16.6772500000083,15.5));
#1794=DIRECTION('',(0.0,0.0,-1.0));
#1795=DIRECTION('',(0.0,-1.0,0.0));
#1796=ORIENTED_EDGE('',*,*,#3603,.F.);
#1797=ORIENTED_EDGE('',*,*,#3604,.F.);
#1798=ORIENTED_EDGE('',*,*,#3605,.T.);
#1799=ORIENTED_EDGE('',*,*,#3606,.T.);
#1800=ORIENTED_EDGE('',*,*,#3518,.T.);
#1801=CARTESIAN_POINT('',(1.23,28.4000000000011,5.59999999999997));
#1802=DIRECTION('',(0.0,-1.0,0.0));
#1803=DIRECTION('',(-1.0,0.0,0.0));
#1804=ORIENTED_EDGE('',*,*,#3607,.F.);
#1805=ORIENTED_EDGE('',*,*,#3608,.F.);
#1806=ORIENTED_EDGE('',*,*,#3609,.T.);
#1807=ORIENTED_EDGE('',*,*,#3610,.T.);
#1808=ORIENTED_EDGE('',*,*,#3611,.T.);
#1809=CARTESIAN_POINT('',(8.83000000000001,28.4000000000011,5.59999999999997));
#1810=DIRECTION('',(0.0,-1.0,0.0));
#1811=DIRECTION('',(-1.0,0.0,0.0));
#1812=ORIENTED_EDGE('',*,*,#3612,.F.);
#1813=ORIENTED_EDGE('',*,*,#3613,.T.);
#1814=ORIENTED_EDGE('',*,*,#3614,.F.);
#1815=ORIENTED_EDGE('',*,*,#3615,.F.);
#1816=ORIENTED_EDGE('',*,*,#3616,.F.);
#1817=ORIENTED_EDGE('',*,*,#3617,.F.);
#1818=ORIENTED_EDGE('',*,*,#3618,.F.);
#1819=ORIENTED_EDGE('',*,*,#3619,.F.);
#1820=ORIENTED_EDGE('',*,*,#3620,.F.);
#1821=ORIENTED_EDGE('',*,*,#3621,.F.);
#1822=ORIENTED_EDGE('',*,*,#3622,.F.);
#1823=ORIENTED_EDGE('',*,*,#3514,.F.);
#1824=ORIENTED_EDGE('',*,*,#3623,.F.);
#1825=ORIENTED_EDGE('',*,*,#3624,.T.);
#1826=ORIENTED_EDGE('',*,*,#3625,.F.);
#1827=ORIENTED_EDGE('',*,*,#3626,.F.);
#1828=ORIENTED_EDGE('',*,*,#3627,.F.);
#1829=ORIENTED_EDGE('',*,*,#3628,.F.);
#1830=ORIENTED_EDGE('',*,*,#3629,.F.);
#1831=ORIENTED_EDGE('',*,*,#3630,.F.);
#1832=CARTESIAN_POINT('',(-0.39601311654319,7.6023833304545,1.2));
#1833=DIRECTION('',(0.0,0.0,-1.0));
#1834=DIRECTION('',(0.0,-1.0,0.0));
#1835=ORIENTED_EDGE('',*,*,#3631,.T.);
#1836=ORIENTED_EDGE('',*,*,#3632,.T.);
#1837=ORIENTED_EDGE('',*,*,#3633,.F.);
#1838=ORIENTED_EDGE('',*,*,#3634,.F.);
#1839=CARTESIAN_POINT('',(1.38000106361712,6.3999999999997,21.2999999999984));
#1840=DIRECTION('',(1.0,-0.0,0.0));
#1841=DIRECTION('',(0.0,0.0,-1.0));
#1842=ORIENTED_EDGE('',*,*,#3635,.F.);
#1843=ORIENTED_EDGE('',*,*,#3636,.T.);
#1844=ORIENTED_EDGE('',*,*,#3600,.T.);
#1845=ORIENTED_EDGE('',*,*,#3637,.F.);
#1846=CARTESIAN_POINT('',(9.4960850502754,14.849499999999,0.700000000000001));
#1847=DIRECTION('',(0.0,-1.0,0.0));
#1848=DIRECTION('',(0.0,0.0,-1.0));
#1849=ORIENTED_EDGE('',*,*,#3638,.T.);
#1850=ORIENTED_EDGE('',*,*,#3639,.T.);
#1851=ORIENTED_EDGE('',*,*,#3640,.T.);
#1852=ORIENTED_EDGE('',*,*,#3609,.F.);
#1853=CARTESIAN_POINT('',(9.33000000000001,2.3,7.29999999999989));
#1854=DIRECTION('',(1.0,0.0,0.0));
#1855=DIRECTION('',(0.0,1.0,0.0));
#1856=ORIENTED_EDGE('',*,*,#3641,.F.);
#1857=ORIENTED_EDGE('',*,*,#3642,.T.);
#1858=ORIENTED_EDGE('',*,*,#3643,.T.);
#1859=ORIENTED_EDGE('',*,*,#3644,.F.);
#1860=CARTESIAN_POINT('',(4.98000000000001,10.050000000002,24.324999999998));
#1861=DIRECTION('',(0.0,-2.09476042382102E-15,1.0));
#1862=DIRECTION('',(0.0,1.0,2.09476042382102E-15));
#1863=ORIENTED_EDGE('',*,*,#3645,.F.);
#1864=ORIENTED_EDGE('',*,*,#3581,.F.);
#1865=ORIENTED_EDGE('',*,*,#3646,.F.);
#1866=ORIENTED_EDGE('',*,*,#3647,.T.);
#1867=CARTESIAN_POINT('',(-0.29999999999999,0.0,1.0999999999998));
#1868=DIRECTION('',(0.0,0.0,-1.0));
#1869=DIRECTION('',(0.0,-1.0,0.0));
#1870=ORIENTED_EDGE('',*,*,#3648,.F.);
#1871=ORIENTED_EDGE('',*,*,#3649,.F.);
#1872=ORIENTED_EDGE('',*,*,#3650,.T.);
#1873=ORIENTED_EDGE('',*,*,#3651,.T.);
#1874=CARTESIAN_POINT('',(7.95441271736401,28.4000000000011,3.5999999999998));
#1875=DIRECTION('',(3.91735642379542E-18,-1.0,-1.46197732049608E-17));
#1876=DIRECTION('',(0.0,-1.46197732049608E-17,1.0));
#1877=ORIENTED_EDGE('',*,*,#3640,.F.);
#1878=ORIENTED_EDGE('',*,*,#3652,.F.);
#1879=ORIENTED_EDGE('',*,*,#3653,.F.);
#1880=ORIENTED_EDGE('',*,*,#3507,.F.);
#1881=ORIENTED_EDGE('',*,*,#3654,.F.);
#1882=ORIENTED_EDGE('',*,*,#3610,.F.);
#1883=CARTESIAN_POINT('',(8.74650635094613,4.4776279441628,7.29999999999989));
#1884=DIRECTION('',(0.965925826289068,0.258819045102521,-0.0));
#1885=DIRECTION('',(0.0,0.0,1.0));
#1886=ORIENTED_EDGE('',*,*,#3619,.T.);
#1887=ORIENTED_EDGE('',*,*,#3655,.F.);
#1888=ORIENTED_EDGE('',*,*,#3592,.T.);
#1889=ORIENTED_EDGE('',*,*,#3656,.F.);
#1890=CARTESIAN_POINT('',(-0.34303830508744,17.7000000000176,1.6210477474224));
#1891=DIRECTION('',(0.0,1.0,0.0));
#1892=DIRECTION('',(-1.0,0.0,0.0));
#1893=ORIENTED_EDGE('',*,*,#3657,.F.);
#1894=ORIENTED_EDGE('',*,*,#3525,.F.);
#1895=ORIENTED_EDGE('',*,*,#3658,.F.);
#1896=ORIENTED_EDGE('',*,*,#3659,.F.);
#1897=CARTESIAN_POINT('',(5.88000106361706,5.3,2.6));
#1898=DIRECTION('',(0.0,0.0,1.0));
#1899=DIRECTION('',(-1.0,0.0,0.0));
#1900=ORIENTED_EDGE('',*,*,#3555,.F.);
#1901=ORIENTED_EDGE('',*,*,#3564,.T.);
#1902=ORIENTED_EDGE('',*,*,#3660,.F.);
#1903=ORIENTED_EDGE('',*,*,#3661,.F.);
#1904=CARTESIAN_POINT('',(4.98000000000001,17.649782217361,14.6999999999999));
#1905=DIRECTION('',(0.0,0.0,-1.0));
#1906=DIRECTION('',(0.0,-1.0,0.0));
#1907=ORIENTED_EDGE('',*,*,#3662,.F.);
#1908=ORIENTED_EDGE('',*,*,#3663,.T.);
#1909=ORIENTED_EDGE('',*,*,#3616,.T.);
#1910=ORIENTED_EDGE('',*,*,#3664,.T.);
#1911=CARTESIAN_POINT('',(-0.46780133553226,14.6427410968522,33.8800024));
#1912=DIRECTION('',(-0.738327768615537,-0.674442070226348,-0.0));
#1913=DIRECTION('',(0.0,0.0,-1.0));
#1914=ORIENTED_EDGE('',*,*,#3665,.F.);
#1915=ORIENTED_EDGE('',*,*,#3666,.F.);
#1916=ORIENTED_EDGE('',*,*,#3667,.F.);
#1917=ORIENTED_EDGE('',*,*,#3576,.T.);
#1918=ORIENTED_EDGE('',*,*,#3668,.F.);
#1919=ORIENTED_EDGE('',*,*,#3669,.F.);
#1920=ORIENTED_EDGE('',*,*,#3670,.F.);
#1921=ORIENTED_EDGE('',*,*,#3671,.T.);
#1922=ORIENTED_EDGE('',*,*,#3672,.T.);
#1923=ORIENTED_EDGE('',*,*,#3673,.F.);
#1924=ORIENTED_EDGE('',*,*,#3674,.T.);
#1925=ORIENTED_EDGE('',*,*,#3675,.T.);
#1926=ORIENTED_EDGE('',*,*,#3676,.F.);
#1927=ORIENTED_EDGE('',*,*,#3677,.F.);
#1928=ORIENTED_EDGE('',*,*,#3678,.T.);
#1929=ORIENTED_EDGE('',*,*,#3679,.T.);
#1930=ORIENTED_EDGE('',*,*,#3680,.F.);
#1931=ORIENTED_EDGE('',*,*,#3681,.T.);
#1932=CARTESIAN_POINT('',(0.572388959047342,1.9609172471815,0.0));
#1933=DIRECTION('',(0.0,0.0,-1.0));
#1934=DIRECTION('',(0.0,-1.0,0.0));
#1935=ORIENTED_EDGE('',*,*,#3682,.F.);
#1936=ORIENTED_EDGE('',*,*,#3683,.F.);
#1937=ORIENTED_EDGE('',*,*,#3684,.T.);
#1938=ORIENTED_EDGE('',*,*,#3685,.T.);
#1939=CARTESIAN_POINT('',(0.572388959047342,1.9609172471815,0.499999999999801));
#1940=DIRECTION('',(0.0,0.0,-1.0));
#1941=DIRECTION('',(0.0,-1.0,0.0));
#1942=ORIENTED_EDGE('',*,*,#3590,.F.);
#1943=ORIENTED_EDGE('',*,*,#3686,.T.);
#1944=ORIENTED_EDGE('',*,*,#3687,.F.);
#1945=ORIENTED_EDGE('',*,*,#3593,.F.);
#1946=ORIENTED_EDGE('',*,*,#3655,.T.);
#1947=ORIENTED_EDGE('',*,*,#3618,.T.);
#1948=ORIENTED_EDGE('',*,*,#3688,.T.);
#1949=ORIENTED_EDGE('',*,*,#3689,.T.);
#1950=ORIENTED_EDGE('',*,*,#3690,.T.);
#1951=ORIENTED_EDGE('',*,*,#3629,.T.);
#1952=ORIENTED_EDGE('',*,*,#3691,.T.);
#1953=ORIENTED_EDGE('',*,*,#3692,.T.);
#1954=ORIENTED_EDGE('',*,*,#3511,.T.);
#1955=ORIENTED_EDGE('',*,*,#3622,.T.);
#1956=ORIENTED_EDGE('',*,*,#3693,.T.);
#1957=ORIENTED_EDGE('',*,*,#3670,.T.);
#1958=ORIENTED_EDGE('',*,*,#3694,.F.);
#1959=ORIENTED_EDGE('',*,*,#3647,.F.);
#1960=ORIENTED_EDGE('',*,*,#3695,.T.);
#1961=ORIENTED_EDGE('',*,*,#3492,.F.);
#1962=ORIENTED_EDGE('',*,*,#3534,.F.);
#1963=ORIENTED_EDGE('',*,*,#3696,.T.);
#1964=ORIENTED_EDGE('',*,*,#3697,.F.);
#1965=ORIENTED_EDGE('',*,*,#3698,.T.);
#1966=ORIENTED_EDGE('',*,*,#3699,.F.);
#1967=ORIENTED_EDGE('',*,*,#3499,.T.);
#1968=ORIENTED_EDGE('',*,*,#3700,.T.);
#1969=ORIENTED_EDGE('',*,*,#3701,.F.);
#1970=ORIENTED_EDGE('',*,*,#3702,.T.);
#1971=ORIENTED_EDGE('',*,*,#3703,.T.);
#1972=ORIENTED_EDGE('',*,*,#3704,.F.);
#1973=ORIENTED_EDGE('',*,*,#3572,.T.);
#1974=ORIENTED_EDGE('',*,*,#3705,.T.);
#1975=ORIENTED_EDGE('',*,*,#3563,.F.);
#1976=CARTESIAN_POINT('',(9.99200722162641E-15,0.0,2.5999999999998));
#1977=DIRECTION('',(-1.0,0.0,0.0));
#1978=DIRECTION('',(0.0,0.0,1.0));
#1979=ORIENTED_EDGE('',*,*,#3706,.T.);
#1980=ORIENTED_EDGE('',*,*,#3707,.F.);
#1981=ORIENTED_EDGE('',*,*,#3708,.T.);
#1982=ORIENTED_EDGE('',*,*,#3672,.F.);
#1983=CARTESIAN_POINT('',(0.669999999999904,17.9000000000176,0.0));
#1984=DIRECTION('',(1.0,0.0,0.0));
#1985=DIRECTION('',(0.0,1.0,0.0));
#1986=ORIENTED_EDGE('',*,*,#3709,.F.);
#1987=ORIENTED_EDGE('',*,*,#3540,.F.);
#1988=ORIENTED_EDGE('',*,*,#3710,.F.);
#1989=ORIENTED_EDGE('',*,*,#3711,.F.);
#1990=ORIENTED_EDGE('',*,*,#3712,.F.);
#1991=ORIENTED_EDGE('',*,*,#3713,.F.);
#1992=ORIENTED_EDGE('',*,*,#3714,.F.);
#1993=ORIENTED_EDGE('',*,*,#3632,.F.);
#1994=CARTESIAN_POINT('',(10.11,6.9035242900245,19.3438075460272));
#1995=DIRECTION('',(1.0,0.0,0.0));
#1996=DIRECTION('',(0.0,1.0,0.0));
#1997=ORIENTED_EDGE('',*,*,#3715,.T.);
#1998=ORIENTED_EDGE('',*,*,#3710,.T.);
#1999=ORIENTED_EDGE('',*,*,#3539,.F.);
#2000=ORIENTED_EDGE('',*,*,#3716,.T.);
#2001=CARTESIAN_POINT('',(10.16,14.8999999999997,20.7999999999984));
#2002=DIRECTION('',(0.0,1.0,0.0));
#2003=DIRECTION('',(-1.0,0.0,0.0));
#2004=ORIENTED_EDGE('',*,*,#3631,.F.);
#2005=ORIENTED_EDGE('',*,*,#3717,.T.);
#2006=ORIENTED_EDGE('',*,*,#3537,.T.);
#2007=ORIENTED_EDGE('',*,*,#3709,.T.);
#2008=CARTESIAN_POINT('',(10.16,5.8999999999997,20.7999999999984));
#2009=DIRECTION('',(0.0,0.0,-1.0));
#2010=DIRECTION('',(0.0,-1.0,0.0));
#2011=ORIENTED_EDGE('',*,*,#3718,.F.);
#2012=ORIENTED_EDGE('',*,*,#3574,.F.);
#2013=ORIENTED_EDGE('',*,*,#3719,.F.);
#2014=ORIENTED_EDGE('',*,*,#3720,.F.);
#2015=ORIENTED_EDGE('',*,*,#3721,.F.);
#2016=ORIENTED_EDGE('',*,*,#3722,.T.);
#2017=ORIENTED_EDGE('',*,*,#3723,.T.);
#2018=ORIENTED_EDGE('',*,*,#3561,.T.);
#2019=CARTESIAN_POINT('',(0.05000000000001,3.6949122714025,14.2917050459693));
#2020=DIRECTION('',(-1.0,0.0,0.0));
#2021=DIRECTION('',(0.0,0.0,1.0));
#2022=ORIENTED_EDGE('',*,*,#3724,.F.);
#2023=ORIENTED_EDGE('',*,*,#3648,.T.);
#2024=ORIENTED_EDGE('',*,*,#3725,.T.);
#2025=ORIENTED_EDGE('',*,*,#3726,.F.);
#2026=CARTESIAN_POINT('',(8.33807621135349,0.0,4.0999999999998));
#2027=DIRECTION('',(-0.965925826289068,-0.0,-0.258819045102521));
#2028=DIRECTION('',(0.0,-1.0,0.0));
#2029=ORIENTED_EDGE('',*,*,#3727,.T.);
#2030=ORIENTED_EDGE('',*,*,#3711,.T.);
#2031=ORIENTED_EDGE('',*,*,#3715,.F.);
#2032=ORIENTED_EDGE('',*,*,#3728,.F.);
#2033=CARTESIAN_POINT('',(1.38000106361712,14.3999999999997,22.2999999999984));
#2034=DIRECTION('',(1.0,-0.0,0.0));
#2035=DIRECTION('',(0.0,0.0,-1.0));
#2036=ORIENTED_EDGE('',*,*,#3729,.F.);
#2037=ORIENTED_EDGE('',*,*,#3730,.F.);
#2038=ORIENTED_EDGE('',*,*,#3731,.F.);
#2039=ORIENTED_EDGE('',*,*,#3732,.F.);
#2040=CARTESIAN_POINT('',(2.2300000000002,0.0,16.8999999999999));
#2041=DIRECTION('',(0.0,0.0,1.0));
#2042=DIRECTION('',(-1.0,0.0,0.0));
#2043=ORIENTED_EDGE('',*,*,#3487,.F.);
#2044=ORIENTED_EDGE('',*,*,#3695,.F.);
#2045=ORIENTED_EDGE('',*,*,#3646,.T.);
#2046=ORIENTED_EDGE('',*,*,#3580,.F.);
#2047=CARTESIAN_POINT('',(0.20000000000001,1.1999999999997,33.8800024));
#2048=DIRECTION('',(0.0,1.0,0.0));
#2049=DIRECTION('',(-1.0,0.0,0.0));
#2050=ORIENTED_EDGE('',*,*,#3733,.F.);
#2051=ORIENTED_EDGE('',*,*,#3570,.T.);
#2052=ORIENTED_EDGE('',*,*,#3734,.T.);
#2053=ORIENTED_EDGE('',*,*,#3735,.F.);
#2054=CARTESIAN_POINT('',(9.49608505027547,4.9504999999991,0.700000000000001));
#2055=DIRECTION('',(-0.643556230765109,0.765398835799615,0.0));
#2056=DIRECTION('',(0.0,0.0,-1.0));
#2057=ORIENTED_EDGE('',*,*,#3736,.T.);
#2058=ORIENTED_EDGE('',*,*,#3737,.T.);
#2059=ORIENTED_EDGE('',*,*,#3547,.T.);
#2060=ORIENTED_EDGE('',*,*,#3738,.F.);
#2061=ORIENTED_EDGE('',*,*,#3643,.F.);
#2062=ORIENTED_EDGE('',*,*,#3739,.F.);
#2063=CARTESIAN_POINT('',(2.54419406361712,10.255917000002,23.9999999999999));
#2064=DIRECTION('',(0.0,0.0,-1.0));
#2065=DIRECTION('',(0.0,-1.0,0.0));
#2066=ORIENTED_EDGE('',*,*,#3740,.F.);
#2067=ORIENTED_EDGE('',*,*,#3741,.T.);
#2068=ORIENTED_EDGE('',*,*,#3601,.T.);
#2069=ORIENTED_EDGE('',*,*,#3636,.F.);
#2070=CARTESIAN_POINT('',(9.89391494972441,14.5149999999991,0.700000000000001));
#2071=DIRECTION('',(-0.643556230764807,-0.765398835799869,-0.0));
#2072=DIRECTION('',(0.0,0.0,-1.0));
#2073=ORIENTED_EDGE('',*,*,#3742,.F.);
#2074=ORIENTED_EDGE('',*,*,#3743,.F.);
#2075=ORIENTED_EDGE('',*,*,#3744,.T.);
#2076=ORIENTED_EDGE('',*,*,#3697,.T.);
#2077=CARTESIAN_POINT('',(1.38000106361712,2.95,19.4000000000003));
#2078=DIRECTION('',(1.0,-0.0,0.0));
#2079=DIRECTION('',(0.0,0.0,-1.0));
#2080=ORIENTED_EDGE('',*,*,#3693,.F.);
#2081=ORIENTED_EDGE('',*,*,#3621,.T.);
#2082=ORIENTED_EDGE('',*,*,#3745,.F.);
#2083=ORIENTED_EDGE('',*,*,#3746,.T.);
#2084=ORIENTED_EDGE('',*,*,#3706,.F.);
#2085=ORIENTED_EDGE('',*,*,#3671,.F.);
#2086=CARTESIAN_POINT('',(0.669999999999904,3.1999999999999,0.0));
#2087=DIRECTION('',(0.0,-1.0,0.0));
#2088=DIRECTION('',(0.0,0.0,-1.0));
#2089=ORIENTED_EDGE('',*,*,#3747,.T.);
#2090=ORIENTED_EDGE('',*,*,#3748,.T.);
#2091=ORIENTED_EDGE('',*,*,#3749,.F.);
#2092=ORIENTED_EDGE('',*,*,#3750,.F.);
#2093=CARTESIAN_POINT('',(8.84956713544271,7.1807977487477,30.7999999999999));
#2094=DIRECTION('',(0.0,1.62980740014973E-13,1.0));
#2095=DIRECTION('',(0.0,-1.0,1.62980740014973E-13));
#2096=ORIENTED_EDGE('',*,*,#3751,.T.);
#2097=ORIENTED_EDGE('',*,*,#3752,.F.);
#2098=ORIENTED_EDGE('',*,*,#3496,.F.);
#2099=ORIENTED_EDGE('',*,*,#3500,.F.);
#2100=ORIENTED_EDGE('',*,*,#3699,.T.);
#2101=CARTESIAN_POINT('',(1.38000106361712,5.95,27.8000000000001));
#2102=DIRECTION('',(-1.0,0.0,0.0));
#2103=DIRECTION('',(0.0,0.0,1.0));
#2104=ORIENTED_EDGE('',*,*,#3753,.F.);
#2105=ORIENTED_EDGE('',*,*,#3754,.F.);
#2106=ORIENTED_EDGE('',*,*,#3602,.T.);
#2107=ORIENTED_EDGE('',*,*,#3741,.F.);
#2108=CARTESIAN_POINT('',(10.1599999999999,14.5149999999991,0.700000000000001));
#2109=DIRECTION('',(0.0,-1.0,0.0));
#2110=DIRECTION('',(0.0,0.0,-1.0));
#2111=ORIENTED_EDGE('',*,*,#3755,.F.);
#2112=ORIENTED_EDGE('',*,*,#3545,.F.);
#2113=ORIENTED_EDGE('',*,*,#3756,.T.);
#2114=ORIENTED_EDGE('',*,*,#3530,.F.);
#2115=CARTESIAN_POINT('',(9.52633007413314,10.5828360800664,4.99999999999997));
#2116=DIRECTION('',(0.0,0.0,-1.0));
#2117=DIRECTION('',(0.0,-1.0,0.0));
#2118=ORIENTED_EDGE('',*,*,#3757,.F.);
#2119=ORIENTED_EDGE('',*,*,#3758,.F.);
#2120=ORIENTED_EDGE('',*,*,#3612,.T.);
#2121=ORIENTED_EDGE('',*,*,#3759,.F.);
#2122=CARTESIAN_POINT('',(-0.29919833058465,13.6418326210658,33.8800024));
#2123=DIRECTION('',(-0.738327768615533,0.674442070226352,0.0));
#2124=DIRECTION('',(0.0,0.0,-1.0));
#2125=ORIENTED_EDGE('',*,*,#3627,.T.);
#2126=ORIENTED_EDGE('',*,*,#3760,.T.);
#2127=ORIENTED_EDGE('',*,*,#3761,.F.);
#2128=ORIENTED_EDGE('',*,*,#3762,.T.);
#2129=CARTESIAN_POINT('',(-0.46780133553226,6.3427410968537,33.8800024));
#2130=DIRECTION('',(-0.738327768615537,-0.674442070226348,-0.0));
#2131=DIRECTION('',(0.0,0.0,-1.0));
#2132=ORIENTED_EDGE('',*,*,#3603,.T.);
#2133=ORIENTED_EDGE('',*,*,#3517,.F.);
#2134=ORIENTED_EDGE('',*,*,#3763,.T.);
#2135=ORIENTED_EDGE('',*,*,#3764,.F.);
#2136=CARTESIAN_POINT('',(0.729999999999995,0.0,7.29999999999989));
#2137=DIRECTION('',(-1.0,0.0,0.0));
#2138=DIRECTION('',(0.0,0.0,1.0));
#2139=ORIENTED_EDGE('',*,*,#3765,.F.);
#2140=ORIENTED_EDGE('',*,*,#3722,.F.);
#2141=ORIENTED_EDGE('',*,*,#3766,.T.);
#2142=ORIENTED_EDGE('',*,*,#3701,.T.);
#2143=CARTESIAN_POINT('',(1.38000106361712,5.95,20.7999999999995));
#2144=DIRECTION('',(1.0,-0.0,0.0));
#2145=DIRECTION('',(0.0,0.0,-1.0));
#2146=ORIENTED_EDGE('',*,*,#3497,.T.);
#2147=ORIENTED_EDGE('',*,*,#3752,.T.);
#2148=ORIENTED_EDGE('',*,*,#3767,.T.);
#2149=ORIENTED_EDGE('',*,*,#3586,.F.);
#2150=ORIENTED_EDGE('',*,*,#3768,.T.);
#2151=ORIENTED_EDGE('',*,*,#3769,.T.);
#2152=ORIENTED_EDGE('',*,*,#3770,.F.);
#2153=ORIENTED_EDGE('',*,*,#3771,.F.);
#2154=ORIENTED_EDGE('',*,*,#3676,.T.);
#2155=ORIENTED_EDGE('',*,*,#3772,.T.);
#2156=ORIENTED_EDGE('',*,*,#3773,.T.);
#2157=ORIENTED_EDGE('',*,*,#3774,.T.);
#2158=ORIENTED_EDGE('',*,*,#3775,.T.);
#2159=ORIENTED_EDGE('',*,*,#3776,.T.);
#2160=ORIENTED_EDGE('',*,*,#3777,.T.);
#2161=ORIENTED_EDGE('',*,*,#3778,.T.);
#2162=ORIENTED_EDGE('',*,*,#3595,.T.);
#2163=ORIENTED_EDGE('',*,*,#3754,.T.);
#2164=ORIENTED_EDGE('',*,*,#3779,.T.);
#2165=ORIENTED_EDGE('',*,*,#3780,.F.);
#2166=ORIENTED_EDGE('',*,*,#3781,.T.);
#2167=ORIENTED_EDGE('',*,*,#3588,.T.);
#2168=ORIENTED_EDGE('',*,*,#3717,.F.);
#2169=ORIENTED_EDGE('',*,*,#3634,.T.);
#2170=ORIENTED_EDGE('',*,*,#3782,.T.);
#2171=ORIENTED_EDGE('',*,*,#3783,.T.);
#2172=ORIENTED_EDGE('',*,*,#3784,.T.);
#2173=ORIENTED_EDGE('',*,*,#3728,.T.);
#2174=ORIENTED_EDGE('',*,*,#3716,.F.);
#2175=ORIENTED_EDGE('',*,*,#3538,.T.);
#2176=CARTESIAN_POINT('',(10.16,0.0,0.0));
#2177=DIRECTION('',(1.0,0.0,0.0));
#2178=DIRECTION('',(0.0,1.0,0.0));
#2179=ORIENTED_EDGE('',*,*,#3785,.F.);
#2180=ORIENTED_EDGE('',*,*,#3786,.F.);
#2181=ORIENTED_EDGE('',*,*,#3787,.F.);
#2182=ORIENTED_EDGE('',*,*,#3788,.F.);
#2183=ORIENTED_EDGE('',*,*,#3789,.F.);
#2184=ORIENTED_EDGE('',*,*,#3790,.F.);
#2185=ORIENTED_EDGE('',*,*,#3791,.F.);
#2186=ORIENTED_EDGE('',*,*,#3792,.T.);
#2187=CARTESIAN_POINT('',(1.28000106361706,18.6329000000031,1.0));
#2188=DIRECTION('',(1.0,-1.22464679914735E-16,0.0));
#2189=DIRECTION('',(1.22464679914735E-16,1.0,0.0));
#2190=ORIENTED_EDGE('',*,*,#3793,.F.);
#2191=ORIENTED_EDGE('',*,*,#3782,.F.);
#2192=ORIENTED_EDGE('',*,*,#3633,.T.);
#2193=ORIENTED_EDGE('',*,*,#3714,.T.);
#2194=CARTESIAN_POINT('',(10.16,5.8999999999997,23.1999999999984));
#2195=DIRECTION('',(0.0,-1.0,0.0));
#2196=DIRECTION('',(0.0,0.0,-1.0));
#2197=ORIENTED_EDGE('',*,*,#3614,.T.);
#2198=ORIENTED_EDGE('',*,*,#3794,.T.);
#2199=ORIENTED_EDGE('',*,*,#3795,.F.);
#2200=ORIENTED_EDGE('',*,*,#3796,.F.);
#2201=CARTESIAN_POINT('',(-0.88499999999999,13.619124999999,1.2));
#2202=DIRECTION('',(-1.0,0.0,0.0));
#2203=DIRECTION('',(0.0,0.0,1.0));
#2204=ORIENTED_EDGE('',*,*,#3797,.T.);
#2205=ORIENTED_EDGE('',*,*,#3798,.T.);
#2206=ORIENTED_EDGE('',*,*,#3578,.F.);
#2207=ORIENTED_EDGE('',*,*,#3799,.F.);
#2208=CARTESIAN_POINT('',(0.572388959047342,1.9609172471815,0.499999999999801));
#2209=DIRECTION('',(0.0,0.0,-1.0));
#2210=DIRECTION('',(0.0,-1.0,0.0));
#2211=ORIENTED_EDGE('',*,*,#3800,.F.);
#2212=ORIENTED_EDGE('',*,*,#3801,.T.);
#2213=ORIENTED_EDGE('',*,*,#3552,.T.);
#2214=ORIENTED_EDGE('',*,*,#3802,.T.);
#2215=CARTESIAN_POINT('',(2.38000000000272,14.125,-1.3997691894474E-12));
#2216=DIRECTION('',(-1.0,0.0,0.0));
#2217=DIRECTION('',(0.0,0.0,1.0));
#2218=ORIENTED_EDGE('',*,*,#3803,.F.);
#2219=ORIENTED_EDGE('',*,*,#3804,.T.);
#2220=ORIENTED_EDGE('',*,*,#3805,.F.);
#2221=ORIENTED_EDGE('',*,*,#3806,.F.);
#2222=CARTESIAN_POINT('',(9.52633007413314,10.5828360800664,4.99999999999997));
#2223=DIRECTION('',(0.0,0.0,-1.0));
#2224=DIRECTION('',(0.0,-1.0,0.0));
#2225=ORIENTED_EDGE('',*,*,#3807,.T.);
#2226=ORIENTED_EDGE('',*,*,#3808,.T.);
#2227=ORIENTED_EDGE('',*,*,#3809,.F.);
#2228=ORIENTED_EDGE('',*,*,#3624,.F.);
#2229=CARTESIAN_POINT('',(-0.88499999999999,5.0791249999991,1.2));
#2230=DIRECTION('',(0.0,1.0,0.0));
#2231=DIRECTION('',(-1.0,0.0,0.0));
#2232=ORIENTED_EDGE('',*,*,#3810,.T.);
#2233=ORIENTED_EDGE('',*,*,#3811,.F.);
#2234=ORIENTED_EDGE('',*,*,#3760,.F.);
#2235=ORIENTED_EDGE('',*,*,#3626,.T.);
#2236=CARTESIAN_POINT('',(-0.53917450288642,6.4208749999991,1.2));
#2237=DIRECTION('',(0.0,-1.0,0.0));
#2238=DIRECTION('',(0.0,0.0,-1.0));
#2239=ORIENTED_EDGE('',*,*,#3812,.F.);
#2240=ORIENTED_EDGE('',*,*,#3813,.T.);
#2241=ORIENTED_EDGE('',*,*,#3814,.T.);
#2242=ORIENTED_EDGE('',*,*,#3815,.F.);
#2243=CARTESIAN_POINT('',(1.23999999999996,0.0,2.5999999999998));
#2244=DIRECTION('',(0.965925826289068,0.0,-0.258819045102521));
#2245=DIRECTION('',(0.258819045102521,0.0,0.965925826289068));
#2246=ORIENTED_EDGE('',*,*,#3816,.T.);
#2247=ORIENTED_EDGE('',*,*,#3817,.T.);
#2248=ORIENTED_EDGE('',*,*,#3726,.T.);
#2249=ORIENTED_EDGE('',*,*,#3818,.F.);
#2250=CARTESIAN_POINT('',(8.74000000000017,18.0000000000176,0.0));
#2251=DIRECTION('',(1.0,0.0,0.0));
#2252=DIRECTION('',(0.0,1.0,0.0));
#2253=ORIENTED_EDGE('',*,*,#3729,.T.);
#2254=ORIENTED_EDGE('',*,*,#3819,.T.);
#2255=ORIENTED_EDGE('',*,*,#3652,.T.);
#2256=ORIENTED_EDGE('',*,*,#3639,.F.);
#2257=ORIENTED_EDGE('',*,*,#3820,.F.);
#2258=CARTESIAN_POINT('',(8.83000000000001,28.4000000000011,16.3999999999999));
#2259=DIRECTION('',(0.0,-1.0,0.0));
#2260=DIRECTION('',(-1.0,0.0,0.0));
#2261=ORIENTED_EDGE('',*,*,#3663,.F.);
#2262=ORIENTED_EDGE('',*,*,#3821,.F.);
#2263=ORIENTED_EDGE('',*,*,#3688,.F.);
#2264=ORIENTED_EDGE('',*,*,#3617,.T.);
#2265=CARTESIAN_POINT('',(-0.19303604985999,14.3604999999986,-1.49924517245381E-12));
#2266=DIRECTION('',(-1.22464679914735E-16,1.0,-1.11910480882216E-13));
#2267=DIRECTION('',(0.0,-1.11910480882216E-13,-1.0));
#2268=ORIENTED_EDGE('',*,*,#3762,.F.);
#2269=ORIENTED_EDGE('',*,*,#3822,.F.);
#2270=ORIENTED_EDGE('',*,*,#3691,.F.);
#2271=ORIENTED_EDGE('',*,*,#3628,.T.);
#2272=CARTESIAN_POINT('',(-0.19303604985999,6.0604999999988,-4.9915627187147E-13));
#2273=DIRECTION('',(-1.22464679914735E-16,1.0,-1.11910480882216E-13));
#2274=DIRECTION('',(0.0,-1.11910480882216E-13,-1.0));
#2275=ORIENTED_EDGE('',*,*,#3823,.F.);
#2276=ORIENTED_EDGE('',*,*,#3824,.T.);
#2277=ORIENTED_EDGE('',*,*,#3598,.F.);
#2278=ORIENTED_EDGE('',*,*,#3825,.F.);
#2279=CARTESIAN_POINT('',(9.23,13.2504999999991,0.700000000000001));
#2280=DIRECTION('',(0.0,1.0,0.0));
#2281=DIRECTION('',(-1.0,0.0,0.0));
#2282=ORIENTED_EDGE('',*,*,#3661,.T.);
#2283=ORIENTED_EDGE('',*,*,#3826,.T.);
#2284=ORIENTED_EDGE('',*,*,#3827,.T.);
#2285=ORIENTED_EDGE('',*,*,#3828,.F.);
#2286=ORIENTED_EDGE('',*,*,#3829,.T.);
#2287=ORIENTED_EDGE('',*,*,#3830,.T.);
#2288=ORIENTED_EDGE('',*,*,#3736,.F.);
#2289=ORIENTED_EDGE('',*,*,#3831,.T.);
#2290=ORIENTED_EDGE('',*,*,#3832,.T.);
#2291=ORIENTED_EDGE('',*,*,#3833,.F.);
#2292=ORIENTED_EDGE('',*,*,#3582,.T.);
#2293=ORIENTED_EDGE('',*,*,#3556,.T.);
#2294=CARTESIAN_POINT('',(2.22999999999986,6.2750000000022,26.4000024000014));
#2295=DIRECTION('',(0.0,1.0,-1.11910480882216E-13));
#2296=DIRECTION('',(-0.0,-1.11910480882216E-13,-1.0));
#2297=ORIENTED_EDGE('',*,*,#3834,.T.);
#2298=ORIENTED_EDGE('',*,*,#3835,.T.);
#2299=ORIENTED_EDGE('',*,*,#3641,.T.);
#2300=ORIENTED_EDGE('',*,*,#3836,.T.);
#2301=CARTESIAN_POINT('',(4.98,12.3950000000016,24.746410161512));
#2302=DIRECTION('',(0.0,-2.08097265584195E-15,1.0));
#2303=DIRECTION('',(-0.0,-1.0,-2.08097265584195E-15));
#2304=ORIENTED_EDGE('',*,*,#3837,.F.);
#2305=ORIENTED_EDGE('',*,*,#3838,.T.);
#2306=ORIENTED_EDGE('',*,*,#3839,.T.);
#2307=ORIENTED_EDGE('',*,*,#3659,.T.);
#2308=CARTESIAN_POINT('',(4.08000106361706,-1.8700024000021,3.2));
#2309=DIRECTION('',(-1.0,0.0,0.0));
#2310=DIRECTION('',(0.0,0.0,1.0));
#2311=ORIENTED_EDGE('',*,*,#3779,.F.);
#2312=ORIENTED_EDGE('',*,*,#3753,.T.);
#2313=ORIENTED_EDGE('',*,*,#3740,.T.);
#2314=ORIENTED_EDGE('',*,*,#3635,.T.);
#2315=ORIENTED_EDGE('',*,*,#3840,.T.);
#2316=ORIENTED_EDGE('',*,*,#3841,.T.);
#2317=CARTESIAN_POINT('',(10.7006818665584,8.146766673315,0.700000000000001));
#2318=DIRECTION('',(0.0,0.0,-1.0));
#2319=DIRECTION('',(0.0,-1.0,0.0));
#2320=ORIENTED_EDGE('',*,*,#3625,.T.);
#2321=ORIENTED_EDGE('',*,*,#3809,.T.);
#2322=ORIENTED_EDGE('',*,*,#3842,.F.);
#2323=ORIENTED_EDGE('',*,*,#3810,.F.);
#2324=CARTESIAN_POINT('',(-0.88499999999999,5.3191249999991,1.2));
#2325=DIRECTION('',(-1.0,0.0,0.0));
#2326=DIRECTION('',(0.0,0.0,1.0));
#2327=ORIENTED_EDGE('',*,*,#3769,.F.);
#2328=ORIENTED_EDGE('',*,*,#3843,.F.);
#2329=ORIENTED_EDGE('',*,*,#3844,.T.);
#2330=ORIENTED_EDGE('',*,*,#3845,.F.);
#2331=CARTESIAN_POINT('',(10.7919190000001,1.2999999999997,33.8800024));
#2332=DIRECTION('',(0.0,1.0,0.0));
#2333=DIRECTION('',(-1.0,0.0,0.0));
#2334=ORIENTED_EDGE('',*,*,#3846,.F.);
#2335=ORIENTED_EDGE('',*,*,#3702,.F.);
#2336=ORIENTED_EDGE('',*,*,#3766,.F.);
#2337=ORIENTED_EDGE('',*,*,#3721,.T.);
#2338=CARTESIAN_POINT('',(9.99200722162641E-15,17.7000000000176,20.2999999999995));
#2339=DIRECTION('',(0.0,0.0,-1.0));
#2340=DIRECTION('',(0.0,-1.0,0.0));
#2341=ORIENTED_EDGE('',*,*,#3847,.F.);
#2342=ORIENTED_EDGE('',*,*,#3848,.F.);
#2343=ORIENTED_EDGE('',*,*,#3650,.F.);
#2344=ORIENTED_EDGE('',*,*,#3849,.T.);
#2345=CARTESIAN_POINT('',(4.88000000000001,2.6162835403633,4.0999999999998));
#2346=DIRECTION('',(0.0,1.46197732049608E-17,-1.0));
#2347=DIRECTION('',(1.0,0.0,0.0));
#2348=ORIENTED_EDGE('',*,*,#3850,.T.);
#2349=ORIENTED_EDGE('',*,*,#3851,.F.);
#2350=ORIENTED_EDGE('',*,*,#3852,.F.);
#2351=ORIENTED_EDGE('',*,*,#3528,.T.);
#2352=ORIENTED_EDGE('',*,*,#3853,.F.);
#2353=ORIENTED_EDGE('',*,*,#3541,.T.);
#2354=ORIENTED_EDGE('',*,*,#3801,.F.);
#2355=ORIENTED_EDGE('',*,*,#3854,.T.);
#2356=CARTESIAN_POINT('',(4.98000000000001,17.649782217361,14.6999999999999));
#2357=DIRECTION('',(0.0,0.0,-1.0));
#2358=DIRECTION('',(0.0,-1.0,0.0));
#2359=ORIENTED_EDGE('',*,*,#3855,.F.);
#2360=ORIENTED_EDGE('',*,*,#3856,.T.);
#2361=ORIENTED_EDGE('',*,*,#3857,.T.);
#2362=ORIENTED_EDGE('',*,*,#3803,.T.);
#2363=ORIENTED_EDGE('',*,*,#3858,.T.);
#2364=ORIENTED_EDGE('',*,*,#3851,.T.);
#2365=CARTESIAN_POINT('',(4.48000000000267,17.3250000000178,5.02973706206634));
#2366=DIRECTION('',(5.1258140946685E-14,1.0,2.94033263228045E-40));
#2367=DIRECTION('',(-1.0,5.1258140946685E-14,0.0));
#2368=ORIENTED_EDGE('',*,*,#3571,.T.);
#2369=ORIENTED_EDGE('',*,*,#3718,.T.);
#2370=ORIENTED_EDGE('',*,*,#3560,.T.);
#2371=ORIENTED_EDGE('',*,*,#3705,.F.);
#2372=CARTESIAN_POINT('',(9.99200722162641E-15,5.95,28.2999999999995));
#2373=DIRECTION('',(0.0,0.0,1.0));
#2374=DIRECTION('',(-1.0,0.0,0.0));
#2375=ORIENTED_EDGE('',*,*,#3859,.F.);
#2376=ORIENTED_EDGE('',*,*,#3860,.T.);
#2377=ORIENTED_EDGE('',*,*,#3861,.T.);
#2378=ORIENTED_EDGE('',*,*,#3862,.T.);
#2379=ORIENTED_EDGE('',*,*,#3863,.T.);
#2380=ORIENTED_EDGE('',*,*,#3864,.F.);
#2381=ORIENTED_EDGE('',*,*,#3865,.F.);
#2382=CARTESIAN_POINT('',(1.88000106361706,17.9400000000025,5.19999999999996));
#2383=DIRECTION('',(1.0,0.0,0.0));
#2384=DIRECTION('',(0.0,1.0,0.0));
#2385=ORIENTED_EDGE('',*,*,#3844,.F.);
#2386=ORIENTED_EDGE('',*,*,#3866,.F.);
#2387=ORIENTED_EDGE('',*,*,#3867,.T.);
#2388=ORIENTED_EDGE('',*,*,#3868,.T.);
#2389=ORIENTED_EDGE('',*,*,#3869,.F.);
#2390=CARTESIAN_POINT('',(9.86000000000001,0.299999999999699,33.8800024));
#2391=DIRECTION('',(-1.0,0.0,0.0));
#2392=DIRECTION('',(0.0,0.0,1.0));
#2393=ORIENTED_EDGE('',*,*,#3796,.T.);
#2394=ORIENTED_EDGE('',*,*,#3870,.F.);
#2395=ORIENTED_EDGE('',*,*,#3664,.F.);
#2396=ORIENTED_EDGE('',*,*,#3615,.T.);
#2397=CARTESIAN_POINT('',(-0.53917450288708,14.7208749999991,1.2));
#2398=DIRECTION('',(0.0,-1.0,0.0));
#2399=DIRECTION('',(0.0,0.0,-1.0));
#2400=ORIENTED_EDGE('',*,*,#3623,.T.);
#2401=ORIENTED_EDGE('',*,*,#3513,.F.);
#2402=ORIENTED_EDGE('',*,*,#3871,.F.);
#2403=ORIENTED_EDGE('',*,*,#3807,.F.);
#2404=CARTESIAN_POINT('',(-0.29919833058465,5.3418326210673,33.8800024));
#2405=DIRECTION('',(-0.738327768615533,0.674442070226352,0.0));
#2406=DIRECTION('',(0.0,0.0,-1.0));
#2407=ORIENTED_EDGE('',*,*,#3842,.T.);
#2408=ORIENTED_EDGE('',*,*,#3808,.F.);
#2409=ORIENTED_EDGE('',*,*,#3871,.T.);
#2410=ORIENTED_EDGE('',*,*,#3512,.T.);
#2411=ORIENTED_EDGE('',*,*,#3692,.F.);
#2412=ORIENTED_EDGE('',*,*,#3822,.T.);
#2413=ORIENTED_EDGE('',*,*,#3761,.T.);
#2414=ORIENTED_EDGE('',*,*,#3811,.T.);
#2415=CARTESIAN_POINT('',(0.20000000000001,10.4500000000088,15.5));
#2416=DIRECTION('',(0.0,0.0,-1.0));
#2417=DIRECTION('',(0.0,-1.0,0.0));
#2418=ORIENTED_EDGE('',*,*,#3826,.F.);
#2419=ORIENTED_EDGE('',*,*,#3660,.T.);
#2420=ORIENTED_EDGE('',*,*,#3566,.T.);
#2421=ORIENTED_EDGE('',*,*,#3872,.T.);
#2422=ORIENTED_EDGE('',*,*,#3503,.F.);
#2423=ORIENTED_EDGE('',*,*,#3873,.F.);
#2424=ORIENTED_EDGE('',*,*,#3521,.F.);
#2425=ORIENTED_EDGE('',*,*,#3874,.F.);
#2426=ORIENTED_EDGE('',*,*,#3875,.F.);
#2427=CARTESIAN_POINT('',(2.2300000000002,5.4675740560583,10.1502355955423));
#2428=DIRECTION('',(1.0,0.0,0.0));
#2429=DIRECTION('',(0.0,1.0,0.0));
#2430=ORIENTED_EDGE('',*,*,#3876,.T.);
#2431=ORIENTED_EDGE('',*,*,#3559,.T.);
#2432=ORIENTED_EDGE('',*,*,#3522,.T.);
#2433=ORIENTED_EDGE('',*,*,#3873,.T.);
#2434=CARTESIAN_POINT('',(4.98000000000001,6.2749999999999,7.29999999999989));
#2435=DIRECTION('',(0.0,0.0,1.0));
#2436=DIRECTION('',(-1.0,0.0,0.0));
#2437=ORIENTED_EDGE('',*,*,#3850,.F.);
#2438=ORIENTED_EDGE('',*,*,#3877,.T.);
#2439=ORIENTED_EDGE('',*,*,#3878,.F.);
#2440=ORIENTED_EDGE('',*,*,#3548,.F.);
#2441=ORIENTED_EDGE('',*,*,#3737,.F.);
#2442=ORIENTED_EDGE('',*,*,#3830,.F.);
#2443=ORIENTED_EDGE('',*,*,#3879,.F.);
#2444=ORIENTED_EDGE('',*,*,#3880,.F.);
#2445=ORIENTED_EDGE('',*,*,#3881,.T.);
#2446=ORIENTED_EDGE('',*,*,#3882,.F.);
#2447=ORIENTED_EDGE('',*,*,#3680,.T.);
#2448=ORIENTED_EDGE('',*,*,#3883,.T.);
#2449=ORIENTED_EDGE('',*,*,#3884,.T.);
#2450=ORIENTED_EDGE('',*,*,#3885,.F.);
#2451=ORIENTED_EDGE('',*,*,#3886,.F.);
#2452=ORIENTED_EDGE('',*,*,#3855,.T.);
#2453=CARTESIAN_POINT('',(1.23999999999995,15.3000000000006,0.0));
#2454=DIRECTION('',(1.0,0.0,0.0));
#2455=DIRECTION('',(0.0,1.0,0.0));
#2456=ORIENTED_EDGE('',*,*,#3799,.T.);
#2457=ORIENTED_EDGE('',*,*,#3577,.F.);
#2458=ORIENTED_EDGE('',*,*,#3667,.T.);
#2459=ORIENTED_EDGE('',*,*,#3887,.F.);
#2460=ORIENTED_EDGE('',*,*,#3683,.T.);
#2461=ORIENTED_EDGE('',*,*,#3888,.T.);
#2462=ORIENTED_EDGE('',*,*,#3818,.T.);
#2463=ORIENTED_EDGE('',*,*,#3725,.F.);
#2464=ORIENTED_EDGE('',*,*,#3651,.F.);
#2465=ORIENTED_EDGE('',*,*,#3848,.T.);
#2466=ORIENTED_EDGE('',*,*,#3889,.T.);
#2467=ORIENTED_EDGE('',*,*,#3812,.T.);
#2468=ORIENTED_EDGE('',*,*,#3890,.T.);
#2469=ORIENTED_EDGE('',*,*,#3891,.T.);
#2470=ORIENTED_EDGE('',*,*,#3892,.T.);
#2471=ORIENTED_EDGE('',*,*,#3893,.T.);
#2472=ORIENTED_EDGE('',*,*,#3894,.F.);
#2473=ORIENTED_EDGE('',*,*,#3895,.F.);
#2474=CARTESIAN_POINT('',(8.980001063617,4.5,0.0));
#2475=DIRECTION('',(0.0,-1.0,0.0));
#2476=DIRECTION('',(0.0,0.0,-1.0));
#2477=ORIENTED_EDGE('',*,*,#3877,.F.);
#2478=ORIENTED_EDGE('',*,*,#3854,.F.);
#2479=ORIENTED_EDGE('',*,*,#3800,.T.);
#2480=ORIENTED_EDGE('',*,*,#3896,.T.);
#2481=ORIENTED_EDGE('',*,*,#3897,.F.);
#2482=ORIENTED_EDGE('',*,*,#3898,.T.);
#2483=CARTESIAN_POINT('',(0.955000000002715,15.2250000000006,0.0));
#2484=DIRECTION('',(0.0,1.0,0.0));
#2485=DIRECTION('',(-1.0,0.0,0.0));
#2486=ORIENTED_EDGE('',*,*,#3899,.F.);
#2487=ORIENTED_EDGE('',*,*,#3890,.F.);
#2488=ORIENTED_EDGE('',*,*,#3815,.T.);
#2489=ORIENTED_EDGE('',*,*,#3900,.T.);
#2490=CARTESIAN_POINT('',(1.23999999999995,15.3000000000006,0.0));
#2491=DIRECTION('',(1.0,0.0,0.0));
#2492=DIRECTION('',(0.0,1.0,0.0));
#2493=ORIENTED_EDGE('',*,*,#3675,.F.);
#2494=ORIENTED_EDGE('',*,*,#3901,.F.);
#2495=ORIENTED_EDGE('',*,*,#3902,.T.);
#2496=ORIENTED_EDGE('',*,*,#3772,.F.);
#2497=CARTESIAN_POINT('',(10.8299999999999,3.1999999999999,0.0));
#2498=DIRECTION('',(0.0,-1.0,0.0));
#2499=DIRECTION('',(0.0,0.0,-1.0));
#2500=ORIENTED_EDGE('',*,*,#3535,.F.);
#2501=ORIENTED_EDGE('',*,*,#3490,.F.);
#2502=ORIENTED_EDGE('',*,*,#3903,.F.);
#2503=ORIENTED_EDGE('',*,*,#3904,.F.);
#2504=ORIENTED_EDGE('',*,*,#3905,.F.);
#2505=CARTESIAN_POINT('',(0.20000000000001,-1.502622099698,33.8800024));
#2506=DIRECTION('',(1.0,0.0,0.0));
#2507=DIRECTION('',(0.0,1.0,0.0));
#2508=ORIENTED_EDGE('',*,*,#3906,.F.);
#2509=ORIENTED_EDGE('',*,*,#3792,.F.);
#2510=ORIENTED_EDGE('',*,*,#3907,.T.);
#2511=ORIENTED_EDGE('',*,*,#3885,.T.);
#2512=CARTESIAN_POINT('',(0.999999999999971,18.0000000000176,0.0));
#2513=DIRECTION('',(0.0,1.0,0.0));
#2514=DIRECTION('',(-1.0,0.0,0.0));
#2515=ORIENTED_EDGE('',*,*,#3904,.T.);
#2516=ORIENTED_EDGE('',*,*,#3908,.T.);
#2517=ORIENTED_EDGE('',*,*,#3867,.F.);
#2518=ORIENTED_EDGE('',*,*,#3909,.F.);
#2519=CARTESIAN_POINT('',(1.38000106361712,0.499999999999702,17.4000000000003));
#2520=DIRECTION('',(-1.0,0.0,0.0));
#2521=DIRECTION('',(0.0,0.0,1.0));
#2522=ORIENTED_EDGE('',*,*,#3910,.F.);
#2523=ORIENTED_EDGE('',*,*,#3911,.T.);
#2524=ORIENTED_EDGE('',*,*,#3743,.T.);
#2525=CARTESIAN_POINT('',(1.00000000000001,2.5083057960833,14.3030103869036));
#2526=DIRECTION('',(-1.0,0.0,0.0));
#2527=DIRECTION('',(0.0,0.0,1.0));
#2528=ORIENTED_EDGE('',*,*,#3912,.F.);
#2529=ORIENTED_EDGE('',*,*,#3611,.F.);
#2530=ORIENTED_EDGE('',*,*,#3654,.T.);
#2531=ORIENTED_EDGE('',*,*,#3510,.F.);
#2532=ORIENTED_EDGE('',*,*,#3876,.F.);
#2533=ORIENTED_EDGE('',*,*,#3506,.F.);
#2534=ORIENTED_EDGE('',*,*,#3519,.F.);
#2535=ORIENTED_EDGE('',*,*,#3606,.F.);
#2536=CARTESIAN_POINT('',(2.2300000000002,4.75,7.29999999999997));
#2537=DIRECTION('',(0.0,0.669130606358858,-0.743144825477394));
#2538=DIRECTION('',(1.0,0.0,0.0));
#2539=ORIENTED_EDGE('',*,*,#3630,.T.);
#2540=ORIENTED_EDGE('',*,*,#3690,.F.);
#2541=ORIENTED_EDGE('',*,*,#3913,.F.);
#2542=ORIENTED_EDGE('',*,*,#3759,.T.);
#2543=CARTESIAN_POINT('',(1.10134124042816E-13,13.7394999999987,-1.3997691894474E-12));
#2544=DIRECTION('',(1.22464679914735E-16,-1.0,1.11910480882216E-13));
#2545=DIRECTION('',(1.0,1.22464679914735E-16,0.0));
#2546=ORIENTED_EDGE('',*,*,#3817,.F.);
#2547=ORIENTED_EDGE('',*,*,#3914,.F.);
#2548=ORIENTED_EDGE('',*,*,#3677,.T.);
#2549=ORIENTED_EDGE('',*,*,#3771,.T.);
#2550=ORIENTED_EDGE('',*,*,#3915,.F.);
#2551=ORIENTED_EDGE('',*,*,#3868,.F.);
#2552=ORIENTED_EDGE('',*,*,#3908,.F.);
#2553=ORIENTED_EDGE('',*,*,#3903,.T.);
#2554=ORIENTED_EDGE('',*,*,#3489,.F.);
#2555=ORIENTED_EDGE('',*,*,#3579,.F.);
#2556=ORIENTED_EDGE('',*,*,#3645,.T.);
#2557=ORIENTED_EDGE('',*,*,#3694,.T.);
#2558=ORIENTED_EDGE('',*,*,#3669,.T.);
#2559=ORIENTED_EDGE('',*,*,#3916,.F.);
#2560=ORIENTED_EDGE('',*,*,#3900,.F.);
#2561=ORIENTED_EDGE('',*,*,#3814,.F.);
#2562=ORIENTED_EDGE('',*,*,#3917,.F.);
#2563=ORIENTED_EDGE('',*,*,#3849,.F.);
#2564=ORIENTED_EDGE('',*,*,#3649,.T.);
#2565=ORIENTED_EDGE('',*,*,#3724,.T.);
#2566=ORIENTED_EDGE('',*,*,#3764,.T.);
#2567=ORIENTED_EDGE('',*,*,#3918,.F.);
#2568=ORIENTED_EDGE('',*,*,#3730,.T.);
#2569=ORIENTED_EDGE('',*,*,#3820,.T.);
#2570=ORIENTED_EDGE('',*,*,#3638,.F.);
#2571=ORIENTED_EDGE('',*,*,#3608,.T.);
#2572=ORIENTED_EDGE('',*,*,#3919,.T.);
#2573=ORIENTED_EDGE('',*,*,#3604,.T.);
#2574=CARTESIAN_POINT('',(0.872861789486026,0.0,4.4470939718253));
#2575=DIRECTION('',(0.0,-1.0,0.0));
#2576=DIRECTION('',(0.0,0.0,-1.0));
#2577=ORIENTED_EDGE('',*,*,#3920,.T.);
#2578=ORIENTED_EDGE('',*,*,#3837,.T.);
#2579=ORIENTED_EDGE('',*,*,#3658,.T.);
#2580=ORIENTED_EDGE('',*,*,#3524,.F.);
#2581=CARTESIAN_POINT('',(5.78000106361706,18.5000000000176,0.5));
#2582=DIRECTION('',(-1.22464679914735E-16,-1.0,-0.0));
#2583=DIRECTION('',(0.0,0.0,-1.0));
#2584=ORIENTED_EDGE('',*,*,#3674,.F.);
#2585=ORIENTED_EDGE('',*,*,#3921,.T.);
#2586=ORIENTED_EDGE('',*,*,#3840,.F.);
#2587=ORIENTED_EDGE('',*,*,#3637,.T.);
#2588=ORIENTED_EDGE('',*,*,#3599,.F.);
#2589=ORIENTED_EDGE('',*,*,#3824,.F.);
#2590=ORIENTED_EDGE('',*,*,#3922,.F.);
#2591=ORIENTED_EDGE('',*,*,#3923,.T.);
#2592=ORIENTED_EDGE('',*,*,#3924,.F.);
#2593=ORIENTED_EDGE('',*,*,#3568,.F.);
#2594=ORIENTED_EDGE('',*,*,#3925,.F.);
#2595=ORIENTED_EDGE('',*,*,#3901,.T.);
#2596=CARTESIAN_POINT('',(9.23,10.9500000000088,0.35));
#2597=DIRECTION('',(1.0,1.22464679914735E-16,-1.37064582282151E-29));
#2598=DIRECTION('',(1.37064582282151E-29,0.0,1.0));
#2599=ORIENTED_EDGE('',*,*,#3765,.T.);
#2600=ORIENTED_EDGE('',*,*,#3700,.F.);
#2601=ORIENTED_EDGE('',*,*,#3562,.F.);
#2602=ORIENTED_EDGE('',*,*,#3723,.F.);
#2603=CARTESIAN_POINT('',(9.99200722162641E-15,5.45,23.4095230620663));
#2604=DIRECTION('',(0.0,-1.0,0.0));
#2605=DIRECTION('',(0.0,0.0,-1.0));
#2606=ORIENTED_EDGE('',*,*,#3926,.T.);
#2607=ORIENTED_EDGE('',*,*,#3880,.T.);
#2608=ORIENTED_EDGE('',*,*,#3927,.T.);
#2609=ORIENTED_EDGE('',*,*,#3786,.T.);
#2610=CARTESIAN_POINT('',(2.2300000000002,5.45,6.2999999999976));
#2611=DIRECTION('',(0.0,1.0,0.0));
#2612=DIRECTION('',(-1.0,0.0,0.0));
#2613=ORIENTED_EDGE('',*,*,#3928,.F.);
#2614=ORIENTED_EDGE('',*,*,#3543,.F.);
#2615=ORIENTED_EDGE('',*,*,#3929,.F.);
#2616=ORIENTED_EDGE('',*,*,#3532,.F.);
#2617=CARTESIAN_POINT('',(9.52633007413314,10.5828360800664,4.99999999999997));
#2618=DIRECTION('',(0.0,0.0,-1.0));
#2619=DIRECTION('',(0.0,-1.0,0.0));
#2620=ORIENTED_EDGE('',*,*,#3930,.F.);
#2621=ORIENTED_EDGE('',*,*,#3931,.T.);
#2622=ORIENTED_EDGE('',*,*,#3583,.T.);
#2623=ORIENTED_EDGE('',*,*,#3932,.T.);
#2624=ORIENTED_EDGE('',*,*,#3928,.T.);
#2625=ORIENTED_EDGE('',*,*,#3933,.T.);
#2626=ORIENTED_EDGE('',*,*,#3934,.F.);
#2627=CARTESIAN_POINT('',(8.08000106361706,5.3400000000025,5.19999999999996));
#2628=DIRECTION('',(-1.0,1.22464679914735E-16,0.0));
#2629=DIRECTION('',(1.22464679914735E-16,1.0,0.0));
#2630=ORIENTED_EDGE('',*,*,#3565,.F.);
#2631=ORIENTED_EDGE('',*,*,#3553,.T.);
#2632=ORIENTED_EDGE('',*,*,#3935,.T.);
#2633=ORIENTED_EDGE('',*,*,#3872,.F.);
#2634=CARTESIAN_POINT('',(6.13789891548697,5.0779839572642,13.2999999999996));
#2635=DIRECTION('',(-0.0,-1.12085614655113E-13,-1.0));
#2636=DIRECTION('',(0.0,-1.0,1.12085614655113E-13));
#2637=ORIENTED_EDGE('',*,*,#3936,.F.);
#2638=ORIENTED_EDGE('',*,*,#3745,.T.);
#2639=ORIENTED_EDGE('',*,*,#3620,.T.);
#2640=ORIENTED_EDGE('',*,*,#3656,.T.);
#2641=ORIENTED_EDGE('',*,*,#3591,.F.);
#2642=ORIENTED_EDGE('',*,*,#3937,.F.);
#2643=CARTESIAN_POINT('',(0.400000000000008,10.2000000000176,0.700000000000001));
#2644=DIRECTION('',(1.0,0.0,0.0));
#2645=DIRECTION('',(0.0,1.0,0.0));
#2646=ORIENTED_EDGE('',*,*,#3758,.T.);
#2647=ORIENTED_EDGE('',*,*,#3938,.T.);
#2648=ORIENTED_EDGE('',*,*,#3794,.F.);
#2649=ORIENTED_EDGE('',*,*,#3613,.F.);
#2650=CARTESIAN_POINT('',(-0.88499999999999,13.379124999999,1.2));
#2651=DIRECTION('',(0.0,1.0,0.0));
#2652=DIRECTION('',(-1.0,0.0,0.0));
#2653=ORIENTED_EDGE('',*,*,#3501,.T.);
#2654=ORIENTED_EDGE('',*,*,#3939,.T.);
#2655=ORIENTED_EDGE('',*,*,#3940,.F.);
#2656=ORIENTED_EDGE('',*,*,#3941,.F.);
#2657=ORIENTED_EDGE('',*,*,#3942,.F.);
#2658=CARTESIAN_POINT('',(4.98000000000001,10.050000000002,29.4999999999994));
#2659=DIRECTION('',(0.0,1.62979386084454E-13,1.0));
#2660=DIRECTION('',(0.0,-1.0,1.62979386084454E-13));
#2661=ORIENTED_EDGE('',*,*,#3742,.T.);
#2662=ORIENTED_EDGE('',*,*,#3696,.F.);
#2663=ORIENTED_EDGE('',*,*,#3536,.T.);
#2664=ORIENTED_EDGE('',*,*,#3905,.T.);
#2665=ORIENTED_EDGE('',*,*,#3909,.T.);
#2666=ORIENTED_EDGE('',*,*,#3866,.T.);
#2667=ORIENTED_EDGE('',*,*,#3843,.T.);
#2668=ORIENTED_EDGE('',*,*,#3768,.F.);
#2669=ORIENTED_EDGE('',*,*,#3585,.F.);
#2670=ORIENTED_EDGE('',*,*,#3494,.F.);
#2671=ORIENTED_EDGE('',*,*,#3943,.T.);
#2672=ORIENTED_EDGE('',*,*,#3910,.T.);
#2673=CARTESIAN_POINT('',(11.2615024000001,-2.7222529999989,17.9000000000003));
#2674=DIRECTION('',(0.0,0.0,-1.0));
#2675=DIRECTION('',(0.0,-1.0,0.0));
#2676=ORIENTED_EDGE('',*,*,#3944,.T.);
#2677=ORIENTED_EDGE('',*,*,#3945,.T.);
#2678=ORIENTED_EDGE('',*,*,#3946,.F.);
#2679=ORIENTED_EDGE('',*,*,#3947,.F.);
#2680=ORIENTED_EDGE('',*,*,#3948,.F.);
#2681=ORIENTED_EDGE('',*,*,#3940,.T.);
#2682=CARTESIAN_POINT('',(4.98000000000001,10.0500000000022,30.7999999999994));
#2683=DIRECTION('',(0.0,-1.62980740014973E-13,-1.0));
#2684=DIRECTION('',(1.0,0.0,0.0));
#2685=ORIENTED_EDGE('',*,*,#3732,.T.);
#2686=ORIENTED_EDGE('',*,*,#3949,.F.);
#2687=ORIENTED_EDGE('',*,*,#3515,.F.);
#2688=ORIENTED_EDGE('',*,*,#3504,.F.);
#2689=ORIENTED_EDGE('',*,*,#3935,.F.);
#2690=ORIENTED_EDGE('',*,*,#3508,.F.);
#2691=ORIENTED_EDGE('',*,*,#3653,.T.);
#2692=ORIENTED_EDGE('',*,*,#3819,.F.);
#2693=CARTESIAN_POINT('',(2.2300000000002,2.1344468991804,16.8999999999999));
#2694=DIRECTION('',(0.0,0.809016994374947,0.587785252292473));
#2695=DIRECTION('',(-1.0,0.0,0.0));
#2696=ORIENTED_EDGE('',*,*,#3682,.T.);
#2697=ORIENTED_EDGE('',*,*,#3950,.T.);
#2698=ORIENTED_EDGE('',*,*,#3816,.F.);
#2699=ORIENTED_EDGE('',*,*,#3888,.F.);
#2700=CARTESIAN_POINT('',(8.24000000000017,28.4000000000011,0.999999999999801));
#2701=DIRECTION('',(-0.0,1.0,0.0));
#2702=DIRECTION('',(1.0,0.0,0.0));
#2703=ORIENTED_EDGE('',*,*,#3914,.T.);
#2704=ORIENTED_EDGE('',*,*,#3950,.F.);
#2705=ORIENTED_EDGE('',*,*,#3685,.F.);
#2706=ORIENTED_EDGE('',*,*,#3951,.T.);
#2707=ORIENTED_EDGE('',*,*,#3665,.T.);
#2708=CARTESIAN_POINT('',(8.74000000000017,0.0,0.0));
#2709=DIRECTION('',(-0.866025403784439,-0.5,-0.0));
#2710=DIRECTION('',(0.0,0.0,-1.0));
#2711=ORIENTED_EDGE('',*,*,#3757,.T.);
#2712=ORIENTED_EDGE('',*,*,#3913,.T.);
#2713=ORIENTED_EDGE('',*,*,#3689,.F.);
#2714=ORIENTED_EDGE('',*,*,#3821,.T.);
#2715=ORIENTED_EDGE('',*,*,#3662,.T.);
#2716=ORIENTED_EDGE('',*,*,#3870,.T.);
#2717=ORIENTED_EDGE('',*,*,#3795,.T.);
#2718=ORIENTED_EDGE('',*,*,#3938,.F.);
#2719=CARTESIAN_POINT('',(0.656953056128704,1.7885602250143,15.4999999999999));
#2720=DIRECTION('',(-0.0,-1.11910480882216E-13,-1.0));
#2721=DIRECTION('',(0.0,-1.0,1.11910480882216E-13));
#2722=ORIENTED_EDGE('',*,*,#3747,.F.);
#2723=ORIENTED_EDGE('',*,*,#3952,.T.);
#2724=ORIENTED_EDGE('',*,*,#3953,.T.);
#2725=ORIENTED_EDGE('',*,*,#3947,.T.);
#2726=ORIENTED_EDGE('',*,*,#3954,.F.);
#2727=CARTESIAN_POINT('',(4.98000000000001,10.0500000000019,30.5999999999994));
#2728=DIRECTION('',(0.0,1.62977739412202E-13,1.0));
#2729=DIRECTION('',(0.0,-1.0,1.62977739412202E-13));
#2730=ORIENTED_EDGE('',*,*,#3793,.T.);
#2731=ORIENTED_EDGE('',*,*,#3713,.T.);
#2732=ORIENTED_EDGE('',*,*,#3955,.F.);
#2733=ORIENTED_EDGE('',*,*,#3783,.F.);
#2734=CARTESIAN_POINT('',(1.38000106361712,6.3999999999997,22.2999999999984));
#2735=DIRECTION('',(1.0,-0.0,0.0));
#2736=DIRECTION('',(0.0,0.0,-1.0));
#2737=ORIENTED_EDGE('',*,*,#3846,.T.);
#2738=ORIENTED_EDGE('',*,*,#3720,.T.);
#2739=ORIENTED_EDGE('',*,*,#3956,.F.);
#2740=ORIENTED_EDGE('',*,*,#3703,.F.);
#2741=CARTESIAN_POINT('',(1.38000106361712,15.55,20.7999999999995));
#2742=DIRECTION('',(-1.0,0.0,0.0));
#2743=DIRECTION('',(0.0,0.0,1.0));
#2744=ORIENTED_EDGE('',*,*,#3957,.F.);
#2745=ORIENTED_EDGE('',*,*,#3958,.F.);
#2746=ORIENTED_EDGE('',*,*,#3959,.T.);
#2747=ORIENTED_EDGE('',*,*,#3960,.T.);
#2748=ORIENTED_EDGE('',*,*,#3961,.F.);
#2749=ORIENTED_EDGE('',*,*,#3962,.F.);
#2750=ORIENTED_EDGE('',*,*,#3963,.F.);
#2751=ORIENTED_EDGE('',*,*,#3881,.F.);
#2752=ORIENTED_EDGE('',*,*,#3926,.F.);
#2753=ORIENTED_EDGE('',*,*,#3785,.T.);
#2754=ORIENTED_EDGE('',*,*,#3906,.T.);
#2755=ORIENTED_EDGE('',*,*,#3884,.F.);
#2756=CARTESIAN_POINT('',(8.98500000000009,10.9500000000088,0.5));
#2757=DIRECTION('',(-0.0,-0.0,-1.0));
#2758=DIRECTION('',(0.0,-1.0,0.0));
#2759=ORIENTED_EDGE('',*,*,#3704,.T.);
#2760=ORIENTED_EDGE('',*,*,#3956,.T.);
#2761=ORIENTED_EDGE('',*,*,#3719,.T.);
#2762=ORIENTED_EDGE('',*,*,#3573,.F.);
#2763=CARTESIAN_POINT('',(9.99200722162641E-15,16.05,17.6829220620663));
#2764=DIRECTION('',(0.0,-1.0,0.0));
#2765=DIRECTION('',(0.0,0.0,-1.0));
#2766=ORIENTED_EDGE('',*,*,#3964,.T.);
#2767=ORIENTED_EDGE('',*,*,#3965,.F.);
#2768=ORIENTED_EDGE('',*,*,#3893,.F.);
#2769=ORIENTED_EDGE('',*,*,#3966,.T.);
#2770=CARTESIAN_POINT('',(5.88000106361706,4.3214077086446,1.1645819050551));
#2771=DIRECTION('',(0.0,0.258819045102521,-0.965925826289068));
#2772=DIRECTION('',(1.0,0.0,0.0));
#2773=ORIENTED_EDGE('',*,*,#3802,.F.);
#2774=ORIENTED_EDGE('',*,*,#3551,.F.);
#2775=ORIENTED_EDGE('',*,*,#3861,.F.);
#2776=ORIENTED_EDGE('',*,*,#3896,.F.);
#2777=CARTESIAN_POINT('',(9.52633007413314,10.5828360800664,4.99999999999997));
#2778=DIRECTION('',(0.0,0.0,-1.0));
#2779=DIRECTION('',(0.0,-1.0,0.0));
#2780=ORIENTED_EDGE('',*,*,#3828,.T.);
#2781=ORIENTED_EDGE('',*,*,#3862,.F.);
#2782=ORIENTED_EDGE('',*,*,#3550,.T.);
#2783=ORIENTED_EDGE('',*,*,#3788,.T.);
#2784=CARTESIAN_POINT('',(8.70800134916061,11.771893426759,4.99999999999997));
#2785=DIRECTION('',(0.0,0.0,1.0));
#2786=DIRECTION('',(-1.0,0.0,0.0));
#2787=ORIENTED_EDGE('',*,*,#3852,.T.);
#2788=ORIENTED_EDGE('',*,*,#3858,.F.);
#2789=ORIENTED_EDGE('',*,*,#3806,.T.);
#2790=ORIENTED_EDGE('',*,*,#3967,.T.);
#2791=ORIENTED_EDGE('',*,*,#3958,.T.);
#2792=ORIENTED_EDGE('',*,*,#3968,.F.);
#2793=ORIENTED_EDGE('',*,*,#3678,.F.);
#2794=ORIENTED_EDGE('',*,*,#3969,.T.);
#2795=ORIENTED_EDGE('',*,*,#3962,.T.);
#2796=ORIENTED_EDGE('',*,*,#3970,.T.);
#2797=ORIENTED_EDGE('',*,*,#3971,.T.);
#2798=ORIENTED_EDGE('',*,*,#3831,.F.);
#2799=ORIENTED_EDGE('',*,*,#3738,.T.);
#2800=ORIENTED_EDGE('',*,*,#3546,.T.);
#2801=ORIENTED_EDGE('',*,*,#3755,.T.);
#2802=ORIENTED_EDGE('',*,*,#3529,.T.);
#2803=CARTESIAN_POINT('',(8.74000000000017,18.0000000000176,0.0));
#2804=DIRECTION('',(1.0,0.0,0.0));
#2805=DIRECTION('',(0.0,1.0,0.0));
#2806=ORIENTED_EDGE('',*,*,#3607,.T.);
#2807=ORIENTED_EDGE('',*,*,#3912,.T.);
#2808=ORIENTED_EDGE('',*,*,#3605,.F.);
#2809=ORIENTED_EDGE('',*,*,#3919,.F.);
#2810=CARTESIAN_POINT('',(2.2300000000002,2.3066524673757,5.09999999999997));
#2811=DIRECTION('',(0.0,0.0,-1.0));
#2812=DIRECTION('',(0.0,-1.0,0.0));
#2813=ORIENTED_EDGE('',*,*,#3798,.F.);
#2814=ORIENTED_EDGE('',*,*,#3972,.F.);
#2815=ORIENTED_EDGE('',*,*,#3916,.T.);
#2816=ORIENTED_EDGE('',*,*,#3668,.T.);
#2817=ORIENTED_EDGE('',*,*,#3575,.T.);
#2818=CARTESIAN_POINT('',(3.95125063398185,4.6960238501099,0.0));
#2819=DIRECTION('',(0.866025403784439,-0.5,0.0));
#2820=DIRECTION('',(0.5,0.866025403784439,0.0));
#2821=ORIENTED_EDGE('',*,*,#3961,.T.);
#2822=ORIENTED_EDGE('',*,*,#3973,.T.);
#2823=ORIENTED_EDGE('',*,*,#3974,.T.);
#2824=ORIENTED_EDGE('',*,*,#3970,.F.);
#2825=CARTESIAN_POINT('',(2.2300000000002,5.45,6.2999999999976));
#2826=DIRECTION('',(0.0,1.0,0.0));
#2827=DIRECTION('',(-1.0,0.0,0.0));
#2828=ORIENTED_EDGE('',*,*,#3929,.T.);
#2829=ORIENTED_EDGE('',*,*,#3542,.F.);
#2830=ORIENTED_EDGE('',*,*,#3853,.T.);
#2831=ORIENTED_EDGE('',*,*,#3533,.F.);
#2832=CARTESIAN_POINT('',(7.5799999999973,13.8750000000001,14.7999999999999));
#2833=DIRECTION('',(1.0,0.0,0.0));
#2834=DIRECTION('',(0.0,1.0,0.0));
#2835=ORIENTED_EDGE('',*,*,#3727,.F.);
#2836=ORIENTED_EDGE('',*,*,#3784,.F.);
#2837=ORIENTED_EDGE('',*,*,#3955,.T.);
#2838=ORIENTED_EDGE('',*,*,#3712,.T.);
#2839=CARTESIAN_POINT('',(10.16,15.2999999999997,22.7999999999984));
#2840=DIRECTION('',(0.0,0.0,1.0));
#2841=DIRECTION('',(-1.0,0.0,0.0));
#2842=ORIENTED_EDGE('',*,*,#3751,.F.);
#2843=ORIENTED_EDGE('',*,*,#3698,.F.);
#2844=ORIENTED_EDGE('',*,*,#3744,.F.);
#2845=ORIENTED_EDGE('',*,*,#3911,.F.);
#2846=ORIENTED_EDGE('',*,*,#3943,.F.);
#2847=ORIENTED_EDGE('',*,*,#3493,.F.);
#2848=ORIENTED_EDGE('',*,*,#3587,.T.);
#2849=ORIENTED_EDGE('',*,*,#3767,.F.);
#2850=CARTESIAN_POINT('',(1.00000000000001,4.45,20.4766640620663));
#2851=DIRECTION('',(0.0,1.0,0.0));
#2852=DIRECTION('',(-1.0,0.0,0.0));
#2853=ORIENTED_EDGE('',*,*,#3749,.T.);
#2854=ORIENTED_EDGE('',*,*,#3975,.T.);
#2855=ORIENTED_EDGE('',*,*,#3834,.F.);
#2856=ORIENTED_EDGE('',*,*,#3976,.F.);
#2857=CARTESIAN_POINT('',(4.98000000000001,10.0500000000019,27.0809401076739));
#2858=DIRECTION('',(0.0,-2.09476042382101E-15,1.0));
#2859=DIRECTION('',(-0.0,-1.0,-2.09476042382101E-15));
#2860=ORIENTED_EDGE('',*,*,#3977,.T.);
#2861=ORIENTED_EDGE('',*,*,#3838,.F.);
#2862=ORIENTED_EDGE('',*,*,#3920,.F.);
#2863=ORIENTED_EDGE('',*,*,#3527,.F.);
#2864=CARTESIAN_POINT('',(5.88000106361706,18.1000000000176,1.4));
#2865=DIRECTION('',(-0.0,-0.258819045102521,-0.965925826289068));
#2866=DIRECTION('',(0.0,-0.965925826289068,0.258819045102521));
#2867=ORIENTED_EDGE('',*,*,#3978,.F.);
#2868=ORIENTED_EDGE('',*,*,#3979,.T.);
#2869=ORIENTED_EDGE('',*,*,#3596,.F.);
#2870=ORIENTED_EDGE('',*,*,#3778,.F.);
#2871=CARTESIAN_POINT('',(9.89391494972431,13.5849999999991,0.700000000000001));
#2872=DIRECTION('',(0.0,1.0,0.0));
#2873=DIRECTION('',(-1.0,0.0,0.0));
#2874=ORIENTED_EDGE('',*,*,#3847,.T.);
#2875=ORIENTED_EDGE('',*,*,#3917,.T.);
#2876=ORIENTED_EDGE('',*,*,#3813,.F.);
#2877=ORIENTED_EDGE('',*,*,#3889,.F.);
#2878=CARTESIAN_POINT('',(2.02558728263612,28.4000000000011,3.5999999999998));
#2879=DIRECTION('',(3.91735642379542E-18,1.0,1.46197732049608E-17));
#2880=DIRECTION('',(0.0,1.46197732049608E-17,-1.0));
#2881=ORIENTED_EDGE('',*,*,#3936,.T.);
#2882=ORIENTED_EDGE('',*,*,#3980,.F.);
#2883=ORIENTED_EDGE('',*,*,#3707,.T.);
#2884=ORIENTED_EDGE('',*,*,#3746,.F.);
#2885=CARTESIAN_POINT('',(0.540681866558426,8.146766673315,0.700000000000001));
#2886=DIRECTION('',(0.0,0.0,-1.0));
#2887=DIRECTION('',(0.0,-1.0,0.0));
#2888=ORIENTED_EDGE('',*,*,#3781,.F.);
#2889=ORIENTED_EDGE('',*,*,#3981,.T.);
#2890=ORIENTED_EDGE('',*,*,#3686,.F.);
#2891=ORIENTED_EDGE('',*,*,#3589,.T.);
#2892=CARTESIAN_POINT('',(11.2615024000001,11.7894486751701,57.441684092203));
#2893=DIRECTION('',(0.0,-0.984807753012228,-0.173648177666819));
#2894=DIRECTION('',(0.0,0.173648177666819,-0.984807753012228));
#2895=ORIENTED_EDGE('',*,*,#3763,.F.);
#2896=ORIENTED_EDGE('',*,*,#3516,.T.);
#2897=ORIENTED_EDGE('',*,*,#3949,.T.);
#2898=ORIENTED_EDGE('',*,*,#3731,.T.);
#2899=ORIENTED_EDGE('',*,*,#3918,.T.);
#2900=CARTESIAN_POINT('',(1.23,28.4000000000011,16.3999999999999));
#2901=DIRECTION('',(-0.0,1.0,0.0));
#2902=DIRECTION('',(1.0,0.0,0.0));
#2903=ORIENTED_EDGE('',*,*,#3951,.F.);
#2904=ORIENTED_EDGE('',*,*,#3684,.F.);
#2905=ORIENTED_EDGE('',*,*,#3887,.T.);
#2906=ORIENTED_EDGE('',*,*,#3666,.T.);
#2907=CARTESIAN_POINT('',(5.56457351945723,3.5,14.5500200620663));
#2908=DIRECTION('',(0.0,0.0,1.0));
#2909=DIRECTION('',(1.0,0.0,0.0));
#2910=ORIENTED_EDGE('',*,*,#3915,.T.);
#2911=ORIENTED_EDGE('',*,*,#3770,.T.);
#2912=ORIENTED_EDGE('',*,*,#3845,.T.);
#2913=ORIENTED_EDGE('',*,*,#3869,.T.);
#2914=CARTESIAN_POINT('',(10.16,0.0,0.999999999999801));
#2915=DIRECTION('',(0.0,0.0,1.0));
#2916=DIRECTION('',(-1.0,0.0,0.0));
#2917=ORIENTED_EDGE('',*,*,#3899,.T.);
#2918=ORIENTED_EDGE('',*,*,#3972,.T.);
#2919=ORIENTED_EDGE('',*,*,#3797,.F.);
#2920=ORIENTED_EDGE('',*,*,#3891,.F.);
#2921=CARTESIAN_POINT('',(1.73999999999995,28.4000000000011,0.999999999999801));
#2922=DIRECTION('',(-0.0,1.0,0.0));
#2923=DIRECTION('',(1.0,0.0,0.0));
#2924=ORIENTED_EDGE('',*,*,#3921,.F.);
#2925=ORIENTED_EDGE('',*,*,#3673,.T.);
#2926=ORIENTED_EDGE('',*,*,#3708,.F.);
#2927=ORIENTED_EDGE('',*,*,#3980,.T.);
#2928=ORIENTED_EDGE('',*,*,#3937,.T.);
#2929=ORIENTED_EDGE('',*,*,#3594,.F.);
#2930=ORIENTED_EDGE('',*,*,#3687,.T.);
#2931=ORIENTED_EDGE('',*,*,#3981,.F.);
#2932=ORIENTED_EDGE('',*,*,#3780,.T.);
#2933=ORIENTED_EDGE('',*,*,#3841,.F.);
#2934=ORIENTED_EDGE('',*,*,#3839,.F.);
#2935=ORIENTED_EDGE('',*,*,#3977,.F.);
#2936=ORIENTED_EDGE('',*,*,#3526,.F.);
#2937=ORIENTED_EDGE('',*,*,#3657,.T.);
#2938=CARTESIAN_POINT('',(0.0,18.7000000000176,0.0));
#2939=DIRECTION('',(0.0,1.0,0.0));
#2940=DIRECTION('',(-1.0,0.0,0.0));
#2941=ORIENTED_EDGE('',*,*,#3982,.T.);
#2942=ORIENTED_EDGE('',*,*,#3983,.T.);
#2943=ORIENTED_EDGE('',*,*,#3984,.T.);
#2944=ORIENTED_EDGE('',*,*,#3922,.T.);
#2945=ORIENTED_EDGE('',*,*,#3823,.T.);
#2946=ORIENTED_EDGE('',*,*,#3985,.T.);
#2947=ORIENTED_EDGE('',*,*,#3978,.T.);
#2948=ORIENTED_EDGE('',*,*,#3777,.F.);
#2949=CARTESIAN_POINT('',(10.7006818665584,8.146766673315,0.700000000000001));
#2950=DIRECTION('',(0.0,0.0,-1.0));
#2951=DIRECTION('',(0.0,-1.0,0.0));
#2952=ORIENTED_EDGE('',*,*,#3567,.T.);
#2953=ORIENTED_EDGE('',*,*,#3733,.T.);
#2954=ORIENTED_EDGE('',*,*,#3986,.T.);
#2955=ORIENTED_EDGE('',*,*,#3773,.F.);
#2956=ORIENTED_EDGE('',*,*,#3902,.F.);
#2957=ORIENTED_EDGE('',*,*,#3925,.T.);
#2958=CARTESIAN_POINT('',(10.7006818665584,8.146766673315,0.700000000000001));
#2959=DIRECTION('',(0.0,0.0,-1.0));
#2960=DIRECTION('',(0.0,-1.0,0.0));
#2961=ORIENTED_EDGE('',*,*,#3986,.F.);
#2962=ORIENTED_EDGE('',*,*,#3735,.T.);
#2963=ORIENTED_EDGE('',*,*,#3987,.F.);
#2964=ORIENTED_EDGE('',*,*,#3774,.F.);
#2965=CARTESIAN_POINT('',(9.89391494972446,5.2849999999992,0.700000000000001));
#2966=DIRECTION('',(0.0,1.0,0.0));
#2967=DIRECTION('',(-1.0,0.0,0.0));
#2968=ORIENTED_EDGE('',*,*,#3987,.T.);
#2969=ORIENTED_EDGE('',*,*,#3734,.F.);
#2970=ORIENTED_EDGE('',*,*,#3569,.T.);
#2971=ORIENTED_EDGE('',*,*,#3924,.T.);
#2972=ORIENTED_EDGE('',*,*,#3988,.F.);
#2973=ORIENTED_EDGE('',*,*,#3989,.F.);
#2974=ORIENTED_EDGE('',*,*,#3990,.F.);
#2975=ORIENTED_EDGE('',*,*,#3775,.F.);
#2976=CARTESIAN_POINT('',(9.69500000000001,16.6772500000083,15.5));
#2977=DIRECTION('',(0.0,0.0,-1.0));
#2978=DIRECTION('',(0.0,-1.0,0.0));
#2979=ORIENTED_EDGE('',*,*,#3982,.F.);
#2980=ORIENTED_EDGE('',*,*,#3776,.F.);
#2981=ORIENTED_EDGE('',*,*,#3990,.T.);
#2982=ORIENTED_EDGE('',*,*,#3991,.F.);
#2983=CARTESIAN_POINT('',(10.1599999999999,6.214999999999,0.700000000000001));
#2984=DIRECTION('',(0.0,-1.0,0.0));
#2985=DIRECTION('',(0.0,0.0,-1.0));
#2986=ORIENTED_EDGE('',*,*,#3983,.F.);
#2987=ORIENTED_EDGE('',*,*,#3991,.T.);
#2988=ORIENTED_EDGE('',*,*,#3989,.T.);
#2989=ORIENTED_EDGE('',*,*,#3992,.F.);
#2990=CARTESIAN_POINT('',(9.89391494972442,6.214999999999,0.700000000000001));
#2991=DIRECTION('',(-0.643556230764975,-0.765398835799728,-0.0));
#2992=DIRECTION('',(0.0,0.0,-1.0));
#2993=ORIENTED_EDGE('',*,*,#3984,.F.);
#2994=ORIENTED_EDGE('',*,*,#3992,.T.);
#2995=ORIENTED_EDGE('',*,*,#3988,.T.);
#2996=ORIENTED_EDGE('',*,*,#3923,.F.);
#2997=CARTESIAN_POINT('',(9.49608505027551,6.549499999999,0.700000000000001));
#2998=DIRECTION('',(0.0,-1.0,0.0));
#2999=DIRECTION('',(0.0,0.0,-1.0));
#3000=ORIENTED_EDGE('',*,*,#3985,.F.);
#3001=ORIENTED_EDGE('',*,*,#3825,.T.);
#3002=ORIENTED_EDGE('',*,*,#3597,.T.);
#3003=ORIENTED_EDGE('',*,*,#3979,.F.);
#3004=CARTESIAN_POINT('',(9.49608505027543,13.2504999999991,0.700000000000001));
#3005=DIRECTION('',(-0.643556230765109,0.765398835799615,0.0));
#3006=DIRECTION('',(0.0,0.0,-1.0));
#3007=ORIENTED_EDGE('',*,*,#3787,.T.);
#3008=ORIENTED_EDGE('',*,*,#3927,.F.);
#3009=ORIENTED_EDGE('',*,*,#3879,.T.);
#3010=ORIENTED_EDGE('',*,*,#3829,.F.);
#3011=CARTESIAN_POINT('',(9.52633007413314,10.5828360800664,4.99999999999997));
#3012=DIRECTION('',(0.0,0.0,-1.0));
#3013=DIRECTION('',(0.0,-1.0,0.0));
#3014=ORIENTED_EDGE('',*,*,#3789,.T.);
#3015=ORIENTED_EDGE('',*,*,#3549,.F.);
#3016=ORIENTED_EDGE('',*,*,#3878,.T.);
#3017=ORIENTED_EDGE('',*,*,#3898,.F.);
#3018=CARTESIAN_POINT('',(9.52633007413314,10.5828360800664,4.99999999999997));
#3019=DIRECTION('',(0.0,0.0,-1.0));
#3020=DIRECTION('',(0.0,-1.0,0.0));
#3021=ORIENTED_EDGE('',*,*,#3993,.T.);
#3022=ORIENTED_EDGE('',*,*,#3863,.F.);
#3023=ORIENTED_EDGE('',*,*,#3827,.F.);
#3024=ORIENTED_EDGE('',*,*,#3875,.T.);
#3025=CARTESIAN_POINT('',(9.52633007413314,10.5828360800664,4.99999999999997));
#3026=DIRECTION('',(0.0,0.0,-1.0));
#3027=DIRECTION('',(0.0,-1.0,0.0));
#3028=ORIENTED_EDGE('',*,*,#3833,.T.);
#3029=ORIENTED_EDGE('',*,*,#3994,.T.);
#3030=ORIENTED_EDGE('',*,*,#3544,.T.);
#3031=ORIENTED_EDGE('',*,*,#3932,.F.);
#3032=CARTESIAN_POINT('',(8.70800134916061,11.771893426759,4.99999999999997));
#3033=DIRECTION('',(0.0,0.0,1.0));
#3034=DIRECTION('',(-1.0,0.0,0.0));
#3035=ORIENTED_EDGE('',*,*,#3995,.T.);
#3036=ORIENTED_EDGE('',*,*,#3934,.T.);
#3037=ORIENTED_EDGE('',*,*,#3996,.T.);
#3038=ORIENTED_EDGE('',*,*,#3859,.T.);
#3039=CARTESIAN_POINT('',(2.38000106361706,17.2400000000022,-0.5000024));
#3040=DIRECTION('',(1.22464679914735E-16,1.0,0.0));
#3041=DIRECTION('',(-1.0,1.22464679914735E-16,0.0));
#3042=ORIENTED_EDGE('',*,*,#3681,.F.);
#3043=ORIENTED_EDGE('',*,*,#3882,.T.);
#3044=ORIENTED_EDGE('',*,*,#3963,.T.);
#3045=ORIENTED_EDGE('',*,*,#3969,.F.);
#3046=CARTESIAN_POINT('',(1.23999999999995,5.0113248654051,0.0));
#3047=DIRECTION('',(0.0,1.0,0.0));
#3048=DIRECTION('',(-1.0,0.0,0.0));
#3049=ORIENTED_EDGE('',*,*,#3997,.T.);
#3050=ORIENTED_EDGE('',*,*,#3832,.F.);
#3051=ORIENTED_EDGE('',*,*,#3971,.F.);
#3052=ORIENTED_EDGE('',*,*,#3974,.F.);
#3053=CARTESIAN_POINT('',(9.52633007413314,10.5828360800664,4.99999999999997));
#3054=DIRECTION('',(0.0,0.0,-1.0));
#3055=DIRECTION('',(0.0,-1.0,0.0));
#3056=ORIENTED_EDGE('',*,*,#3930,.T.);
#3057=ORIENTED_EDGE('',*,*,#3995,.F.);
#3058=ORIENTED_EDGE('',*,*,#3865,.T.);
#3059=ORIENTED_EDGE('',*,*,#3998,.F.);
#3060=CARTESIAN_POINT('',(6.79295037632778,12.3642122862198,1.1));
#3061=DIRECTION('',(0.0,0.0,1.0));
#3062=DIRECTION('',(-1.0,0.0,0.0));
#3063=ORIENTED_EDGE('',*,*,#3520,.T.);
#3064=ORIENTED_EDGE('',*,*,#3558,.T.);
#3065=ORIENTED_EDGE('',*,*,#3999,.F.);
#3066=ORIENTED_EDGE('',*,*,#3874,.T.);
#3067=CARTESIAN_POINT('',(8.70800134916061,11.771893426759,4.99999999999997));
#3068=DIRECTION('',(0.0,0.0,1.0));
#3069=DIRECTION('',(-1.0,0.0,0.0));
#3070=ORIENTED_EDGE('',*,*,#3931,.F.);
#3071=ORIENTED_EDGE('',*,*,#3998,.T.);
#3072=ORIENTED_EDGE('',*,*,#3864,.T.);
#3073=ORIENTED_EDGE('',*,*,#3993,.F.);
#3074=ORIENTED_EDGE('',*,*,#3999,.T.);
#3075=ORIENTED_EDGE('',*,*,#3584,.F.);
#3076=CARTESIAN_POINT('',(2.38000106361706,6.0400000000025,5.48000239999997));
#3077=DIRECTION('',(-1.22464679914735E-16,-1.0,-0.0));
#3078=DIRECTION('',(0.0,0.0,-1.0));
#3079=ORIENTED_EDGE('',*,*,#3959,.F.);
#3080=ORIENTED_EDGE('',*,*,#3967,.F.);
#3081=ORIENTED_EDGE('',*,*,#3805,.T.);
#3082=ORIENTED_EDGE('',*,*,#4000,.F.);
#3083=CARTESIAN_POINT('',(0.999999999999971,18.0000000000176,0.0));
#3084=DIRECTION('',(0.0,1.0,0.0));
#3085=DIRECTION('',(-1.0,0.0,0.0));
#3086=ORIENTED_EDGE('',*,*,#3933,.F.);
#3087=ORIENTED_EDGE('',*,*,#3531,.T.);
#3088=ORIENTED_EDGE('',*,*,#4001,.T.);
#3089=ORIENTED_EDGE('',*,*,#3857,.F.);
#3090=ORIENTED_EDGE('',*,*,#3790,.T.);
#3091=ORIENTED_EDGE('',*,*,#3897,.T.);
#3092=ORIENTED_EDGE('',*,*,#3860,.F.);
#3093=ORIENTED_EDGE('',*,*,#3996,.F.);
#3094=CARTESIAN_POINT('',(8.70800134916061,11.771893426759,4.99999999999997));
#3095=DIRECTION('',(0.0,0.0,1.0));
#3096=DIRECTION('',(-1.0,0.0,0.0));
#3097=ORIENTED_EDGE('',*,*,#3679,.F.);
#3098=ORIENTED_EDGE('',*,*,#3968,.T.);
#3099=ORIENTED_EDGE('',*,*,#3957,.T.);
#3100=ORIENTED_EDGE('',*,*,#3883,.F.);
#3101=CARTESIAN_POINT('',(8.74000000000017,18.2886751346124,0.0));
#3102=DIRECTION('',(0.0,-1.0,0.0));
#3103=DIRECTION('',(0.0,0.0,-1.0));
#3104=ORIENTED_EDGE('',*,*,#3804,.F.);
#3105=ORIENTED_EDGE('',*,*,#4001,.F.);
#3106=ORIENTED_EDGE('',*,*,#3756,.F.);
#3107=ORIENTED_EDGE('',*,*,#3994,.F.);
#3108=ORIENTED_EDGE('',*,*,#3997,.F.);
#3109=ORIENTED_EDGE('',*,*,#3973,.F.);
#3110=ORIENTED_EDGE('',*,*,#3960,.F.);
#3111=ORIENTED_EDGE('',*,*,#4000,.T.);
#3112=CARTESIAN_POINT('',(8.68000106361706,4.3796300000031,1.0));
#3113=DIRECTION('',(-1.0,1.22464679914735E-16,0.0));
#3114=DIRECTION('',(1.22464679914735E-16,1.0,0.0));
#3115=ORIENTED_EDGE('',*,*,#3791,.T.);
#3116=ORIENTED_EDGE('',*,*,#3856,.F.);
#3117=ORIENTED_EDGE('',*,*,#3886,.T.);
#3118=ORIENTED_EDGE('',*,*,#3907,.F.);
#3119=CARTESIAN_POINT('',(9.52633007413314,10.5828360800664,4.99999999999997));
#3120=DIRECTION('',(0.0,0.0,-1.0));
#3121=DIRECTION('',(0.0,-1.0,0.0));
#3122=ORIENTED_EDGE('',*,*,#3966,.F.);
#3123=ORIENTED_EDGE('',*,*,#3892,.F.);
#3124=ORIENTED_EDGE('',*,*,#4002,.F.);
#3125=ORIENTED_EDGE('',*,*,#4003,.F.);
#3126=CARTESIAN_POINT('',(5.88000106361706,4.5121607404361,1.7636407319083));
#3127=DIRECTION('',(-1.0,0.0,0.0));
#3128=DIRECTION('',(0.0,0.0,1.0));
#3129=ORIENTED_EDGE('',*,*,#4004,.T.);
#3130=ORIENTED_EDGE('',*,*,#4005,.T.);
#3131=ORIENTED_EDGE('',*,*,#3894,.T.);
#3132=ORIENTED_EDGE('',*,*,#3965,.T.);
#3133=CARTESIAN_POINT('',(4.08000106361706,4.5121607404361,1.5636407319083));
#3134=DIRECTION('',(-1.0,0.0,0.0));
#3135=DIRECTION('',(0.0,0.0,1.0));
#3136=ORIENTED_EDGE('',*,*,#3895,.T.);
#3137=ORIENTED_EDGE('',*,*,#4005,.F.);
#3138=ORIENTED_EDGE('',*,*,#4006,.T.);
#3139=ORIENTED_EDGE('',*,*,#4002,.T.);
#3140=CARTESIAN_POINT('',(5.88000106361706,5.3,2.6));
#3141=DIRECTION('',(0.0,0.0,1.0));
#3142=DIRECTION('',(-1.0,0.0,0.0));
#3143=ORIENTED_EDGE('',*,*,#4003,.T.);
#3144=ORIENTED_EDGE('',*,*,#4006,.F.);
#3145=ORIENTED_EDGE('',*,*,#4004,.F.);
#3146=ORIENTED_EDGE('',*,*,#3964,.F.);
#3147=CARTESIAN_POINT('',(3.40272311176447,4.6999999999999,1.5491532238337));
#3148=DIRECTION('',(-1.22464679914735E-16,-1.0,-0.0));
#3149=DIRECTION('',(0.0,0.0,-1.0));
#3150=ORIENTED_EDGE('',*,*,#3975,.F.);
#3151=ORIENTED_EDGE('',*,*,#3750,.T.);
#3152=ORIENTED_EDGE('',*,*,#3976,.T.);
#3153=ORIENTED_EDGE('',*,*,#3835,.F.);
#3154=CARTESIAN_POINT('',(4.98000000000001,10.0500000000019,27.0809401076739));
#3155=DIRECTION('',(0.0,-2.09476042382101E-15,1.0));
#3156=DIRECTION('',(-0.0,-1.0,-2.09476042382101E-15));
#3157=ORIENTED_EDGE('',*,*,#3644,.T.);
#3158=ORIENTED_EDGE('',*,*,#3739,.T.);
#3159=ORIENTED_EDGE('',*,*,#3642,.F.);
#3160=ORIENTED_EDGE('',*,*,#3836,.F.);
#3161=CARTESIAN_POINT('',(4.98000000000001,10.050000000002,24.324999999998));
#3162=DIRECTION('',(0.0,-2.09476042382102E-15,1.0));
#3163=DIRECTION('',(0.0,1.0,2.09476042382102E-15));
#3164=ORIENTED_EDGE('',*,*,#3945,.F.);
#3165=ORIENTED_EDGE('',*,*,#4007,.T.);
#3166=ORIENTED_EDGE('',*,*,#3941,.T.);
#3167=ORIENTED_EDGE('',*,*,#3948,.T.);
#3168=ORIENTED_EDGE('',*,*,#3953,.F.);
#3169=ORIENTED_EDGE('',*,*,#4008,.F.);
#3170=CARTESIAN_POINT('',(4.98000000000001,10.0500000000022,30.7999999999994));
#3171=DIRECTION('',(0.0,-1.62980740014973E-13,-1.0));
#3172=DIRECTION('',(1.0,0.0,0.0));
#3173=ORIENTED_EDGE('',*,*,#3944,.F.);
#3174=ORIENTED_EDGE('',*,*,#3939,.F.);
#3175=ORIENTED_EDGE('',*,*,#3502,.T.);
#3176=ORIENTED_EDGE('',*,*,#3942,.T.);
#3177=ORIENTED_EDGE('',*,*,#4007,.F.);
#3178=CARTESIAN_POINT('',(4.98000000000001,10.050000000002,29.4999999999994));
#3179=DIRECTION('',(0.0,1.62979386084454E-13,1.0));
#3180=DIRECTION('',(0.0,-1.0,1.62979386084454E-13));
#3181=ORIENTED_EDGE('',*,*,#3954,.T.);
#3182=ORIENTED_EDGE('',*,*,#3946,.T.);
#3183=ORIENTED_EDGE('',*,*,#4008,.T.);
#3184=ORIENTED_EDGE('',*,*,#3952,.F.);
#3185=ORIENTED_EDGE('',*,*,#3748,.F.);
#3186=CARTESIAN_POINT('',(4.98000000000001,10.0500000000019,30.5999999999994));
#3187=DIRECTION('',(0.0,1.62977739412202E-13,1.0));
#3188=DIRECTION('',(0.0,-1.0,1.62977739412202E-13));
#3189=ORIENTED_EDGE('',*,*,#4009,.F.);
#3190=ORIENTED_EDGE('',*,*,#4010,.F.);
#3191=ORIENTED_EDGE('',*,*,#4011,.T.);
#3192=ORIENTED_EDGE('',*,*,#4012,.T.);
#3193=CARTESIAN_POINT('',(8.33,10.050000000002,6.1232616839472));
#3194=DIRECTION('',(0.707106781186548,1.17756934401283E-16,-0.707106781186548));
#3195=DIRECTION('',(0.707106781186548,-1.17756934401283E-16,0.707106781186548));
#3196=ORIENTED_EDGE('',*,*,#4009,.T.);
#3197=ORIENTED_EDGE('',*,*,#4013,.T.);
#3198=ORIENTED_EDGE('',*,*,#4014,.F.);
#3199=ORIENTED_EDGE('',*,*,#4015,.F.);
#3200=CARTESIAN_POINT('',(8.58,10.050000000002,6.27326168394721));
#3201=DIRECTION('',(1.0,0.0,-0.0));
#3202=DIRECTION('',(0.0,1.0,1.66533453693773E-16));
#3203=ORIENTED_EDGE('',*,*,#4016,.T.);
#3204=ORIENTED_EDGE('',*,*,#4017,.F.);
#3205=ORIENTED_EDGE('',*,*,#4018,.F.);
#3206=ORIENTED_EDGE('',*,*,#4019,.T.);
#3207=CARTESIAN_POINT('',(4.98,10.050000000002,14.0612951839472));
#3208=DIRECTION('',(0.0,-1.66533453693773E-16,1.0));
#3209=DIRECTION('',(1.0,0.0,0.0));
#3210=ORIENTED_EDGE('',*,*,#4020,.T.);
#3211=ORIENTED_EDGE('',*,*,#4010,.T.);
#3212=ORIENTED_EDGE('',*,*,#4015,.T.);
#3213=ORIENTED_EDGE('',*,*,#4021,.T.);
#3214=ORIENTED_EDGE('',*,*,#4022,.F.);
#3215=ORIENTED_EDGE('',*,*,#4023,.T.);
#3216=ORIENTED_EDGE('',*,*,#4024,.F.);
#3217=ORIENTED_EDGE('',*,*,#4025,.T.);
#3218=ORIENTED_EDGE('',*,*,#4026,.F.);
#3219=ORIENTED_EDGE('',*,*,#4027,.F.);
#3220=ORIENTED_EDGE('',*,*,#4028,.F.);
#3221=ORIENTED_EDGE('',*,*,#4029,.F.);
#3222=CARTESIAN_POINT('',(-14.3835651084728,6.425000000002,14.8732616839472));
#3223=DIRECTION('',(0.0,1.0,1.66533453693773E-16));
#3224=DIRECTION('',(-1.0,0.0,0.0));
#3225=ORIENTED_EDGE('',*,*,#4030,.T.);
#3226=ORIENTED_EDGE('',*,*,#4031,.T.);
#3227=ORIENTED_EDGE('',*,*,#4011,.F.);
#3228=ORIENTED_EDGE('',*,*,#4020,.F.);
#3229=CARTESIAN_POINT('',(1.78,10.050000000002,5.8732616839472));
#3230=DIRECTION('',(-0.0,1.66533453693773E-16,-1.0));
#3231=DIRECTION('',(0.0,-1.0,-1.66533453693773E-16));
#3232=ORIENTED_EDGE('',*,*,#4032,.T.);
#3233=ORIENTED_EDGE('',*,*,#4033,.F.);
#3234=ORIENTED_EDGE('',*,*,#4034,.F.);
#3235=ORIENTED_EDGE('',*,*,#4022,.T.);
#3236=ORIENTED_EDGE('',*,*,#4018,.T.);
#3237=ORIENTED_EDGE('',*,*,#4035,.T.);
#3238=CARTESIAN_POINT('',(1.8800000000001,10.050000000002,17.8732616839472));
#3239=DIRECTION('',(0.0,-1.66533453693773E-16,1.0));
#3240=DIRECTION('',(-1.0,0.0,0.0));
#3241=ORIENTED_EDGE('',*,*,#4036,.T.);
#3242=ORIENTED_EDGE('',*,*,#4037,.F.);
#3243=ORIENTED_EDGE('',*,*,#4038,.F.);
#3244=ORIENTED_EDGE('',*,*,#4024,.T.);
#3245=CARTESIAN_POINT('',(1.3800000000001,10.050000000002,17.3732616839472));
#3246=DIRECTION('',(-1.0,-1.19928178158599E-30,7.20144664621721E-15));
#3247=DIRECTION('',(7.20144664621721E-15,-1.66533453693773E-16,1.0));
#3248=ORIENTED_EDGE('',*,*,#4036,.F.);
#3249=ORIENTED_EDGE('',*,*,#4023,.F.);
#3250=ORIENTED_EDGE('',*,*,#4034,.T.);
#3251=ORIENTED_EDGE('',*,*,#4039,.T.);
#3252=CARTESIAN_POINT('',(1.6300000000001,10.050000000002,17.6232616839472));
#3253=DIRECTION('',(-0.707106781186545,-1.17756934401283E-16,0.70710678118655));
#3254=DIRECTION('',(0.0,-1.0,-1.66533453693773E-16));
#3255=ORIENTED_EDGE('',*,*,#4032,.F.);
#3256=ORIENTED_EDGE('',*,*,#4021,.F.);
#3257=ORIENTED_EDGE('',*,*,#4014,.T.);
#3258=ORIENTED_EDGE('',*,*,#4040,.T.);
#3259=CARTESIAN_POINT('',(8.33,10.050000000002,17.6232616839472));
#3260=DIRECTION('',(0.707106781186548,-1.17756934401283E-16,0.707106781186548));
#3261=DIRECTION('',(0.0,1.0,1.66533453693773E-16));
#3262=ORIENTED_EDGE('',*,*,#4030,.F.);
#3263=ORIENTED_EDGE('',*,*,#4025,.F.);
#3264=ORIENTED_EDGE('',*,*,#4038,.T.);
#3265=ORIENTED_EDGE('',*,*,#4041,.T.);
#3266=CARTESIAN_POINT('',(1.63,10.050000000002,6.1232616839472));
#3267=DIRECTION('',(-0.707106781186549,1.17756934401283E-16,-0.707106781186546));
#3268=DIRECTION('',(0.0,-1.0,-1.66533453693773E-16));
#3269=ORIENTED_EDGE('',*,*,#4017,.T.);
#3270=ORIENTED_EDGE('',*,*,#4042,.T.);
#3271=ORIENTED_EDGE('',*,*,#4019,.F.);
#3272=ORIENTED_EDGE('',*,*,#4035,.F.);
#3273=CARTESIAN_POINT('',(4.98,10.050000000002,14.0612951839472));
#3274=DIRECTION('',(0.0,-1.66533453693773E-16,1.0));
#3275=DIRECTION('',(1.0,0.0,0.0));
#3276=ORIENTED_EDGE('',*,*,#4026,.T.);
#3277=ORIENTED_EDGE('',*,*,#4043,.T.);
#3278=ORIENTED_EDGE('',*,*,#4044,.F.);
#3279=ORIENTED_EDGE('',*,*,#4045,.T.);
#3280=ORIENTED_EDGE('',*,*,#4016,.F.);
#3281=ORIENTED_EDGE('',*,*,#4042,.F.);
#3282=CARTESIAN_POINT('',(7.4799984521227,10.050000000002,14.8732616839472));
#3283=DIRECTION('',(-0.0,1.66533453693773E-16,-1.0));
#3284=DIRECTION('',(0.0,-1.0,-1.66533453693773E-16));
#3285=ORIENTED_EDGE('',*,*,#4046,.F.);
#3286=ORIENTED_EDGE('',*,*,#4047,.T.);
#3287=ORIENTED_EDGE('',*,*,#4028,.T.);
#3288=ORIENTED_EDGE('',*,*,#4048,.T.);
#3289=CARTESIAN_POINT('',(7.4800021272341,10.050000000002,7.3732616839472));
#3290=DIRECTION('',(0.0,-1.66533453693773E-16,1.0));
#3291=DIRECTION('',(-1.0,0.0,0.0));
#3292=ORIENTED_EDGE('',*,*,#4043,.F.);
#3293=ORIENTED_EDGE('',*,*,#4029,.T.);
#3294=ORIENTED_EDGE('',*,*,#4047,.F.);
#3295=ORIENTED_EDGE('',*,*,#4049,.F.);
#3296=CARTESIAN_POINT('',(2.28,10.050000000002,14.6732616839472));
#3297=DIRECTION('',(1.0,0.0,-0.0));
#3298=DIRECTION('',(0.0,1.0,1.66533453693773E-16));
#3299=ORIENTED_EDGE('',*,*,#4045,.F.);
#3300=ORIENTED_EDGE('',*,*,#4050,.F.);
#3301=ORIENTED_EDGE('',*,*,#4048,.F.);
#3302=ORIENTED_EDGE('',*,*,#4027,.T.);
#3303=CARTESIAN_POINT('',(7.6800021272342,10.050000000002,14.6732616839472));
#3304=DIRECTION('',(-1.0,0.0,0.0));
#3305=DIRECTION('',(0.0,-1.66533453693773E-16,1.0));
#3306=ORIENTED_EDGE('',*,*,#4037,.T.);
#3307=ORIENTED_EDGE('',*,*,#4039,.F.);
#3308=ORIENTED_EDGE('',*,*,#4033,.T.);
#3309=ORIENTED_EDGE('',*,*,#4040,.F.);
#3310=ORIENTED_EDGE('',*,*,#4013,.F.);
#3311=ORIENTED_EDGE('',*,*,#4012,.F.);
#3312=ORIENTED_EDGE('',*,*,#4031,.F.);
#3313=ORIENTED_EDGE('',*,*,#4041,.F.);
#3314=ORIENTED_EDGE('',*,*,#4044,.T.);
#3315=ORIENTED_EDGE('',*,*,#4049,.T.);
#3316=ORIENTED_EDGE('',*,*,#4046,.T.);
#3317=ORIENTED_EDGE('',*,*,#4050,.T.);
#3318=CARTESIAN_POINT('',(-14.3835651084728,13.675000000002,14.8732616839472));
#3319=DIRECTION('',(0.0,1.0,1.66533453693773E-16));
#3320=DIRECTION('',(-1.0,0.0,0.0));
#3321=ORIENTED_EDGE('',*,*,#4051,.F.);
#3322=ORIENTED_EDGE('',*,*,#4052,.F.);
#3323=ORIENTED_EDGE('',*,*,#4053,.T.);
#3324=CARTESIAN_POINT('',(4.98,8.8989170226037,26.9732616839472));
#3325=DIRECTION('',(0.0,0.0,1.0));
#3326=DIRECTION('',(0.0,-1.0,0.0));
#3327=ORIENTED_EDGE('',*,*,#4054,.T.);
#3328=ORIENTED_EDGE('',*,*,#4055,.T.);
#3329=CARTESIAN_POINT('',(4.98,9.300000000002,14.8732616839472));
#3330=DIRECTION('',(0.0,0.0,-1.0));
#3331=DIRECTION('',(-1.0,0.0,0.0));
#3332=ORIENTED_EDGE('',*,*,#4056,.F.);
#3333=ORIENTED_EDGE('',*,*,#4057,.F.);
#3334=ORIENTED_EDGE('',*,*,#4058,.F.);
#3335=ORIENTED_EDGE('',*,*,#4059,.T.);
#3336=CARTESIAN_POINT('',(7.982601545756,9.500000000002,25.7732616839472));
#3337=DIRECTION('',(0.0,0.0,-1.0));
#3338=DIRECTION('',(-1.0,0.0,0.0));
#3339=ORIENTED_EDGE('',*,*,#4060,.F.);
#3340=ORIENTED_EDGE('',*,*,#4053,.F.);
#3341=ORIENTED_EDGE('',*,*,#4061,.T.);
#3342=ORIENTED_EDGE('',*,*,#4059,.F.);
#3343=CARTESIAN_POINT('',(6.7142511845527,7.5379313561442,27.9599663261042));
#3344=DIRECTION('',(-0.707106781186547,-0.707106781186548,-0.0));
#3345=DIRECTION('',(0.0,0.0,-1.0));
#3346=ORIENTED_EDGE('',*,*,#4062,.T.);
#3347=ORIENTED_EDGE('',*,*,#4063,.T.);
#3348=ORIENTED_EDGE('',*,*,#4064,.F.);
#3349=ORIENTED_EDGE('',*,*,#4065,.F.);
#3350=CARTESIAN_POINT('',(4.98,7.8620651133648,24.746410161512));
#3351=DIRECTION('',(0.0,0.0,-1.0));
#3352=DIRECTION('',(-1.0,0.0,0.0));
#3353=ORIENTED_EDGE('',*,*,#4066,.F.);
#3354=ORIENTED_EDGE('',*,*,#4067,.F.);
#3355=ORIENTED_EDGE('',*,*,#4068,.F.);
#3356=CARTESIAN_POINT('',(4.98,8.8989170226037,26.9732616839472));
#3357=DIRECTION('',(0.0,0.0,1.0));
#3358=DIRECTION('',(0.0,-1.0,0.0));
#3359=ORIENTED_EDGE('',*,*,#4069,.T.);
#3360=ORIENTED_EDGE('',*,*,#4057,.T.);
#3361=ORIENTED_EDGE('',*,*,#4070,.F.);
#3362=ORIENTED_EDGE('',*,*,#4066,.T.);
#3363=CARTESIAN_POINT('',(7.4920686438579,8.3157488154494,25.7732616839472));
#3364=DIRECTION('',(0.707106781186547,0.707106781186548,-0.0));
#3365=DIRECTION('',(0.0,0.0,1.0));
#3366=ORIENTED_EDGE('',*,*,#4070,.T.);
#3367=ORIENTED_EDGE('',*,*,#4056,.T.);
#3368=ORIENTED_EDGE('',*,*,#4061,.F.);
#3369=ORIENTED_EDGE('',*,*,#4052,.T.);
#3370=ORIENTED_EDGE('',*,*,#4071,.T.);
#3371=ORIENTED_EDGE('',*,*,#4062,.F.);
#3372=ORIENTED_EDGE('',*,*,#4072,.F.);
#3373=ORIENTED_EDGE('',*,*,#4067,.T.);
#3374=CARTESIAN_POINT('',(4.98,10.050000000002,25.961947737848));
#3375=DIRECTION('',(0.0,-0.0,1.0));
#3376=DIRECTION('',(0.0,1.0,0.0));
#3377=ORIENTED_EDGE('',*,*,#4064,.T.);
#3378=ORIENTED_EDGE('',*,*,#4073,.T.);
#3379=ORIENTED_EDGE('',*,*,#4055,.F.);
#3380=ORIENTED_EDGE('',*,*,#4074,.F.);
#3381=CARTESIAN_POINT('',(4.98,10.050000000002,20.2278113118755));
#3382=DIRECTION('',(0.0,-0.0,1.0));
#3383=DIRECTION('',(0.0,1.0,0.0));
#3384=ORIENTED_EDGE('',*,*,#4054,.F.);
#3385=ORIENTED_EDGE('',*,*,#4073,.F.);
#3386=ORIENTED_EDGE('',*,*,#4065,.T.);
#3387=ORIENTED_EDGE('',*,*,#4074,.T.);
#3388=CARTESIAN_POINT('',(4.98,10.050000000002,20.2278113118755));
#3389=DIRECTION('',(0.0,-0.0,1.0));
#3390=DIRECTION('',(0.0,1.0,0.0));
#3391=ORIENTED_EDGE('',*,*,#4072,.T.);
#3392=ORIENTED_EDGE('',*,*,#4063,.F.);
#3393=ORIENTED_EDGE('',*,*,#4071,.F.);
#3394=ORIENTED_EDGE('',*,*,#4051,.T.);
#3395=ORIENTED_EDGE('',*,*,#4060,.T.);
#3396=ORIENTED_EDGE('',*,*,#4058,.T.);
#3397=ORIENTED_EDGE('',*,*,#4069,.F.);
#3398=ORIENTED_EDGE('',*,*,#4068,.T.);
#3399=CARTESIAN_POINT('',(4.98,10.050000000002,25.961947737848));
#3400=DIRECTION('',(0.0,-0.0,1.0));
#3401=DIRECTION('',(0.0,1.0,0.0));
#3402=EDGE_CURVE('',#4075,#4076,#4077,.T.);
#3403=EDGE_CURVE('',#4078,#4075,#4079,.T.);
#3404=EDGE_CURVE('',#4080,#4078,#4081,.T.);
#3405=EDGE_CURVE('',#4076,#4080,#4082,.T.);
#3406=EDGE_CURVE('',#4083,#4084,#4085,.T.);
#3407=EDGE_CURVE('',#4086,#4083,#4087,.T.);
#3408=EDGE_CURVE('',#4088,#4086,#4089,.T.);
#3409=EDGE_CURVE('',#4088,#4084,#4090,.T.);
#3410=EDGE_CURVE('',#4091,#4092,#4093,.T.);
#3411=EDGE_CURVE('',#4076,#4092,#4094,.T.);
#3412=EDGE_CURVE('',#4095,#4076,#4096,.T.);
#3413=EDGE_CURVE('',#4091,#4095,#4097,.T.);
#3414=EDGE_CURVE('',#4098,#4099,#4100,.T.);
#3415=EDGE_CURVE('',#4098,#4101,#4102,.T.);
#3416=EDGE_CURVE('',#4101,#4103,#4104,.T.);
#3417=EDGE_CURVE('',#4099,#4103,#4105,.T.);
#3418=EDGE_CURVE('',#4106,#4107,#4108,.T.);
#3419=EDGE_CURVE('',#4109,#4106,#4110,.T.);
#3420=EDGE_CURVE('',#4111,#4109,#4112,.T.);
#3421=EDGE_CURVE('',#4107,#4111,#4113,.T.);
#3422=EDGE_CURVE('',#4114,#4115,#4116,.T.);
#3423=EDGE_CURVE('',#4114,#4117,#4118,.T.);
#3424=EDGE_CURVE('',#4119,#4117,#4120,.T.);
#3425=EDGE_CURVE('',#4115,#4119,#4121,.T.);
#3426=EDGE_CURVE('',#4122,#4123,#4124,.T.);
#3427=EDGE_CURVE('',#4092,#4123,#4125,.T.);
#3428=EDGE_CURVE('',#4117,#4091,#4126,.T.);
#3429=EDGE_CURVE('',#4084,#4114,#4127,.T.);
#3430=EDGE_CURVE('',#4088,#4128,#4129,.T.);
#3431=EDGE_CURVE('',#4130,#4128,#4131,.T.);
#3432=EDGE_CURVE('',#4132,#4130,#4133,.T.);
#3433=EDGE_CURVE('',#4134,#4132,#4135,.T.);
#3434=EDGE_CURVE('',#4134,#4136,#4137,.T.);
#3435=EDGE_CURVE('',#4138,#4136,#4139,.T.);
#3436=EDGE_CURVE('',#4138,#4140,#4141,.T.);
#3437=EDGE_CURVE('',#4140,#4142,#4143,.T.);
#3438=EDGE_CURVE('',#4144,#4142,#4145,.T.);
#3439=EDGE_CURVE('',#4146,#4144,#4147,.T.);
#3440=EDGE_CURVE('',#4148,#4146,#4149,.T.);
#3441=EDGE_CURVE('',#4148,#4103,#4150,.T.);
#3442=EDGE_CURVE('',#4101,#4151,#4152,.T.);
#3443=EDGE_CURVE('',#4122,#4151,#4153,.T.);
#3444=EDGE_CURVE('',#4080,#4142,#4154,.T.);
#3445=EDGE_CURVE('',#4078,#4155,#4156,.T.);
#3446=EDGE_CURVE('',#4155,#4144,#4157,.T.);
#3447=EDGE_CURVE('',#4158,#4159,#4160,.T.);
#3448=EDGE_CURVE('',#4123,#4158,#4161,.T.);
#3449=EDGE_CURVE('',#4159,#4122,#4162,.T.);
#3450=EDGE_CURVE('',#4163,#4146,#4164,.T.);
#3451=EDGE_CURVE('',#4163,#4165,#4166,.T.);
#3452=EDGE_CURVE('',#4167,#4165,#4168,.T.);
#3453=EDGE_CURVE('',#4148,#4167,#4169,.T.);
#3454=EDGE_CURVE('',#4107,#4170,#4171,.T.);
#3455=EDGE_CURVE('',#4170,#4172,#4173,.T.);
#3456=EDGE_CURVE('',#4172,#4174,#4175,.T.);
#3457=EDGE_CURVE('',#4174,#4151,#4176,.T.);
#3458=EDGE_CURVE('',#4098,#4106,#4177,.T.);
#3459=EDGE_CURVE('',#4155,#4163,#4178,.T.);
#3460=EDGE_CURVE('',#4179,#4140,#4180,.T.);
#3461=EDGE_CURVE('',#4179,#4080,#4181,.T.);
#3462=EDGE_CURVE('',#4136,#4182,#4183,.T.);
#3463=EDGE_CURVE('',#4184,#4182,#4185,.T.);
#3464=EDGE_CURVE('',#4184,#4138,#4186,.T.);
#3465=EDGE_CURVE('',#4158,#4075,#4187,.T.);
#3466=EDGE_CURVE('',#4188,#4159,#4189,.T.);
#3467=EDGE_CURVE('',#4188,#4165,#4190,.T.);
#3468=EDGE_CURVE('',#4179,#4184,#4191,.T.);
#3469=EDGE_CURVE('',#4182,#4192,#4193,.T.);
#3470=EDGE_CURVE('',#4194,#4192,#4195,.T.);
#3471=EDGE_CURVE('',#4194,#4196,#4197,.T.);
#3472=EDGE_CURVE('',#4196,#4198,#4199,.T.);
#3473=EDGE_CURVE('',#4086,#4198,#4200,.T.);
#3474=EDGE_CURVE('',#4115,#4083,#4201,.T.);
#3475=EDGE_CURVE('',#4095,#4119,#4202,.T.);
#3476=EDGE_CURVE('',#4128,#4198,#4203,.T.);
#3477=EDGE_CURVE('',#4196,#4130,#4204,.T.);
#3478=EDGE_CURVE('',#4205,#4111,#4206,.T.);
#3479=EDGE_CURVE('',#4205,#4170,#4207,.T.);
#3480=EDGE_CURVE('',#4194,#4132,#4208,.T.);
#3481=EDGE_CURVE('',#4109,#4099,#4209,.T.);
#3482=EDGE_CURVE('',#4210,#4167,#4211,.T.);
#3483=EDGE_CURVE('',#4210,#4205,#4212,.T.);
#3484=EDGE_CURVE('',#4192,#4134,#4213,.T.);
#3485=EDGE_CURVE('',#4188,#4174,#4214,.T.);
#3486=EDGE_CURVE('',#4172,#4210,#4215,.T.);
#3487=EDGE_CURVE('',#4216,#4217,#4218,.T.);
#3488=EDGE_CURVE('',#4219,#4217,#4220,.T.);
#3489=EDGE_CURVE('',#4219,#4221,#4222,.T.);
#3490=EDGE_CURVE('',#4221,#4223,#4224,.T.);
#3491=EDGE_CURVE('',#4223,#4225,#4226,.T.);
#3492=EDGE_CURVE('',#4225,#4216,#4227,.T.);
#3493=EDGE_CURVE('',#4228,#4229,#4230,.T.);
#3494=EDGE_CURVE('',#4229,#4231,#4232,.T.);
#3495=EDGE_CURVE('',#4231,#4228,#4233,.T.);
#3496=EDGE_CURVE('',#4234,#4235,#4236,.T.);
#3497=EDGE_CURVE('',#4237,#4235,#4238,.T.);
#3498=EDGE_CURVE('',#4239,#4237,#4240,.T.);
#3499=EDGE_CURVE('',#4241,#4239,#4242,.T.);
#3500=EDGE_CURVE('',#4241,#4234,#4243,.T.);
#3501=EDGE_CURVE('',#4244,#4234,#4245,.T.);
#3502=EDGE_CURVE('',#4234,#4244,#4246,.T.);
#3503=EDGE_CURVE('',#4247,#4248,#4249,.T.);
#3504=EDGE_CURVE('',#4248,#4250,#4251,.T.);
#3505=EDGE_CURVE('',#4250,#4252,#4253,.T.);
#3506=EDGE_CURVE('',#4252,#4247,#4254,.T.);
#3507=EDGE_CURVE('',#4255,#4256,#4257,.T.);
#3508=EDGE_CURVE('',#4256,#4258,#4259,.T.);
#3509=EDGE_CURVE('',#4258,#4260,#4261,.T.);
#3510=EDGE_CURVE('',#4260,#4255,#4262,.T.);
#3511=EDGE_CURVE('',#4263,#4264,#4265,.T.);
#3512=EDGE_CURVE('',#4266,#4263,#4267,.T.);
#3513=EDGE_CURVE('',#4266,#4268,#4269,.T.);
#3514=EDGE_CURVE('',#4268,#4264,#4270,.T.);
#3515=EDGE_CURVE('',#4250,#4271,#4272,.T.);
#3516=EDGE_CURVE('',#4273,#4271,#4274,.T.);
#3517=EDGE_CURVE('',#4273,#4275,#4276,.T.);
#3518=EDGE_CURVE('',#4277,#4275,#4278,.T.);
#3519=EDGE_CURVE('',#4277,#4252,#4279,.T.);
#3520=EDGE_CURVE('',#4280,#4281,#4282,.T.);
#3521=EDGE_CURVE('',#4280,#4283,#4284,.T.);
#3522=EDGE_CURVE('',#4285,#4283,#4286,.T.);
#3523=EDGE_CURVE('',#4285,#4281,#4287,.T.);
#3524=EDGE_CURVE('',#4288,#4289,#4290,.T.);
#3525=EDGE_CURVE('',#4289,#4291,#4292,.T.);
#3526=EDGE_CURVE('',#4291,#4293,#4294,.T.);
#3527=EDGE_CURVE('',#4293,#4288,#4295,.T.);
#3528=EDGE_CURVE('',#4296,#4297,#4298,.T.);
#3529=EDGE_CURVE('',#4299,#4296,#4300,.T.);
#3530=EDGE_CURVE('',#4299,#4301,#4302,.T.);
#3531=EDGE_CURVE('',#4303,#4301,#4304,.T.);
#3532=EDGE_CURVE('',#4303,#4305,#4306,.T.);
#3533=EDGE_CURVE('',#4305,#4297,#4307,.T.);
#3534=EDGE_CURVE('',#4308,#4225,#4309,.T.);
#3535=EDGE_CURVE('',#4223,#4310,#4311,.T.);
#3536=EDGE_CURVE('',#4308,#4310,#4312,.T.);
#3537=EDGE_CURVE('',#4313,#4314,#4315,.T.);
#3538=EDGE_CURVE('',#4316,#4313,#4317,.T.);
#3539=EDGE_CURVE('',#4316,#4318,#4319,.T.);
#3540=EDGE_CURVE('',#4318,#4314,#4320,.T.);
#3541=EDGE_CURVE('',#4321,#4322,#4323,.T.);
#3542=EDGE_CURVE('',#4321,#4324,#4325,.T.);
#3543=EDGE_CURVE('',#4324,#4326,#4327,.T.);
#3544=EDGE_CURVE('',#4328,#4326,#4329,.T.);
#3545=EDGE_CURVE('',#4328,#4330,#4331,.T.);
#3546=EDGE_CURVE('',#4332,#4330,#4333,.T.);
#3547=EDGE_CURVE('',#4334,#4332,#4335,.T.);
#3548=EDGE_CURVE('',#4334,#4336,#4337,.T.);
#3549=EDGE_CURVE('',#4336,#4338,#4339,.T.);
#3550=EDGE_CURVE('',#4340,#4338,#4341,.T.);
#3551=EDGE_CURVE('',#4340,#4342,#4343,.T.);
#3552=EDGE_CURVE('',#4322,#4342,#4344,.T.);
#3553=EDGE_CURVE('',#4345,#4258,#4346,.T.);
#3554=EDGE_CURVE('',#4345,#4347,#4348,.T.);
#3555=EDGE_CURVE('',#4347,#4349,#4350,.T.);
#3556=EDGE_CURVE('',#4351,#4349,#4352,.T.);
#3557=EDGE_CURVE('',#4351,#4353,#4354,.T.);
#3558=EDGE_CURVE('',#4281,#4353,#4355,.T.);
#3559=EDGE_CURVE('',#4260,#4285,#4356,.T.);
#3560=EDGE_CURVE('',#4357,#4358,#4359,.T.);
#3561=EDGE_CURVE('',#4360,#4357,#4361,.T.);
#3562=EDGE_CURVE('',#4360,#4362,#4363,.T.);
#3563=EDGE_CURVE('',#4362,#4358,#4364,.T.);
#3564=EDGE_CURVE('',#4347,#4365,#4366,.T.);
#3565=EDGE_CURVE('',#4345,#4367,#4368,.T.);
#3566=EDGE_CURVE('',#4365,#4367,#4369,.T.);
#3567=EDGE_CURVE('',#4370,#4371,#4372,.T.);
#3568=EDGE_CURVE('',#4370,#4373,#4374,.T.);
#3569=EDGE_CURVE('',#4375,#4373,#4376,.T.);
#3570=EDGE_CURVE('',#4371,#4375,#4377,.T.);
#3571=EDGE_CURVE('',#4378,#4379,#4380,.T.);
#3572=EDGE_CURVE('',#4381,#4378,#4382,.T.);
#3573=EDGE_CURVE('',#4381,#4383,#4384,.T.);
#3574=EDGE_CURVE('',#4383,#4379,#4385,.T.);
#3575=EDGE_CURVE('',#4386,#4387,#4388,.T.);
#3576=EDGE_CURVE('',#4389,#4386,#4390,.T.);
#3577=EDGE_CURVE('',#4389,#4391,#4392,.T.);
#3578=EDGE_CURVE('',#4391,#4387,#4393,.T.);
#3579=EDGE_CURVE('',#4394,#4219,#4395,.T.);
#3580=EDGE_CURVE('',#4217,#4396,#4397,.T.);
#3581=EDGE_CURVE('',#4396,#4394,#4398,.T.);
#3582=EDGE_CURVE('',#4399,#4351,#4400,.T.);
#3583=EDGE_CURVE('',#4401,#4399,#4402,.T.);
#3584=EDGE_CURVE('',#4401,#4353,#4403,.T.);
#3585=EDGE_CURVE('',#4231,#4404,#4405,.T.);
#3586=EDGE_CURVE('',#4404,#4406,#4407,.T.);
#3587=EDGE_CURVE('',#4228,#4406,#4408,.T.);
#3588=EDGE_CURVE('',#4409,#4237,#4410,.T.);
#3589=EDGE_CURVE('',#4411,#4409,#4412,.T.);
#3590=EDGE_CURVE('',#4411,#4239,#4413,.T.);
#3591=EDGE_CURVE('',#4414,#4415,#4416,.T.);
#3592=EDGE_CURVE('',#4417,#4415,#4418,.T.);
#3593=EDGE_CURVE('',#4417,#4419,#4420,.T.);
#3594=EDGE_CURVE('',#4419,#4414,#4421,.T.);
#3595=EDGE_CURVE('',#4422,#4423,#4424,.T.);
#3596=EDGE_CURVE('',#4422,#4425,#4426,.T.);
#3597=EDGE_CURVE('',#4427,#4425,#4428,.T.);
#3598=EDGE_CURVE('',#4427,#4429,#4430,.T.);
#3599=EDGE_CURVE('',#4429,#4431,#4432,.T.);
#3600=EDGE_CURVE('',#4433,#4431,#4434,.T.);
#3601=EDGE_CURVE('',#4435,#4433,#4436,.T.);
#3602=EDGE_CURVE('',#4423,#4435,#4437,.T.);
#3603=EDGE_CURVE('',#4438,#4275,#4439,.T.);
#3604=EDGE_CURVE('',#4440,#4438,#4441,.T.);
#3605=EDGE_CURVE('',#4440,#4442,#4443,.T.);
#3606=EDGE_CURVE('',#4442,#4277,#4444,.T.);
#3607=EDGE_CURVE('',#4445,#4446,#4447,.T.);
#3608=EDGE_CURVE('',#4448,#4445,#4449,.T.);
#3609=EDGE_CURVE('',#4448,#4450,#4451,.T.);
#3610=EDGE_CURVE('',#4450,#4452,#4453,.T.);
#3611=EDGE_CURVE('',#4452,#4446,#4454,.T.);
#3612=EDGE_CURVE('',#4455,#4456,#4457,.T.);
#3613=EDGE_CURVE('',#4455,#4458,#4459,.T.);
#3614=EDGE_CURVE('',#4460,#4458,#4461,.T.);
#3615=EDGE_CURVE('',#4462,#4460,#4463,.T.);
#3616=EDGE_CURVE('',#4464,#4462,#4465,.T.);
#3617=EDGE_CURVE('',#4466,#4464,#4467,.T.);
#3618=EDGE_CURVE('',#4468,#4466,#4469,.T.);
#3619=EDGE_CURVE('',#4470,#4468,#4471,.T.);
#3620=EDGE_CURVE('',#4472,#4470,#4473,.T.);
#3621=EDGE_CURVE('',#4474,#4472,#4475,.T.);
#3622=EDGE_CURVE('',#4264,#4474,#4476,.T.);
#3623=EDGE_CURVE('',#4477,#4268,#4478,.T.);
#3624=EDGE_CURVE('',#4477,#4479,#4480,.T.);
#3625=EDGE_CURVE('',#4481,#4479,#4482,.T.);
#3626=EDGE_CURVE('',#4483,#4481,#4484,.T.);
#3627=EDGE_CURVE('',#4485,#4483,#4486,.T.);
#3628=EDGE_CURVE('',#4487,#4485,#4488,.T.);
#3629=EDGE_CURVE('',#4489,#4487,#4490,.T.);
#3630=EDGE_CURVE('',#4456,#4489,#4491,.T.);
#3631=EDGE_CURVE('',#4492,#4493,#4494,.T.);
#3632=EDGE_CURVE('',#4493,#4495,#4496,.T.);
#3633=EDGE_CURVE('',#4497,#4495,#4498,.T.);
#3634=EDGE_CURVE('',#4492,#4497,#4499,.T.);
#3635=EDGE_CURVE('',#4500,#4501,#4502,.T.);
#3636=EDGE_CURVE('',#4500,#4433,#4503,.T.);
#3637=EDGE_CURVE('',#4501,#4431,#4504,.T.);
#3638=EDGE_CURVE('',#4448,#4505,#4506,.T.);
#3639=EDGE_CURVE('',#4505,#4507,#4508,.T.);
#3640=EDGE_CURVE('',#4507,#4450,#4509,.T.);
#3641=EDGE_CURVE('',#4510,#4511,#4512,.T.);
#3642=EDGE_CURVE('',#4510,#4513,#4514,.T.);
#3643=EDGE_CURVE('',#4513,#4515,#4516,.T.);
#3644=EDGE_CURVE('',#4511,#4515,#4517,.T.);
#3645=EDGE_CURVE('',#4394,#4518,#4519,.T.);
#3646=EDGE_CURVE('',#4520,#4396,#4521,.T.);
#3647=EDGE_CURVE('',#4520,#4518,#4522,.T.);
#3648=EDGE_CURVE('',#4523,#4524,#4525,.T.);
#3649=EDGE_CURVE('',#4526,#4523,#4527,.T.);
#3650=EDGE_CURVE('',#4526,#4528,#4529,.T.);
#3651=EDGE_CURVE('',#4528,#4524,#4530,.T.);
#3652=EDGE_CURVE('',#4531,#4507,#4532,.T.);
#3653=EDGE_CURVE('',#4256,#4531,#4533,.T.);
#3654=EDGE_CURVE('',#4452,#4255,#4534,.T.);
#3655=EDGE_CURVE('',#4417,#4468,#4535,.T.);
#3656=EDGE_CURVE('',#4470,#4415,#4536,.T.);
#3657=EDGE_CURVE('',#4291,#4537,#4538,.T.);
#3658=EDGE_CURVE('',#4539,#4289,#4540,.T.);
#3659=EDGE_CURVE('',#4537,#4539,#4541,.T.);
#3660=EDGE_CURVE('',#4542,#4365,#4543,.T.);
#3661=EDGE_CURVE('',#4349,#4542,#4544,.T.);
#3662=EDGE_CURVE('',#4545,#4546,#4547,.T.);
#3663=EDGE_CURVE('',#4545,#4464,#4548,.T.);
#3664=EDGE_CURVE('',#4462,#4546,#4549,.T.);
#3665=EDGE_CURVE('',#4550,#4551,#4552,.T.);
#3666=EDGE_CURVE('',#4553,#4550,#4554,.T.);
#3667=EDGE_CURVE('',#4389,#4553,#4555,.T.);
#3668=EDGE_CURVE('',#4556,#4386,#4557,.T.);
#3669=EDGE_CURVE('',#4558,#4556,#4559,.T.);
#3670=EDGE_CURVE('',#4560,#4558,#4561,.T.);
#3671=EDGE_CURVE('',#4560,#4562,#4563,.T.);
#3672=EDGE_CURVE('',#4562,#4564,#4565,.T.);
#3673=EDGE_CURVE('',#4566,#4564,#4567,.T.);
#3674=EDGE_CURVE('',#4566,#4568,#4569,.T.);
#3675=EDGE_CURVE('',#4568,#4570,#4571,.T.);
#3676=EDGE_CURVE('',#4572,#4570,#4573,.T.);
#3677=EDGE_CURVE('',#4551,#4572,#4574,.T.);
#3678=EDGE_CURVE('',#4575,#4576,#4577,.T.);
#3679=EDGE_CURVE('',#4576,#4578,#4579,.T.);
#3680=EDGE_CURVE('',#4580,#4578,#4581,.T.);
#3681=EDGE_CURVE('',#4580,#4575,#4582,.T.);
#3682=EDGE_CURVE('',#4583,#4584,#4585,.T.);
#3683=EDGE_CURVE('',#4586,#4583,#4587,.T.);
#3684=EDGE_CURVE('',#4586,#4588,#4589,.T.);
#3685=EDGE_CURVE('',#4588,#4584,#4590,.T.);
#3686=EDGE_CURVE('',#4411,#4591,#4592,.T.);
#3687=EDGE_CURVE('',#4419,#4591,#4593,.T.);
#3688=EDGE_CURVE('',#4466,#4594,#4595,.T.);
#3689=EDGE_CURVE('',#4594,#4596,#4597,.T.);
#3690=EDGE_CURVE('',#4596,#4489,#4598,.T.);
#3691=EDGE_CURVE('',#4487,#4599,#4600,.T.);
#3692=EDGE_CURVE('',#4599,#4263,#4601,.T.);
#3693=EDGE_CURVE('',#4474,#4560,#4602,.T.);
#3694=EDGE_CURVE('',#4518,#4558,#4603,.T.);
#3695=EDGE_CURVE('',#4520,#4216,#4604,.T.);
#3696=EDGE_CURVE('',#4308,#4605,#4606,.T.);
#3697=EDGE_CURVE('',#4607,#4605,#4608,.T.);
#3698=EDGE_CURVE('',#4607,#4609,#4610,.T.);
#3699=EDGE_CURVE('',#4241,#4609,#4611,.T.);
#3700=EDGE_CURVE('',#4362,#4612,#4613,.T.);
#3701=EDGE_CURVE('',#4614,#4612,#4615,.T.);
#3702=EDGE_CURVE('',#4614,#4616,#4617,.T.);
#3703=EDGE_CURVE('',#4616,#4618,#4619,.T.);
#3704=EDGE_CURVE('',#4381,#4618,#4620,.T.);
#3705=EDGE_CURVE('',#4378,#4358,#4621,.T.);
#3706=EDGE_CURVE('',#4562,#4622,#4623,.T.);
#3707=EDGE_CURVE('',#4624,#4622,#4625,.T.);
#3708=EDGE_CURVE('',#4624,#4564,#4626,.T.);
#3709=EDGE_CURVE('',#4314,#4493,#4627,.T.);
#3710=EDGE_CURVE('',#4628,#4318,#4629,.T.);
#3711=EDGE_CURVE('',#4630,#4628,#4631,.T.);
#3712=EDGE_CURVE('',#4632,#4630,#4633,.T.);
#3713=EDGE_CURVE('',#4634,#4632,#4635,.T.);
#3714=EDGE_CURVE('',#4495,#4634,#4636,.T.);
#3715=EDGE_CURVE('',#4637,#4628,#4638,.T.);
#3716=EDGE_CURVE('',#4316,#4637,#4639,.T.);
#3717=EDGE_CURVE('',#4492,#4313,#4640,.T.);
#3718=EDGE_CURVE('',#4379,#4357,#4641,.T.);
#3719=EDGE_CURVE('',#4642,#4383,#4643,.T.);
#3720=EDGE_CURVE('',#4644,#4642,#4645,.T.);
#3721=EDGE_CURVE('',#4646,#4644,#4647,.T.);
#3722=EDGE_CURVE('',#4646,#4648,#4649,.T.);
#3723=EDGE_CURVE('',#4648,#4360,#4650,.T.);
#3724=EDGE_CURVE('',#4523,#4651,#4652,.T.);
#3725=EDGE_CURVE('',#4524,#4653,#4654,.T.);
#3726=EDGE_CURVE('',#4651,#4653,#4655,.T.);
#3727=EDGE_CURVE('',#4656,#4630,#4657,.T.);
#3728=EDGE_CURVE('',#4656,#4637,#4658,.T.);
#3729=EDGE_CURVE('',#4659,#4660,#4661,.T.);
#3730=EDGE_CURVE('',#4662,#4659,#4663,.T.);
#3731=EDGE_CURVE('',#4664,#4662,#4665,.T.);
#3732=EDGE_CURVE('',#4660,#4664,#4666,.T.);
#3733=EDGE_CURVE('',#4371,#4667,#4668,.T.);
#3734=EDGE_CURVE('',#4375,#4669,#4670,.T.);
#3735=EDGE_CURVE('',#4667,#4669,#4671,.T.);
#3736=EDGE_CURVE('',#4672,#4673,#4674,.T.);
#3737=EDGE_CURVE('',#4673,#4334,#4675,.T.);
#3738=EDGE_CURVE('',#4672,#4332,#4676,.T.);
#3739=EDGE_CURVE('',#4515,#4513,#4677,.T.);
#3740=EDGE_CURVE('',#4678,#4500,#4679,.T.);
#3741=EDGE_CURVE('',#4678,#4435,#4680,.T.);
#3742=EDGE_CURVE('',#4681,#4605,#4682,.T.);
#3743=EDGE_CURVE('',#4683,#4681,#4684,.T.);
#3744=EDGE_CURVE('',#4683,#4607,#4685,.T.);
#3745=EDGE_CURVE('',#4686,#4472,#4687,.T.);
#3746=EDGE_CURVE('',#4686,#4622,#4688,.T.);
#3747=EDGE_CURVE('',#4689,#4690,#4691,.T.);
#3748=EDGE_CURVE('',#4690,#4689,#4692,.T.);
#3749=EDGE_CURVE('',#4693,#4694,#4695,.T.);
#3750=EDGE_CURVE('',#4694,#4693,#4696,.T.);
#3751=EDGE_CURVE('',#4609,#4697,#4698,.T.);
#3752=EDGE_CURVE('',#4235,#4697,#4699,.T.);
#3753=EDGE_CURVE('',#4700,#4678,#4701,.T.);
#3754=EDGE_CURVE('',#4423,#4700,#4702,.T.);
#3755=EDGE_CURVE('',#4330,#4299,#4703,.T.);
#3756=EDGE_CURVE('',#4328,#4301,#4704,.T.);
#3757=EDGE_CURVE('',#4705,#4706,#4707,.T.);
#3758=EDGE_CURVE('',#4455,#4705,#4708,.T.);
#3759=EDGE_CURVE('',#4706,#4456,#4709,.T.);
#3760=EDGE_CURVE('',#4483,#4710,#4711,.T.);
#3761=EDGE_CURVE('',#4712,#4710,#4713,.T.);
#3762=EDGE_CURVE('',#4712,#4485,#4714,.T.);
#3763=EDGE_CURVE('',#4273,#4715,#4716,.T.);
#3764=EDGE_CURVE('',#4438,#4715,#4717,.T.);
#3765=EDGE_CURVE('',#4648,#4612,#4718,.T.);
#3766=EDGE_CURVE('',#4646,#4614,#4719,.T.);
#3767=EDGE_CURVE('',#4697,#4406,#4720,.T.);
#3768=EDGE_CURVE('',#4404,#4721,#4722,.T.);
#3769=EDGE_CURVE('',#4721,#4723,#4724,.T.);
#3770=EDGE_CURVE('',#4725,#4723,#4726,.T.);
#3771=EDGE_CURVE('',#4572,#4725,#4727,.T.);
#3772=EDGE_CURVE('',#4570,#4728,#4729,.T.);
#3773=EDGE_CURVE('',#4728,#4730,#4731,.T.);
#3774=EDGE_CURVE('',#4730,#4732,#4733,.T.);
#3775=EDGE_CURVE('',#4732,#4734,#4735,.T.);
#3776=EDGE_CURVE('',#4734,#4736,#4737,.T.);
#3777=EDGE_CURVE('',#4736,#4738,#4739,.T.);
#3778=EDGE_CURVE('',#4738,#4422,#4740,.T.);
#3779=EDGE_CURVE('',#4700,#4741,#4742,.T.);
#3780=EDGE_CURVE('',#4743,#4741,#4744,.T.);
#3781=EDGE_CURVE('',#4743,#4409,#4745,.T.);
#3782=EDGE_CURVE('',#4497,#4746,#4747,.T.);
#3783=EDGE_CURVE('',#4746,#4748,#4749,.T.);
#3784=EDGE_CURVE('',#4748,#4656,#4750,.T.);
#3785=EDGE_CURVE('',#4751,#4752,#4753,.T.);
#3786=EDGE_CURVE('',#4754,#4751,#4755,.T.);
#3787=EDGE_CURVE('',#4756,#4754,#4757,.T.);
#3788=EDGE_CURVE('',#4338,#4756,#4758,.T.);
#3789=EDGE_CURVE('',#4759,#4338,#4760,.T.);
#3790=EDGE_CURVE('',#4761,#4759,#4762,.T.);
#3791=EDGE_CURVE('',#4763,#4761,#4764,.T.);
#3792=EDGE_CURVE('',#4763,#4752,#4765,.T.);
#3793=EDGE_CURVE('',#4746,#4634,#4766,.T.);
#3794=EDGE_CURVE('',#4458,#4767,#4768,.T.);
#3795=EDGE_CURVE('',#4769,#4767,#4770,.T.);
#3796=EDGE_CURVE('',#4460,#4769,#4771,.T.);
#3797=EDGE_CURVE('',#4772,#4773,#4774,.T.);
#3798=EDGE_CURVE('',#4773,#4387,#4775,.T.);
#3799=EDGE_CURVE('',#4772,#4391,#4776,.T.);
#3800=EDGE_CURVE('',#4777,#4778,#4779,.T.);
#3801=EDGE_CURVE('',#4777,#4322,#4780,.T.);
#3802=EDGE_CURVE('',#4342,#4778,#4781,.T.);
#3803=EDGE_CURVE('',#4782,#4783,#4784,.T.);
#3804=EDGE_CURVE('',#4782,#4785,#4786,.T.);
#3805=EDGE_CURVE('',#4787,#4785,#4788,.T.);
#3806=EDGE_CURVE('',#4783,#4787,#4789,.T.);
#3807=EDGE_CURVE('',#4477,#4790,#4791,.T.);
#3808=EDGE_CURVE('',#4790,#4792,#4793,.T.);
#3809=EDGE_CURVE('',#4479,#4792,#4794,.T.);
#3810=EDGE_CURVE('',#4481,#4795,#4796,.T.);
#3811=EDGE_CURVE('',#4710,#4795,#4797,.T.);
#3812=EDGE_CURVE('',#4798,#4799,#4800,.T.);
#3813=EDGE_CURVE('',#4798,#4801,#4802,.T.);
#3814=EDGE_CURVE('',#4801,#4803,#4804,.T.);
#3815=EDGE_CURVE('',#4799,#4803,#4805,.T.);
#3816=EDGE_CURVE('',#4806,#4807,#4808,.T.);
#3817=EDGE_CURVE('',#4807,#4651,#4809,.T.);
#3818=EDGE_CURVE('',#4806,#4653,#4810,.T.);
#3819=EDGE_CURVE('',#4660,#4531,#4811,.T.);
#3820=EDGE_CURVE('',#4659,#4505,#4812,.T.);
#3821=EDGE_CURVE('',#4594,#4545,#4813,.T.);
#3822=EDGE_CURVE('',#4599,#4712,#4814,.T.);
#3823=EDGE_CURVE('',#4815,#4816,#4817,.T.);
#3824=EDGE_CURVE('',#4815,#4429,#4818,.T.);
#3825=EDGE_CURVE('',#4816,#4427,#4819,.T.);
#3826=EDGE_CURVE('',#4542,#4820,#4821,.T.);
#3827=EDGE_CURVE('',#4820,#4822,#4823,.T.);
#3828=EDGE_CURVE('',#4756,#4822,#4824,.T.);
#3829=EDGE_CURVE('',#4756,#4825,#4826,.T.);
#3830=EDGE_CURVE('',#4825,#4673,#4827,.T.);
#3831=EDGE_CURVE('',#4672,#4828,#4829,.T.);
#3832=EDGE_CURVE('',#4828,#4830,#4831,.T.);
#3833=EDGE_CURVE('',#4399,#4830,#4832,.T.);
#3834=EDGE_CURVE('',#4833,#4834,#4835,.T.);
#3835=EDGE_CURVE('',#4834,#4833,#4836,.T.);
#3836=EDGE_CURVE('',#4511,#4510,#4837,.T.);
#3837=EDGE_CURVE('',#4838,#4539,#4839,.T.);
#3838=EDGE_CURVE('',#4838,#4840,#4841,.T.);
#3839=EDGE_CURVE('',#4840,#4537,#4842,.T.);
#3840=EDGE_CURVE('',#4501,#4843,#4844,.T.);
#3841=EDGE_CURVE('',#4843,#4741,#4845,.T.);
#3842=EDGE_CURVE('',#4795,#4792,#4846,.T.);
#3843=EDGE_CURVE('',#4847,#4721,#4848,.T.);
#3844=EDGE_CURVE('',#4847,#4849,#4850,.T.);
#3845=EDGE_CURVE('',#4723,#4849,#4851,.T.);
#3846=EDGE_CURVE('',#4616,#4644,#4852,.T.);
#3847=EDGE_CURVE('',#4853,#4854,#4855,.T.);
#3848=EDGE_CURVE('',#4528,#4853,#4856,.T.);
#3849=EDGE_CURVE('',#4526,#4854,#4857,.T.);
#3850=EDGE_CURVE('',#4858,#4859,#4860,.T.);
#3851=EDGE_CURVE('',#4861,#4859,#4862,.T.);
#3852=EDGE_CURVE('',#4296,#4861,#4863,.T.);
#3853=EDGE_CURVE('',#4321,#4297,#4864,.T.);
#3854=EDGE_CURVE('',#4777,#4858,#4865,.T.);
#3855=EDGE_CURVE('',#4866,#4859,#4867,.T.);
#3856=EDGE_CURVE('',#4866,#4761,#4868,.T.);
#3857=EDGE_CURVE('',#4761,#4782,#4869,.T.);
#3858=EDGE_CURVE('',#4783,#4861,#4870,.T.);
#3859=EDGE_CURVE('',#4871,#4872,#4873,.T.);
#3860=EDGE_CURVE('',#4871,#4874,#4875,.T.);
#3861=EDGE_CURVE('',#4874,#4340,#4876,.T.);
#3862=EDGE_CURVE('',#4340,#4822,#4877,.T.);
#3863=EDGE_CURVE('',#4822,#4878,#4879,.T.);
#3864=EDGE_CURVE('',#4880,#4878,#4881,.T.);
#3865=EDGE_CURVE('',#4872,#4880,#4882,.T.);
#3866=EDGE_CURVE('',#4883,#4847,#4884,.T.);
#3867=EDGE_CURVE('',#4883,#4885,#4886,.T.);
#3868=EDGE_CURVE('',#4885,#4887,#4888,.T.);
#3869=EDGE_CURVE('',#4849,#4887,#4889,.T.);
#3870=EDGE_CURVE('',#4546,#4769,#4890,.T.);
#3871=EDGE_CURVE('',#4790,#4266,#4891,.T.);
#3872=EDGE_CURVE('',#4367,#4248,#4892,.T.);
#3873=EDGE_CURVE('',#4283,#4247,#4893,.T.);
#3874=EDGE_CURVE('',#4894,#4280,#4895,.T.);
#3875=EDGE_CURVE('',#4820,#4894,#4896,.T.);
#3876=EDGE_CURVE('',#4247,#4260,#4897,.T.);
#3877=EDGE_CURVE('',#4858,#4898,#4899,.T.);
#3878=EDGE_CURVE('',#4336,#4898,#4900,.T.);
#3879=EDGE_CURVE('',#4901,#4825,#4902,.T.);
#3880=EDGE_CURVE('',#4903,#4901,#4904,.T.);
#3881=EDGE_CURVE('',#4903,#4905,#4906,.T.);
#3882=EDGE_CURVE('',#4580,#4905,#4907,.T.);
#3883=EDGE_CURVE('',#4578,#4908,#4909,.T.);
#3884=EDGE_CURVE('',#4908,#4910,#4911,.T.);
#3885=EDGE_CURVE('',#4912,#4910,#4913,.T.);
#3886=EDGE_CURVE('',#4866,#4912,#4914,.T.);
#3887=EDGE_CURVE('',#4586,#4553,#4915,.T.);
#3888=EDGE_CURVE('',#4583,#4806,#4916,.T.);
#3889=EDGE_CURVE('',#4853,#4798,#4917,.T.);
#3890=EDGE_CURVE('',#4799,#4918,#4919,.T.);
#3891=EDGE_CURVE('',#4918,#4772,#4920,.T.);
#3892=EDGE_CURVE('',#4921,#4922,#4923,.T.);
#3893=EDGE_CURVE('',#4922,#4924,#4925,.T.);
#3894=EDGE_CURVE('',#4926,#4924,#4927,.T.);
#3895=EDGE_CURVE('',#4921,#4926,#4928,.T.);
#3896=EDGE_CURVE('',#4778,#4874,#4929,.T.);
#3897=EDGE_CURVE('',#4759,#4874,#4930,.T.);
#3898=EDGE_CURVE('',#4759,#4898,#4931,.T.);
#3899=EDGE_CURVE('',#4918,#4932,#4933,.T.);
#3900=EDGE_CURVE('',#4803,#4932,#4934,.T.);
#3901=EDGE_CURVE('',#4935,#4568,#4936,.T.);
#3902=EDGE_CURVE('',#4935,#4728,#4937,.T.);
#3903=EDGE_CURVE('',#4938,#4221,#4939,.T.);
#3904=EDGE_CURVE('',#4940,#4938,#4941,.T.);
#3905=EDGE_CURVE('',#4310,#4940,#4942,.T.);
#3906=EDGE_CURVE('',#4752,#4910,#4943,.T.);
#3907=EDGE_CURVE('',#4763,#4912,#4944,.T.);
#3908=EDGE_CURVE('',#4938,#4885,#4945,.T.);
#3909=EDGE_CURVE('',#4940,#4883,#4946,.T.);
#3910=EDGE_CURVE('',#4947,#4681,#4948,.T.);
#3911=EDGE_CURVE('',#4947,#4683,#4949,.T.);
#3912=EDGE_CURVE('',#4446,#4442,#4950,.T.);
#3913=EDGE_CURVE('',#4706,#4596,#4951,.T.);
#3914=EDGE_CURVE('',#4551,#4807,#4952,.T.);
#3915=EDGE_CURVE('',#4887,#4725,#4953,.T.);
#3916=EDGE_CURVE('',#4932,#4556,#4954,.T.);
#3917=EDGE_CURVE('',#4854,#4801,#4955,.T.);
#3918=EDGE_CURVE('',#4662,#4715,#4956,.T.);
#3919=EDGE_CURVE('',#4445,#4440,#4957,.T.);
#3920=EDGE_CURVE('',#4288,#4838,#4958,.T.);
#3921=EDGE_CURVE('',#4566,#4843,#4959,.T.);
#3922=EDGE_CURVE('',#4960,#4815,#4961,.T.);
#3923=EDGE_CURVE('',#4960,#4962,#4963,.T.);
#3924=EDGE_CURVE('',#4373,#4962,#4964,.T.);
#3925=EDGE_CURVE('',#4935,#4370,#4965,.T.);
#3926=EDGE_CURVE('',#4751,#4903,#4966,.T.);
#3927=EDGE_CURVE('',#4901,#4754,#4967,.T.);
#3928=EDGE_CURVE('',#4326,#4303,#4968,.T.);
#3929=EDGE_CURVE('',#4305,#4324,#4969,.T.);
#3930=EDGE_CURVE('',#4970,#4971,#4972,.T.);
#3931=EDGE_CURVE('',#4970,#4401,#4973,.T.);
#3932=EDGE_CURVE('',#4399,#4326,#4974,.T.);
#3933=EDGE_CURVE('',#4303,#4975,#4976,.T.);
#3934=EDGE_CURVE('',#4971,#4975,#4977,.T.);
#3935=EDGE_CURVE('',#4258,#4248,#4978,.T.);
#3936=EDGE_CURVE('',#4686,#4979,#4980,.T.);
#3937=EDGE_CURVE('',#4979,#4414,#4981,.T.);
#3938=EDGE_CURVE('',#4705,#4767,#4982,.T.);
#3939=EDGE_CURVE('',#4234,#4983,#4984,.T.);
#3940=EDGE_CURVE('',#4985,#4983,#4986,.T.);
#3941=EDGE_CURVE('',#4987,#4985,#4988,.T.);
#3942=EDGE_CURVE('',#4244,#4987,#4989,.T.);
#3943=EDGE_CURVE('',#4229,#4947,#4990,.T.);
#3944=EDGE_CURVE('',#4983,#4991,#4992,.T.);
#3945=EDGE_CURVE('',#4991,#4993,#4994,.T.);
#3946=EDGE_CURVE('',#4995,#4993,#4996,.T.);
#3947=EDGE_CURVE('',#4997,#4995,#4998,.T.);
#3948=EDGE_CURVE('',#4985,#4997,#4999,.T.);
#3949=EDGE_CURVE('',#4271,#4664,#5000,.T.);
#3950=EDGE_CURVE('',#4584,#4807,#5001,.T.);
#3951=EDGE_CURVE('',#4588,#4550,#5002,.T.);
#3952=EDGE_CURVE('',#4689,#5003,#5004,.T.);
#3953=EDGE_CURVE('',#5003,#4997,#5005,.T.);
#3954=EDGE_CURVE('',#4690,#4995,#5006,.T.);
#3955=EDGE_CURVE('',#4748,#4632,#5007,.T.);
#3956=EDGE_CURVE('',#4618,#4642,#5008,.T.);
#3957=EDGE_CURVE('',#5009,#4908,#5010,.T.);
#3958=EDGE_CURVE('',#5011,#5009,#5012,.T.);
#3959=EDGE_CURVE('',#5011,#5013,#5014,.T.);
#3960=EDGE_CURVE('',#5013,#5015,#5016,.T.);
#3961=EDGE_CURVE('',#5017,#5015,#5018,.T.);
#3962=EDGE_CURVE('',#5019,#5017,#5020,.T.);
#3963=EDGE_CURVE('',#4905,#5019,#5021,.T.);
#3964=EDGE_CURVE('',#5022,#5023,#5024,.T.);
#3965=EDGE_CURVE('',#4924,#5023,#5025,.T.);
#3966=EDGE_CURVE('',#4922,#5022,#5026,.T.);
#3967=EDGE_CURVE('',#4787,#5011,#5027,.T.);
#3968=EDGE_CURVE('',#4576,#5009,#5028,.T.);
#3969=EDGE_CURVE('',#4575,#5019,#5029,.T.);
#3970=EDGE_CURVE('',#5017,#5030,#5031,.T.);
#3971=EDGE_CURVE('',#5030,#4828,#5032,.T.);
#3972=EDGE_CURVE('',#4932,#4773,#5033,.T.);
#3973=EDGE_CURVE('',#5015,#5034,#5035,.T.);
#3974=EDGE_CURVE('',#5034,#5030,#5036,.T.);
#3975=EDGE_CURVE('',#4694,#4834,#5037,.T.);
#3976=EDGE_CURVE('',#4693,#4833,#5038,.T.);
#3977=EDGE_CURVE('',#4293,#4840,#5039,.T.);
#3978=EDGE_CURVE('',#5040,#4738,#5041,.T.);
#3979=EDGE_CURVE('',#5040,#4425,#5042,.T.);
#3980=EDGE_CURVE('',#4624,#4979,#5043,.T.);
#3981=EDGE_CURVE('',#4743,#4591,#5044,.T.);
#3982=EDGE_CURVE('',#4736,#5045,#5046,.T.);
#3983=EDGE_CURVE('',#5045,#5047,#5048,.T.);
#3984=EDGE_CURVE('',#5047,#4960,#5049,.T.);
#3985=EDGE_CURVE('',#4816,#5040,#5050,.T.);
#3986=EDGE_CURVE('',#4667,#4730,#5051,.T.);
#3987=EDGE_CURVE('',#4732,#4669,#5052,.T.);
#3988=EDGE_CURVE('',#5053,#4962,#5054,.T.);
#3989=EDGE_CURVE('',#5055,#5053,#5056,.T.);
#3990=EDGE_CURVE('',#4734,#5055,#5057,.T.);
#3991=EDGE_CURVE('',#5045,#5055,#5058,.T.);
#3992=EDGE_CURVE('',#5047,#5053,#5059,.T.);
#3993=EDGE_CURVE('',#4894,#4878,#5060,.T.);
#3994=EDGE_CURVE('',#4830,#4328,#5061,.T.);
#3995=EDGE_CURVE('',#4872,#4971,#5062,.T.);
#3996=EDGE_CURVE('',#4975,#4871,#5063,.T.);
#3997=EDGE_CURVE('',#5034,#4830,#5064,.T.);
#3998=EDGE_CURVE('',#4970,#4880,#5065,.T.);
#3999=EDGE_CURVE('',#4894,#4353,#5066,.T.);
#4000=EDGE_CURVE('',#5013,#4785,#5067,.T.);
#4001=EDGE_CURVE('',#4301,#4782,#5068,.T.);
#4002=EDGE_CURVE('',#5069,#4921,#5070,.T.);
#4003=EDGE_CURVE('',#5022,#5069,#5071,.T.);
#4004=EDGE_CURVE('',#5023,#5072,#5073,.T.);
#4005=EDGE_CURVE('',#5072,#4926,#5074,.T.);
#4006=EDGE_CURVE('',#5072,#5069,#5075,.T.);
#4007=EDGE_CURVE('',#4991,#4987,#5076,.T.);
#4008=EDGE_CURVE('',#4993,#5003,#5077,.T.);
#4009=EDGE_CURVE('',#5078,#5079,#5080,.T.);
#4010=EDGE_CURVE('',#5081,#5078,#5082,.T.);
#4011=EDGE_CURVE('',#5081,#5083,#5084,.T.);
#4012=EDGE_CURVE('',#5083,#5079,#5085,.T.);
#4013=EDGE_CURVE('',#5079,#5086,#5087,.T.);
#4014=EDGE_CURVE('',#5088,#5086,#5089,.T.);
#4015=EDGE_CURVE('',#5078,#5088,#5090,.T.);
#4016=EDGE_CURVE('',#5091,#5092,#5093,.T.);
#4017=EDGE_CURVE('',#5094,#5092,#5095,.T.);
#4018=EDGE_CURVE('',#5096,#5094,#5097,.T.);
#4019=EDGE_CURVE('',#5096,#5091,#5098,.T.);
#4020=EDGE_CURVE('',#5099,#5081,#5100,.T.);
#4021=EDGE_CURVE('',#5088,#5101,#5102,.T.);
#4022=EDGE_CURVE('',#5103,#5101,#5104,.T.);
#4023=EDGE_CURVE('',#5103,#5105,#5106,.T.);
#4024=EDGE_CURVE('',#5107,#5105,#5108,.T.);
#4025=EDGE_CURVE('',#5107,#5099,#5109,.T.);
#4026=EDGE_CURVE('',#5110,#5111,#5112,.T.);
#4027=EDGE_CURVE('',#5113,#5110,#5114,.T.);
#4028=EDGE_CURVE('',#5115,#5113,#5116,.T.);
#4029=EDGE_CURVE('',#5111,#5115,#5117,.T.);
#4030=EDGE_CURVE('',#5099,#5118,#5119,.T.);
#4031=EDGE_CURVE('',#5118,#5083,#5120,.T.);
#4032=EDGE_CURVE('',#5101,#5121,#5122,.T.);
#4033=EDGE_CURVE('',#5123,#5121,#5124,.T.);
#4034=EDGE_CURVE('',#5103,#5123,#5125,.T.);
#4035=EDGE_CURVE('',#5094,#5096,#5126,.T.);
#4036=EDGE_CURVE('',#5105,#5127,#5128,.T.);
#4037=EDGE_CURVE('',#5129,#5127,#5130,.T.);
#4038=EDGE_CURVE('',#5107,#5129,#5131,.T.);
#4039=EDGE_CURVE('',#5123,#5127,#5132,.T.);
#4040=EDGE_CURVE('',#5086,#5121,#5133,.T.);
#4041=EDGE_CURVE('',#5129,#5118,#5134,.T.);
#4042=EDGE_CURVE('',#5092,#5091,#5135,.T.);
#4043=EDGE_CURVE('',#5111,#5136,#5137,.T.);
#4044=EDGE_CURVE('',#5138,#5136,#5139,.T.);
#4045=EDGE_CURVE('',#5138,#5110,#5140,.T.);
#4046=EDGE_CURVE('',#5141,#5142,#5143,.T.);
#4047=EDGE_CURVE('',#5141,#5115,#5144,.T.);
#4048=EDGE_CURVE('',#5113,#5142,#5145,.T.);
#4049=EDGE_CURVE('',#5136,#5141,#5146,.T.);
#4050=EDGE_CURVE('',#5142,#5138,#5147,.T.);
#4051=EDGE_CURVE('',#5148,#5149,#5150,.T.);
#4052=EDGE_CURVE('',#5151,#5148,#5152,.T.);
#4053=EDGE_CURVE('',#5151,#5149,#5153,.T.);
#4054=EDGE_CURVE('',#5154,#5155,#5156,.T.);
#4055=EDGE_CURVE('',#5155,#5154,#5157,.T.);
#4056=EDGE_CURVE('',#5158,#5159,#5160,.T.);
#4057=EDGE_CURVE('',#5161,#5158,#5162,.T.);
#4058=EDGE_CURVE('',#5163,#5161,#5164,.T.);
#4059=EDGE_CURVE('',#5163,#5159,#5165,.T.);
#4060=EDGE_CURVE('',#5149,#5163,#5166,.T.);
#4061=EDGE_CURVE('',#5151,#5159,#5167,.T.);
#4062=EDGE_CURVE('',#5168,#5169,#5170,.T.);
#4063=EDGE_CURVE('',#5169,#5168,#5171,.T.);
#4064=EDGE_CURVE('',#5172,#5173,#5174,.T.);
#4065=EDGE_CURVE('',#5173,#5172,#5175,.T.);
#4066=EDGE_CURVE('',#5176,#5177,#5178,.T.);
#4067=EDGE_CURVE('',#5179,#5176,#5180,.T.);
#4068=EDGE_CURVE('',#5177,#5179,#5181,.T.);
#4069=EDGE_CURVE('',#5177,#5161,#5182,.T.);
#4070=EDGE_CURVE('',#5176,#5158,#5183,.T.);
#4071=EDGE_CURVE('',#5148,#5169,#5184,.T.);
#4072=EDGE_CURVE('',#5179,#5168,#5185,.T.);
#4073=EDGE_CURVE('',#5173,#5154,#5186,.T.);
#4074=EDGE_CURVE('',#5172,#5155,#5187,.T.);
#4075=VERTEX_POINT('',#5188);
#4076=VERTEX_POINT('',#5189);
#4077=LINE('',#5190,#5191);
#4078=VERTEX_POINT('',#5192);
#4079=LINE('',#5193,#5194);
#4080=VERTEX_POINT('',#5195);
#4081=LINE('',#5196,#5197);
#4082=LINE('',#5198,#5199);
#4083=VERTEX_POINT('',#5200);
#4084=VERTEX_POINT('',#5201);
#4085=LINE('',#5202,#5203);
#4086=VERTEX_POINT('',#5204);
#4087=LINE('',#5205,#5206);
#4088=VERTEX_POINT('',#5207);
#4089=LINE('',#5208,#5209);
#4090=LINE('',#5210,#5211);
#4091=VERTEX_POINT('',#5212);
#4092=VERTEX_POINT('',#5213);
#4093=LINE('',#5214,#5215);
#4094=LINE('',#5216,#5217);
#4095=VERTEX_POINT('',#5218);
#4096=LINE('',#5219,#5220);
#4097=LINE('',#5221,#5222);
#4098=VERTEX_POINT('',#5223);
#4099=VERTEX_POINT('',#5224);
#4100=LINE('',#5225,#5226);
#4101=VERTEX_POINT('',#5227);
#4102=CIRCLE('',#5228,1.70000000000013);
#4103=VERTEX_POINT('',#5229);
#4104=LINE('',#5230,#5231);
#4105=CIRCLE('',#5232,1.70000000000013);
#4106=VERTEX_POINT('',#5233);
#4107=VERTEX_POINT('',#5234);
#4108=LINE('',#5235,#5236);
#4109=VERTEX_POINT('',#5237);
#4110=LINE('',#5238,#5239);
#4111=VERTEX_POINT('',#5240);
#4112=LINE('',#5241,#5242);
#4113=LINE('',#5243,#5244);
#4114=VERTEX_POINT('',#5245);
#4115=VERTEX_POINT('',#5246);
#4116=LINE('',#5247,#5248);
#4117=VERTEX_POINT('',#5249);
#4118=LINE('',#5250,#5251);
#4119=VERTEX_POINT('',#5252);
#4120=LINE('',#5253,#5254);
#4121=LINE('',#5255,#5256);
#4122=VERTEX_POINT('',#5257);
#4123=VERTEX_POINT('',#5258);
#4124=LINE('',#5259,#5260);
#4125=LINE('',#5261,#5262);
#4126=LINE('',#5263,#5264);
#4127=LINE('',#5265,#5266);
#4128=VERTEX_POINT('',#5267);
#4129=CIRCLE('',#5268,0.5);
#4130=VERTEX_POINT('',#5269);
#4131=LINE('',#5270,#5271);
#4132=VERTEX_POINT('',#5272);
#4133=CIRCLE('',#5273,0.5);
#4134=VERTEX_POINT('',#5274);
#4135=LINE('',#5275,#5276);
#4136=VERTEX_POINT('',#5277);
#4137=LINE('',#5278,#5279);
#4138=VERTEX_POINT('',#5280);
#4139=LINE('',#5281,#5282);
#4140=VERTEX_POINT('',#5283);
#4141=LINE('',#5284,#5285);
#4142=VERTEX_POINT('',#5286);
#4143=LINE('',#5287,#5288);
#4144=VERTEX_POINT('',#5289);
#4145=LINE('',#5290,#5291);
#4146=VERTEX_POINT('',#5292);
#4147=LINE('',#5293,#5294);
#4148=VERTEX_POINT('',#5295);
#4149=LINE('',#5296,#5297);
#4150=LINE('',#5298,#5299);
#4151=VERTEX_POINT('',#5300);
#4152=LINE('',#5301,#5302);
#4153=LINE('',#5303,#5304);
#4154=LINE('',#5305,#5306);
#4155=VERTEX_POINT('',#5307);
#4156=LINE('',#5308,#5309);
#4157=LINE('',#5310,#5311);
#4158=VERTEX_POINT('',#5312);
#4159=VERTEX_POINT('',#5313);
#4160=LINE('',#5314,#5315);
#4161=LINE('',#5316,#5317);
#4162=LINE('',#5318,#5319);
#4163=VERTEX_POINT('',#5320);
#4164=LINE('',#5321,#5322);
#4165=VERTEX_POINT('',#5323);
#4166=LINE('',#5324,#5325);
#4167=VERTEX_POINT('',#5326);
#4168=ELLIPSE('',#5327,1.13137084989845,0.79999999999999);
#4169=LINE('',#5328,#5329);
#4170=VERTEX_POINT('',#5330);
#4171=LINE('',#5331,#5332);
#4172=VERTEX_POINT('',#5333);
#4173=LINE('',#5334,#5335);
#4174=VERTEX_POINT('',#5336);
#4175=CIRCLE('',#5337,0.79999999999999);
#4176=LINE('',#5338,#5339);
#4177=LINE('',#5340,#5341);
#4178=LINE('',#5342,#5343);
#4179=VERTEX_POINT('',#5344);
#4180=LINE('',#5345,#5346);
#4181=LINE('',#5347,#5348);
#4182=VERTEX_POINT('',#5349);
#4183=LINE('',#5350,#5351);
#4184=VERTEX_POINT('',#5352);
#4185=LINE('',#5353,#5354);
#4186=LINE('',#5355,#5356);
#4187=LINE('',#5357,#5358);
#4188=VERTEX_POINT('',#5359);
#4189=LINE('',#5360,#5361);
#4190=LINE('',#5362,#5363);
#4191=LINE('',#5364,#5365);
#4192=VERTEX_POINT('',#5366);
#4193=LINE('',#5367,#5368);
#4194=VERTEX_POINT('',#5369);
#4195=LINE('',#5370,#5371);
#4196=VERTEX_POINT('',#5372);
#4197=CIRCLE('',#5373,0.5);
#4198=VERTEX_POINT('',#5374);
#4199=LINE('',#5375,#5376);
#4200=CIRCLE('',#5377,0.5);
#4201=LINE('',#5378,#5379);
#4202=LINE('',#5380,#5381);
#4203=LINE('',#5382,#5383);
#4204=LINE('',#5384,#5385);
#4205=VERTEX_POINT('',#5386);
#4206=LINE('',#5387,#5388);
#4207=LINE('',#5389,#5390);
#4208=LINE('',#5391,#5392);
#4209=LINE('',#5393,#5394);
#4210=VERTEX_POINT('',#5395);
#4211=CIRCLE('',#5396,0.79999999999999);
#4212=LINE('',#5397,#5398);
#4213=LINE('',#5399,#5400);
#4214=ELLIPSE('',#5401,1.13137084989847,0.79999999999999);
#4215=LINE('',#5402,#5403);
#4216=VERTEX_POINT('',#5404);
#4217=VERTEX_POINT('',#5405);
#4218=LINE('',#5406,#5407);
#4219=VERTEX_POINT('',#5408);
#4220=LINE('',#5409,#5410);
#4221=VERTEX_POINT('',#5411);
#4222=LINE('',#5412,#5413);
#4223=VERTEX_POINT('',#5414);
#4224=LINE('',#5415,#5416);
#4225=VERTEX_POINT('',#5417);
#4226=LINE('',#5418,#5419);
#4227=LINE('',#5420,#5421);
#4228=VERTEX_POINT('',#5422);
#4229=VERTEX_POINT('',#5423);
#4230=LINE('',#5424,#5425);
#4231=VERTEX_POINT('',#5426);
#4232=LINE('',#5427,#5428);
#4233=CIRCLE('',#5429,1.5);
#4234=VERTEX_POINT('',#5430);
#4235=VERTEX_POINT('',#5431);
#4236=LINE('',#5432,#5433);
#4237=VERTEX_POINT('',#5434);
#4238=LINE('',#5435,#5436);
#4239=VERTEX_POINT('',#5437);
#4240=LINE('',#5438,#5439);
#4241=VERTEX_POINT('',#5440);
#4242=LINE('',#5441,#5442);
#4243=LINE('',#5443,#5444);
#4244=VERTEX_POINT('',#5445);
#4245=CIRCLE('',#5446,4.1);
#4246=CIRCLE('',#5447,4.1);
#4247=VERTEX_POINT('',#5448);
#4248=VERTEX_POINT('',#5449);
#4249=LINE('',#5450,#5451);
#4250=VERTEX_POINT('',#5452);
#4251=LINE('',#5453,#5454);
#4252=VERTEX_POINT('',#5455);
#4253=LINE('',#5456,#5457);
#4254=LINE('',#5458,#5459);
#4255=VERTEX_POINT('',#5460);
#4256=VERTEX_POINT('',#5461);
#4257=LINE('',#5462,#5463);
#4258=VERTEX_POINT('',#5464);
#4259=LINE('',#5465,#5466);
#4260=VERTEX_POINT('',#5467);
#4261=LINE('',#5468,#5469);
#4262=LINE('',#5470,#5471);
#4263=VERTEX_POINT('',#5472);
#4264=VERTEX_POINT('',#5473);
#4265=LINE('',#5474,#5475);
#4266=VERTEX_POINT('',#5476);
#4267=LINE('',#5477,#5478);
#4268=VERTEX_POINT('',#5479);
#4269=LINE('',#5480,#5481);
#4270=LINE('',#5482,#5483);
#4271=VERTEX_POINT('',#5484);
#4272=LINE('',#5485,#5486);
#4273=VERTEX_POINT('',#5487);
#4274=ELLIPSE('',#5488,1.93185165257814,0.5);
#4275=VERTEX_POINT('',#5489);
#4276=LINE('',#5490,#5491);
#4277=VERTEX_POINT('',#5492);
#4278=ELLIPSE('',#5493,1.93185165257814,0.5);
#4279=LINE('',#5494,#5495);
#4280=VERTEX_POINT('',#5496);
#4281=VERTEX_POINT('',#5497);
#4282=LINE('',#5498,#5499);
#4283=VERTEX_POINT('',#5500);
#4284=LINE('',#5501,#5502);
#4285=VERTEX_POINT('',#5503);
#4286=LINE('',#5504,#5505);
#4287=LINE('',#5506,#5507);
#4288=VERTEX_POINT('',#5508);
#4289=VERTEX_POINT('',#5509);
#4290=LINE('',#5510,#5511);
#4291=VERTEX_POINT('',#5512);
#4292=LINE('',#5513,#5514);
#4293=VERTEX_POINT('',#5515);
#4294=LINE('',#5516,#5517);
#4295=LINE('',#5518,#5519);
#4296=VERTEX_POINT('',#5520);
#4297=VERTEX_POINT('',#5521);
#4298=LINE('',#5522,#5523);
#4299=VERTEX_POINT('',#5524);
#4300=LINE('',#5525,#5526);
#4301=VERTEX_POINT('',#5527);
#4302=LINE('',#5528,#5529);
#4303=VERTEX_POINT('',#5530);
#4304=LINE('',#5531,#5532);
#4305=VERTEX_POINT('',#5533);
#4306=LINE('',#5534,#5535);
#4307=LINE('',#5536,#5537);
#4308=VERTEX_POINT('',#5538);
#4309=LINE('',#5539,#5540);
#4310=VERTEX_POINT('',#5541);
#4311=LINE('',#5542,#5543);
#4312=LINE('',#5544,#5545);
#4313=VERTEX_POINT('',#5546);
#4314=VERTEX_POINT('',#5547);
#4315=LINE('',#5548,#5549);
#4316=VERTEX_POINT('',#5550);
#4317=CIRCLE('',#5551,0.5);
#4318=VERTEX_POINT('',#5552);
#4319=LINE('',#5553,#5554);
#4320=CIRCLE('',#5555,0.5);
#4321=VERTEX_POINT('',#5556);
#4322=VERTEX_POINT('',#5557);
#4323=LINE('',#5558,#5559);
#4324=VERTEX_POINT('',#5560);
#4325=LINE('',#5561,#5562);
#4326=VERTEX_POINT('',#5563);
#4327=LINE('',#5564,#5565);
#4328=VERTEX_POINT('',#5566);
#4329=LINE('',#5567,#5568);
#4330=VERTEX_POINT('',#5569);
#4331=LINE('',#5570,#5571);
#4332=VERTEX_POINT('',#5572);
#4333=LINE('',#5573,#5574);
#4334=VERTEX_POINT('',#5575);
#4335=LINE('',#5576,#5577);
#4336=VERTEX_POINT('',#5578);
#4337=LINE('',#5579,#5580);
#4338=VERTEX_POINT('',#5581);
#4339=LINE('',#5582,#5583);
#4340=VERTEX_POINT('',#5584);
#4341=LINE('',#5585,#5586);
#4342=VERTEX_POINT('',#5587);
#4343=LINE('',#5588,#5589);
#4344=LINE('',#5590,#5591);
#4345=VERTEX_POINT('',#5592);
#4346=LINE('',#5593,#5594);
#4347=VERTEX_POINT('',#5595);
#4348=LINE('',#5596,#5597);
#4349=VERTEX_POINT('',#5598);
#4350=LINE('',#5599,#5600);
#4351=VERTEX_POINT('',#5601);
#4352=LINE('',#5602,#5603);
#4353=VERTEX_POINT('',#5604);
#4354=LINE('',#5605,#5606);
#4355=LINE('',#5607,#5608);
#4356=LINE('',#5609,#5610);
#4357=VERTEX_POINT('',#5611);
#4358=VERTEX_POINT('',#5612);
#4359=LINE('',#5613,#5614);
#4360=VERTEX_POINT('',#5615);
#4361=CIRCLE('',#5616,0.5);
#4362=VERTEX_POINT('',#5617);
#4363=LINE('',#5618,#5619);
#4364=CIRCLE('',#5620,0.5);
#4365=VERTEX_POINT('',#5621);
#4366=LINE('',#5622,#5623);
#4367=VERTEX_POINT('',#5624);
#4368=LINE('',#5625,#5626);
#4369=LINE('',#5627,#5628);
#4370=VERTEX_POINT('',#5629);
#4371=VERTEX_POINT('',#5630);
#4372=LINE('',#5631,#5632);
#4373=VERTEX_POINT('',#5633);
#4374=LINE('',#5634,#5635);
#4375=VERTEX_POINT('',#5636);
#4376=LINE('',#5637,#5638);
#4377=LINE('',#5639,#5640);
#4378=VERTEX_POINT('',#5641);
#4379=VERTEX_POINT('',#5642);
#4380=LINE('',#5643,#5644);
#4381=VERTEX_POINT('',#5645);
#4382=CIRCLE('',#5646,0.5);
#4383=VERTEX_POINT('',#5647);
#4384=LINE('',#5648,#5649);
#4385=CIRCLE('',#5650,0.5);
#4386=VERTEX_POINT('',#5651);
#4387=VERTEX_POINT('',#5652);
#4388=LINE('',#5653,#5654);
#4389=VERTEX_POINT('',#5655);
#4390=CIRCLE('',#5656,1.0);
#4391=VERTEX_POINT('',#5657);
#4392=LINE('',#5658,#5659);
#4393=CIRCLE('',#5660,1.0);
#4394=VERTEX_POINT('',#5661);
#4395=LINE('',#5662,#5663);
#4396=VERTEX_POINT('',#5664);
#4397=LINE('',#5665,#5666);
#4398=LINE('',#5667,#5668);
#4399=VERTEX_POINT('',#5669);
#4400=LINE('',#5670,#5671);
#4401=VERTEX_POINT('',#5672);
#4402=LINE('',#5673,#5674);
#4403=LINE('',#5675,#5676);
#4404=VERTEX_POINT('',#5677);
#4405=LINE('',#5678,#5679);
#4406=VERTEX_POINT('',#5680);
#4407=CIRCLE('',#5681,1.5);
#4408=LINE('',#5682,#5683);
#4409=VERTEX_POINT('',#5684);
#4410=CIRCLE('',#5685,1.0);
#4411=VERTEX_POINT('',#5686);
#4412=LINE('',#5687,#5688);
#4413=CIRCLE('',#5689,1.0);
#4414=VERTEX_POINT('',#5690);
#4415=VERTEX_POINT('',#5691);
#4416=LINE('',#5692,#5693);
#4417=VERTEX_POINT('',#5694);
#4418=LINE('',#5695,#5696);
#4419=VERTEX_POINT('',#5697);
#4420=LINE('',#5698,#5699);
#4421=LINE('',#5700,#5701);
#4422=VERTEX_POINT('',#5702);
#4423=VERTEX_POINT('',#5703);
#4424=LINE('',#5704,#5705);
#4425=VERTEX_POINT('',#5706);
#4426=LINE('',#5707,#5708);
#4427=VERTEX_POINT('',#5709);
#4428=LINE('',#5710,#5711);
#4429=VERTEX_POINT('',#5712);
#4430=LINE('',#5713,#5714);
#4431=VERTEX_POINT('',#5715);
#4432=LINE('',#5716,#5717);
#4433=VERTEX_POINT('',#5718);
#4434=LINE('',#5719,#5720);
#4435=VERTEX_POINT('',#5721);
#4436=LINE('',#5722,#5723);
#4437=LINE('',#5724,#5725);
#4438=VERTEX_POINT('',#5726);
#4439=LINE('',#5727,#5728);
#4440=VERTEX_POINT('',#5729);
#4441=CIRCLE('',#5730,0.5);
#4442=VERTEX_POINT('',#5731);
#4443=LINE('',#5732,#5733);
#4444=ELLIPSE('',#5734,0.747238274932304,0.5);
#4445=VERTEX_POINT('',#5735);
#4446=VERTEX_POINT('',#5736);
#4447=LINE('',#5737,#5738);
#4448=VERTEX_POINT('',#5739);
#4449=CIRCLE('',#5740,0.5);
#4450=VERTEX_POINT('',#5741);
#4451=LINE('',#5742,#5743);
#4452=VERTEX_POINT('',#5744);
#4453=ELLIPSE('',#5745,1.93185165257814,0.5);
#4454=ELLIPSE('',#5746,0.747238274932304,0.5);
#4455=VERTEX_POINT('',#5747);
#4456=VERTEX_POINT('',#5748);
#4457=LINE('',#5749,#5750);
#4458=VERTEX_POINT('',#5751);
#4459=LINE('',#5752,#5753);
#4460=VERTEX_POINT('',#5754);
#4461=LINE('',#5755,#5756);
#4462=VERTEX_POINT('',#5757);
#4463=LINE('',#5758,#5759);
#4464=VERTEX_POINT('',#5760);
#4465=LINE('',#5761,#5762);
#4466=VERTEX_POINT('',#5763);
#4467=LINE('',#5764,#5765);
#4468=VERTEX_POINT('',#5766);
#4469=LINE('',#5767,#5768);
#4470=VERTEX_POINT('',#5769);
#4471=LINE('',#5770,#5771);
#4472=VERTEX_POINT('',#5772);
#4473=LINE('',#5773,#5774);
#4474=VERTEX_POINT('',#5775);
#4475=LINE('',#5776,#5777);
#4476=LINE('',#5778,#5779);
#4477=VERTEX_POINT('',#5780);
#4478=LINE('',#5781,#5782);
#4479=VERTEX_POINT('',#5783);
#4480=LINE('',#5784,#5785);
#4481=VERTEX_POINT('',#5786);
#4482=LINE('',#5787,#5788);
#4483=VERTEX_POINT('',#5789);
#4484=LINE('',#5790,#5791);
#4485=VERTEX_POINT('',#5792);
#4486=LINE('',#5793,#5794);
#4487=VERTEX_POINT('',#5795);
#4488=LINE('',#5796,#5797);
#4489=VERTEX_POINT('',#5798);
#4490=LINE('',#5799,#5800);
#4491=LINE('',#5801,#5802);
#4492=VERTEX_POINT('',#5803);
#4493=VERTEX_POINT('',#5804);
#4494=LINE('',#5805,#5806);
#4495=VERTEX_POINT('',#5807);
#4496=CIRCLE('',#5808,0.5);
#4497=VERTEX_POINT('',#5809);
#4498=LINE('',#5810,#5811);
#4499=CIRCLE('',#5812,0.5);
#4500=VERTEX_POINT('',#5813);
#4501=VERTEX_POINT('',#5814);
#4502=LINE('',#5815,#5816);
#4503=LINE('',#5817,#5818);
#4504=LINE('',#5819,#5820);
#4505=VERTEX_POINT('',#5821);
#4506=LINE('',#5822,#5823);
#4507=VERTEX_POINT('',#5824);
#4508=LINE('',#5825,#5826);
#4509=LINE('',#5827,#5828);
#4510=VERTEX_POINT('',#5829);
#4511=VERTEX_POINT('',#5830);
#4512=CIRCLE('',#5831,1.99999999999967);
#4513=VERTEX_POINT('',#5832);
#4514=LINE('',#5833,#5834);
#4515=VERTEX_POINT('',#5835);
#4516=CIRCLE('',#5836,1.99999999999966);
#4517=LINE('',#5837,#5838);
#4518=VERTEX_POINT('',#5839);
#4519=LINE('',#5840,#5841);
#4520=VERTEX_POINT('',#5842);
#4521=LINE('',#5843,#5844);
#4522=LINE('',#5845,#5846);
#4523=VERTEX_POINT('',#5847);
#4524=VERTEX_POINT('',#5848);
#4525=LINE('',#5849,#5850);
#4526=VERTEX_POINT('',#5851);
#4527=CIRCLE('',#5852,0.5);
#4528=VERTEX_POINT('',#5853);
#4529=LINE('',#5854,#5855);
#4530=CIRCLE('',#5856,0.5);
#4531=VERTEX_POINT('',#5857);
#4532=ELLIPSE('',#5858,1.93185165257814,0.5);
#4533=LINE('',#5859,#5860);
#4534=LINE('',#5861,#5862);
#4535=LINE('',#5863,#5864);
#4536=LINE('',#5865,#5866);
#4537=VERTEX_POINT('',#5867);
#4538=LINE('',#5868,#5869);
#4539=VERTEX_POINT('',#5870);
#4540=LINE('',#5871,#5872);
#4541=LINE('',#5873,#5874);
#4542=VERTEX_POINT('',#5875);
#4543=LINE('',#5876,#5877);
#4544=LINE('',#5878,#5879);
#4545=VERTEX_POINT('',#5880);
#4546=VERTEX_POINT('',#5881);
#4547=LINE('',#5882,#5883);
#4548=LINE('',#5884,#5885);
#4549=LINE('',#5886,#5887);
#4550=VERTEX_POINT('',#5888);
#4551=VERTEX_POINT('',#5889);
#4552=LINE('',#5890,#5891);
#4553=VERTEX_POINT('',#5892);
#4554=CIRCLE('',#5893,1.0);
#4555=LINE('',#5894,#5895);
#4556=VERTEX_POINT('',#5896);
#4557=LINE('',#5897,#5898);
#4558=VERTEX_POINT('',#5899);
#4559=LINE('',#5900,#5901);
#4560=VERTEX_POINT('',#5902);
#4561=LINE('',#5903,#5904);
#4562=VERTEX_POINT('',#5905);
#4563=LINE('',#5906,#5907);
#4564=VERTEX_POINT('',#5908);
#4565=LINE('',#5909,#5910);
#4566=VERTEX_POINT('',#5911);
#4567=LINE('',#5912,#5913);
#4568=VERTEX_POINT('',#5914);
#4569=LINE('',#5915,#5916);
#4570=VERTEX_POINT('',#5917);
#4571=LINE('',#5918,#5919);
#4572=VERTEX_POINT('',#5920);
#4573=LINE('',#5921,#5922);
#4574=LINE('',#5923,#5924);
#4575=VERTEX_POINT('',#5925);
#4576=VERTEX_POINT('',#5926);
#4577=LINE('',#5927,#5928);
#4578=VERTEX_POINT('',#5929);
#4579=LINE('',#5930,#5931);
#4580=VERTEX_POINT('',#5932);
#4581=LINE('',#5933,#5934);
#4582=LINE('',#5935,#5936);
#4583=VERTEX_POINT('',#5937);
#4584=VERTEX_POINT('',#5938);
#4585=LINE('',#5939,#5940);
#4586=VERTEX_POINT('',#5941);
#4587=LINE('',#5942,#5943);
#4588=VERTEX_POINT('',#5944);
#4589=CIRCLE('',#5945,1.0);
#4590=LINE('',#5946,#5947);
#4591=VERTEX_POINT('',#5948);
#4592=LINE('',#5949,#5950);
#4593=LINE('',#5951,#5952);
#4594=VERTEX_POINT('',#5953);
#4595=LINE('',#5954,#5955);
#4596=VERTEX_POINT('',#5956);
#4597=LINE('',#5957,#5958);
#4598=LINE('',#5959,#5960);
#4599=VERTEX_POINT('',#5961);
#4600=LINE('',#5962,#5963);
#4601=LINE('',#5964,#5965);
#4602=LINE('',#5966,#5967);
#4603=LINE('',#5968,#5969);
#4604=LINE('',#5970,#5971);
#4605=VERTEX_POINT('',#5972);
#4606=LINE('',#5973,#5974);
#4607=VERTEX_POINT('',#5975);
#4608=CIRCLE('',#5976,1.5);
#4609=VERTEX_POINT('',#5977);
#4610=LINE('',#5978,#5979);
#4611=CIRCLE('',#5980,1.5);
#4612=VERTEX_POINT('',#5981);
#4613=LINE('',#5982,#5983);
#4614=VERTEX_POINT('',#5984);
#4615=CIRCLE('',#5985,0.5);
#4616=VERTEX_POINT('',#5986);
#4617=LINE('',#5987,#5988);
#4618=VERTEX_POINT('',#5989);
#4619=CIRCLE('',#5990,0.5);
#4620=LINE('',#5991,#5992);
#4621=LINE('',#5993,#5994);
#4622=VERTEX_POINT('',#5995);
#4623=LINE('',#5996,#5997);
#4624=VERTEX_POINT('',#5998);
#4625=LINE('',#5999,#6000);
#4626=LINE('',#6001,#6002);
#4627=LINE('',#6003,#6004);
#4628=VERTEX_POINT('',#6005);
#4629=LINE('',#6006,#6007);
#4630=VERTEX_POINT('',#6008);
#4631=CIRCLE('',#6009,0.5);
#4632=VERTEX_POINT('',#6010);
#4633=LINE('',#6011,#6012);
#4634=VERTEX_POINT('',#6013);
#4635=CIRCLE('',#6014,0.5);
#4636=LINE('',#6015,#6016);
#4637=VERTEX_POINT('',#6017);
#4638=LINE('',#6018,#6019);
#4639=LINE('',#6020,#6021);
#4640=LINE('',#6022,#6023);
#4641=LINE('',#6024,#6025);
#4642=VERTEX_POINT('',#6026);
#4643=LINE('',#6027,#6028);
#4644=VERTEX_POINT('',#6029);
#4645=CIRCLE('',#6030,0.5);
#4646=VERTEX_POINT('',#6031);
#4647=LINE('',#6032,#6033);
#4648=VERTEX_POINT('',#6034);
#4649=CIRCLE('',#6035,0.5);
#4650=LINE('',#6036,#6037);
#4651=VERTEX_POINT('',#6038);
#4652=LINE('',#6039,#6040);
#4653=VERTEX_POINT('',#6041);
#4654=LINE('',#6042,#6043);
#4655=LINE('',#6044,#6045);
#4656=VERTEX_POINT('',#6046);
#4657=LINE('',#6047,#6048);
#4658=CIRCLE('',#6049,0.5);
#4659=VERTEX_POINT('',#6050);
#4660=VERTEX_POINT('',#6051);
#4661=LINE('',#6052,#6053);
#4662=VERTEX_POINT('',#6054);
#4663=LINE('',#6055,#6056);
#4664=VERTEX_POINT('',#6057);
#4665=LINE('',#6058,#6059);
#4666=LINE('',#6060,#6061);
#4667=VERTEX_POINT('',#6062);
#4668=LINE('',#6063,#6064);
#4669=VERTEX_POINT('',#6065);
#4670=LINE('',#6066,#6067);
#4671=LINE('',#6068,#6069);
#4672=VERTEX_POINT('',#6070);
#4673=VERTEX_POINT('',#6071);
#4674=LINE('',#6072,#6073);
#4675=LINE('',#6074,#6075);
#4676=LINE('',#6076,#6077);
#4677=CIRCLE('',#6078,1.99999999999966);
#4678=VERTEX_POINT('',#6079);
#4679=LINE('',#6080,#6081);
#4680=LINE('',#6082,#6083);
#4681=VERTEX_POINT('',#6084);
#4682=LINE('',#6085,#6086);
#4683=VERTEX_POINT('',#6087);
#4684=CIRCLE('',#6088,1.5);
#4685=LINE('',#6089,#6090);
#4686=VERTEX_POINT('',#6091);
#4687=LINE('',#6092,#6093);
#4688=LINE('',#6094,#6095);
#4689=VERTEX_POINT('',#6096);
#4690=VERTEX_POINT('',#6097);
#4691=CIRCLE('',#6098,3.7);
#4692=CIRCLE('',#6099,3.7);
#4693=VERTEX_POINT('',#6100);
#4694=VERTEX_POINT('',#6101);
#4695=CIRCLE('',#6102,2.6);
#4696=CIRCLE('',#6103,2.6);
#4697=VERTEX_POINT('',#6104);
#4698=LINE('',#6105,#6106);
#4699=CIRCLE('',#6107,1.5);
#4700=VERTEX_POINT('',#6108);
#4701=LINE('',#6109,#6110);
#4702=LINE('',#6111,#6112);
#4703=LINE('',#6113,#6114);
#4704=LINE('',#6115,#6116);
#4705=VERTEX_POINT('',#6117);
#4706=VERTEX_POINT('',#6118);
#4707=LINE('',#6119,#6120);
#4708=LINE('',#6121,#6122);
#4709=LINE('',#6123,#6124);
#4710=VERTEX_POINT('',#6125);
#4711=LINE('',#6126,#6127);
#4712=VERTEX_POINT('',#6128);
#4713=LINE('',#6129,#6130);
#4714=LINE('',#6131,#6132);
#4715=VERTEX_POINT('',#6133);
#4716=LINE('',#6134,#6135);
#4717=LINE('',#6136,#6137);
#4718=LINE('',#6138,#6139);
#4719=LINE('',#6140,#6141);
#4720=LINE('',#6142,#6143);
#4721=VERTEX_POINT('',#6144);
#4722=LINE('',#6145,#6146);
#4723=VERTEX_POINT('',#6147);
#4724=LINE('',#6148,#6149);
#4725=VERTEX_POINT('',#6150);
#4726=LINE('',#6151,#6152);
#4727=LINE('',#6153,#6154);
#4728=VERTEX_POINT('',#6155);
#4729=LINE('',#6156,#6157);
#4730=VERTEX_POINT('',#6158);
#4731=LINE('',#6159,#6160);
#4732=VERTEX_POINT('',#6161);
#4733=LINE('',#6162,#6163);
#4734=VERTEX_POINT('',#6164);
#4735=LINE('',#6165,#6166);
#4736=VERTEX_POINT('',#6167);
#4737=LINE('',#6168,#6169);
#4738=VERTEX_POINT('',#6170);
#4739=LINE('',#6171,#6172);
#4740=LINE('',#6173,#6174);
#4741=VERTEX_POINT('',#6175);
#4742=LINE('',#6176,#6177);
#4743=VERTEX_POINT('',#6178);
#4744=LINE('',#6179,#6180);
#4745=LINE('',#6181,#6182);
#4746=VERTEX_POINT('',#6183);
#4747=LINE('',#6184,#6185);
#4748=VERTEX_POINT('',#6186);
#4749=CIRCLE('',#6187,0.5);
#4750=LINE('',#6188,#6189);
#4751=VERTEX_POINT('',#6190);
#4752=VERTEX_POINT('',#6191);
#4753=LINE('',#6192,#6193);
#4754=VERTEX_POINT('',#6194);
#4755=LINE('',#6195,#6196);
#4756=VERTEX_POINT('',#6197);
#4757=LINE('',#6198,#6199);
#4758=LINE('',#6200,#6201);
#4759=VERTEX_POINT('',#6202);
#4760=LINE('',#6203,#6204);
#4761=VERTEX_POINT('',#6205);
#4762=LINE('',#6206,#6207);
#4763=VERTEX_POINT('',#6208);
#4764=LINE('',#6209,#6210);
#4765=LINE('',#6211,#6212);
#4766=LINE('',#6213,#6214);
#4767=VERTEX_POINT('',#6215);
#4768=LINE('',#6216,#6217);
#4769=VERTEX_POINT('',#6218);
#4770=LINE('',#6219,#6220);
#4771=LINE('',#6221,#6222);
#4772=VERTEX_POINT('',#6223);
#4773=VERTEX_POINT('',#6224);
#4774=LINE('',#6225,#6226);
#4775=LINE('',#6227,#6228);
#4776=LINE('',#6229,#6230);
#4777=VERTEX_POINT('',#6231);
#4778=VERTEX_POINT('',#6232);
#4779=LINE('',#6233,#6234);
#4780=LINE('',#6235,#6236);
#4781=LINE('',#6237,#6238);
#4782=VERTEX_POINT('',#6239);
#4783=VERTEX_POINT('',#6240);
#4784=LINE('',#6241,#6242);
#4785=VERTEX_POINT('',#6243);
#4786=LINE('',#6244,#6245);
#4787=VERTEX_POINT('',#6246);
#4788=LINE('',#6247,#6248);
#4789=LINE('',#6249,#6250);
#4790=VERTEX_POINT('',#6251);
#4791=LINE('',#6252,#6253);
#4792=VERTEX_POINT('',#6254);
#4793=LINE('',#6255,#6256);
#4794=LINE('',#6257,#6258);
#4795=VERTEX_POINT('',#6259);
#4796=LINE('',#6260,#6261);
#4797=LINE('',#6262,#6263);
#4798=VERTEX_POINT('',#6264);
#4799=VERTEX_POINT('',#6265);
#4800=LINE('',#6266,#6267);
#4801=VERTEX_POINT('',#6268);
#4802=LINE('',#6269,#6270);
#4803=VERTEX_POINT('',#6271);
#4804=LINE('',#6272,#6273);
#4805=LINE('',#6274,#6275);
#4806=VERTEX_POINT('',#6276);
#4807=VERTEX_POINT('',#6277);
#4808=LINE('',#6278,#6279);
#4809=LINE('',#6280,#6281);
#4810=LINE('',#6282,#6283);
#4811=ELLIPSE('',#6284,0.618033988749895,0.5);
#4812=CIRCLE('',#6285,0.5);
#4813=LINE('',#6286,#6287);
#4814=LINE('',#6288,#6289);
#4815=VERTEX_POINT('',#6290);
#4816=VERTEX_POINT('',#6291);
#4817=LINE('',#6292,#6293);
#4818=LINE('',#6294,#6295);
#4819=LINE('',#6296,#6297);
#4820=VERTEX_POINT('',#6298);
#4821=LINE('',#6299,#6300);
#4822=VERTEX_POINT('',#6301);
#4823=LINE('',#6302,#6303);
#4824=LINE('',#6304,#6305);
#4825=VERTEX_POINT('',#6306);
#4826=LINE('',#6307,#6308);
#4827=LINE('',#6309,#6310);
#4828=VERTEX_POINT('',#6311);
#4829=LINE('',#6312,#6313);
#4830=VERTEX_POINT('',#6314);
#4831=LINE('',#6315,#6316);
#4832=LINE('',#6317,#6318);
#4833=VERTEX_POINT('',#6319);
#4834=VERTEX_POINT('',#6320);
#4835=CIRCLE('',#6321,2.6);
#4836=CIRCLE('',#6322,2.6);
#4837=CIRCLE('',#6323,1.99999999999967);
#4838=VERTEX_POINT('',#6324);
#4839=LINE('',#6325,#6326);
#4840=VERTEX_POINT('',#6327);
#4841=LINE('',#6328,#6329);
#4842=LINE('',#6330,#6331);
#4843=VERTEX_POINT('',#6332);
#4844=LINE('',#6333,#6334);
#4845=LINE('',#6335,#6336);
#4846=LINE('',#6337,#6338);
#4847=VERTEX_POINT('',#6339);
#4848=LINE('',#6340,#6341);
#4849=VERTEX_POINT('',#6342);
#4850=LINE('',#6343,#6344);
#4851=LINE('',#6345,#6346);
#4852=LINE('',#6347,#6348);
#4853=VERTEX_POINT('',#6349);
#4854=VERTEX_POINT('',#6350);
#4855=LINE('',#6351,#6352);
#4856=LINE('',#6353,#6354);
#4857=LINE('',#6355,#6356);
#4858=VERTEX_POINT('',#6357);
#4859=VERTEX_POINT('',#6358);
#4860=LINE('',#6359,#6360);
#4861=VERTEX_POINT('',#6361);
#4862=LINE('',#6362,#6363);
#4863=LINE('',#6364,#6365);
#4864=LINE('',#6366,#6367);
#4865=LINE('',#6368,#6369);
#4866=VERTEX_POINT('',#6370);
#4867=LINE('',#6371,#6372);
#4868=LINE('',#6373,#6374);
#4869=LINE('',#6375,#6376);
#4870=LINE('',#6377,#6378);
#4871=VERTEX_POINT('',#6379);
#4872=VERTEX_POINT('',#6380);
#4873=LINE('',#6381,#6382);
#4874=VERTEX_POINT('',#6383);
#4875=LINE('',#6384,#6385);
#4876=LINE('',#6386,#6387);
#4877=LINE('',#6388,#6389);
#4878=VERTEX_POINT('',#6390);
#4879=LINE('',#6391,#6392);
#4880=VERTEX_POINT('',#6393);
#4881=LINE('',#6394,#6395);
#4882=LINE('',#6396,#6397);
#4883=VERTEX_POINT('',#6398);
#4884=LINE('',#6399,#6400);
#4885=VERTEX_POINT('',#6401);
#4886=CIRCLE('',#6402,0.5);
#4887=VERTEX_POINT('',#6403);
#4888=LINE('',#6404,#6405);
#4889=LINE('',#6406,#6407);
#4890=LINE('',#6408,#6409);
#4891=LINE('',#6410,#6411);
#4892=LINE('',#6412,#6413);
#4893=LINE('',#6414,#6415);
#4894=VERTEX_POINT('',#6416);
#4895=LINE('',#6417,#6418);
#4896=LINE('',#6419,#6420);
#4897=LINE('',#6421,#6422);
#4898=VERTEX_POINT('',#6423);
#4899=LINE('',#6424,#6425);
#4900=LINE('',#6426,#6427);
#4901=VERTEX_POINT('',#6428);
#4902=LINE('',#6429,#6430);
#4903=VERTEX_POINT('',#6431);
#4904=LINE('',#6432,#6433);
#4905=VERTEX_POINT('',#6434);
#4906=LINE('',#6435,#6436);
#4907=LINE('',#6437,#6438);
#4908=VERTEX_POINT('',#6439);
#4909=LINE('',#6440,#6441);
#4910=VERTEX_POINT('',#6442);
#4911=LINE('',#6443,#6444);
#4912=VERTEX_POINT('',#6445);
#4913=LINE('',#6446,#6447);
#4914=LINE('',#6448,#6449);
#4915=LINE('',#6450,#6451);
#4916=CIRCLE('',#6452,0.5);
#4917=CIRCLE('',#6453,0.5);
#4918=VERTEX_POINT('',#6454);
#4919=LINE('',#6455,#6456);
#4920=CIRCLE('',#6457,0.5);
#4921=VERTEX_POINT('',#6458);
#4922=VERTEX_POINT('',#6459);
#4923=LINE('',#6460,#6461);
#4924=VERTEX_POINT('',#6462);
#4925=LINE('',#6463,#6464);
#4926=VERTEX_POINT('',#6465);
#4927=LINE('',#6466,#6467);
#4928=LINE('',#6468,#6469);
#4929=LINE('',#6470,#6471);
#4930=LINE('',#6472,#6473);
#4931=LINE('',#6474,#6475);
#4932=VERTEX_POINT('',#6476);
#4933=LINE('',#6477,#6478);
#4934=LINE('',#6479,#6480);
#4935=VERTEX_POINT('',#6481);
#4936=LINE('',#6482,#6483);
#4937=LINE('',#6484,#6485);
#4938=VERTEX_POINT('',#6486);
#4939=LINE('',#6487,#6488);
#4940=VERTEX_POINT('',#6489);
#4941=CIRCLE('',#6490,0.5);
#4942=LINE('',#6491,#6492);
#4943=LINE('',#6493,#6494);
#4944=LINE('',#6495,#6496);
#4945=LINE('',#6497,#6498);
#4946=LINE('',#6499,#6500);
#4947=VERTEX_POINT('',#6501);
#4948=LINE('',#6502,#6503);
#4949=LINE('',#6504,#6505);
#4950=LINE('',#6506,#6507);
#4951=LINE('',#6508,#6509);
#4952=LINE('',#6510,#6511);
#4953=LINE('',#6512,#6513);
#4954=LINE('',#6514,#6515);
#4955=CIRCLE('',#6516,0.5);
#4956=CIRCLE('',#6517,0.5);
#4957=LINE('',#6518,#6519);
#4958=LINE('',#6520,#6521);
#4959=LINE('',#6522,#6523);
#4960=VERTEX_POINT('',#6524);
#4961=LINE('',#6525,#6526);
#4962=VERTEX_POINT('',#6527);
#4963=LINE('',#6528,#6529);
#4964=LINE('',#6530,#6531);
#4965=LINE('',#6532,#6533);
#4966=LINE('',#6534,#6535);
#4967=LINE('',#6536,#6537);
#4968=LINE('',#6538,#6539);
#4969=LINE('',#6540,#6541);
#4970=VERTEX_POINT('',#6542);
#4971=VERTEX_POINT('',#6543);
#4972=LINE('',#6544,#6545);
#4973=LINE('',#6546,#6547);
#4974=LINE('',#6548,#6549);
#4975=VERTEX_POINT('',#6550);
#4976=LINE('',#6551,#6552);
#4977=LINE('',#6553,#6554);
#4978=LINE('',#6555,#6556);
#4979=VERTEX_POINT('',#6557);
#4980=LINE('',#6558,#6559);
#4981=LINE('',#6560,#6561);
#4982=LINE('',#6562,#6563);
#4983=VERTEX_POINT('',#6564);
#4984=CIRCLE('',#6565,0.2);
#4985=VERTEX_POINT('',#6566);
#4986=CIRCLE('',#6567,3.9);
#4987=VERTEX_POINT('',#6568);
#4988=CIRCLE('',#6569,3.9);
#4989=CIRCLE('',#6570,0.2);
#4990=LINE('',#6571,#6572);
#4991=VERTEX_POINT('',#6573);
#4992=CIRCLE('',#6574,3.9);
#4993=VERTEX_POINT('',#6575);
#4994=LINE('',#6576,#6577);
#4995=VERTEX_POINT('',#6578);
#4996=CIRCLE('',#6579,3.9);
#4997=VERTEX_POINT('',#6580);
#4998=CIRCLE('',#6581,3.9);
#4999=LINE('',#6582,#6583);
#5000=ELLIPSE('',#6584,0.618033988749895,0.5);
#5001=ELLIPSE('',#6585,1.0,0.5);
#5002=LINE('',#6586,#6587);
#5003=VERTEX_POINT('',#6588);
#5004=CIRCLE('',#6589,0.2);
#5005=CIRCLE('',#6590,3.9);
#5006=CIRCLE('',#6591,0.2);
#5007=LINE('',#6592,#6593);
#5008=LINE('',#6594,#6595);
#5009=VERTEX_POINT('',#6596);
#5010=LINE('',#6597,#6598);
#5011=VERTEX_POINT('',#6599);
#5012=LINE('',#6600,#6601);
#5013=VERTEX_POINT('',#6602);
#5014=LINE('',#6603,#6604);
#5015=VERTEX_POINT('',#6605);
#5016=LINE('',#6606,#6607);
#5017=VERTEX_POINT('',#6608);
#5018=LINE('',#6609,#6610);
#5019=VERTEX_POINT('',#6611);
#5020=LINE('',#6612,#6613);
#5021=LINE('',#6614,#6615);
#5022=VERTEX_POINT('',#6616);
#5023=VERTEX_POINT('',#6617);
#5024=LINE('',#6618,#6619);
#5025=LINE('',#6620,#6621);
#5026=LINE('',#6622,#6623);
#5027=LINE('',#6624,#6625);
#5028=LINE('',#6626,#6627);
#5029=LINE('',#6628,#6629);
#5030=VERTEX_POINT('',#6630);
#5031=LINE('',#6631,#6632);
#5032=LINE('',#6633,#6634);
#5033=ELLIPSE('',#6635,1.0,0.5);
#5034=VERTEX_POINT('',#6636);
#5035=LINE('',#6637,#6638);
#5036=LINE('',#6639,#6640);
#5037=LINE('',#6641,#6642);
#5038=LINE('',#6643,#6644);
#5039=LINE('',#6645,#6646);
#5040=VERTEX_POINT('',#6647);
#5041=LINE('',#6648,#6649);
#5042=LINE('',#6650,#6651);
#5043=LINE('',#6652,#6653);
#5044=LINE('',#6654,#6655);
#5045=VERTEX_POINT('',#6656);
#5046=LINE('',#6657,#6658);
#5047=VERTEX_POINT('',#6659);
#5048=LINE('',#6660,#6661);
#5049=LINE('',#6662,#6663);
#5050=LINE('',#6664,#6665);
#5051=LINE('',#6666,#6667);
#5052=LINE('',#6668,#6669);
#5053=VERTEX_POINT('',#6670);
#5054=LINE('',#6671,#6672);
#5055=VERTEX_POINT('',#6673);
#5056=LINE('',#6674,#6675);
#5057=LINE('',#6676,#6677);
#5058=LINE('',#6678,#6679);
#5059=LINE('',#6680,#6681);
#5060=LINE('',#6682,#6683);
#5061=LINE('',#6684,#6685);
#5062=LINE('',#6686,#6687);
#5063=LINE('',#6688,#6689);
#5064=LINE('',#6690,#6691);
#5065=LINE('',#6692,#6693);
#5066=LINE('',#6694,#6695);
#5067=LINE('',#6696,#6697);
#5068=LINE('',#6698,#6699);
#5069=VERTEX_POINT('',#6700);
#5070=LINE('',#6701,#6702);
#5071=LINE('',#6703,#6704);
#5072=VERTEX_POINT('',#6705);
#5073=LINE('',#6706,#6707);
#5074=LINE('',#6708,#6709);
#5075=LINE('',#6710,#6711);
#5076=CIRCLE('',#6712,3.9);
#5077=CIRCLE('',#6713,3.9);
#5078=VERTEX_POINT('',#6714);
#5079=VERTEX_POINT('',#6715);
#5080=LINE('',#6716,#6717);
#5081=VERTEX_POINT('',#6718);
#5082=LINE('',#6719,#6720);
#5083=VERTEX_POINT('',#6721);
#5084=LINE('',#6722,#6723);
#5085=LINE('',#6724,#6725);
#5086=VERTEX_POINT('',#6726);
#5087=LINE('',#6727,#6728);
#5088=VERTEX_POINT('',#6729);
#5089=LINE('',#6730,#6731);
#5090=LINE('',#6732,#6733);
#5091=VERTEX_POINT('',#6734);
#5092=VERTEX_POINT('',#6735);
#5093=CIRCLE('',#6736,2.0);
#5094=VERTEX_POINT('',#6737);
#5095=LINE('',#6738,#6739);
#5096=VERTEX_POINT('',#6740);
#5097=CIRCLE('',#6741,2.0);
#5098=LINE('',#6742,#6743);
#5099=VERTEX_POINT('',#6744);
#5100=LINE('',#6745,#6746);
#5101=VERTEX_POINT('',#6747);
#5102=LINE('',#6748,#6749);
#5103=VERTEX_POINT('',#6750);
#5104=LINE('',#6751,#6752);
#5105=VERTEX_POINT('',#6753);
#5106=LINE('',#6754,#6755);
#5107=VERTEX_POINT('',#6756);
#5108=LINE('',#6757,#6758);
#5109=LINE('',#6759,#6760);
#5110=VERTEX_POINT('',#6761);
#5111=VERTEX_POINT('',#6762);
#5112=LINE('',#6763,#6764);
#5113=VERTEX_POINT('',#6765);
#5114=LINE('',#6766,#6767);
#5115=VERTEX_POINT('',#6768);
#5116=LINE('',#6769,#6770);
#5117=LINE('',#6771,#6772);
#5118=VERTEX_POINT('',#6773);
#5119=LINE('',#6774,#6775);
#5120=LINE('',#6776,#6777);
#5121=VERTEX_POINT('',#6778);
#5122=LINE('',#6779,#6780);
#5123=VERTEX_POINT('',#6781);
#5124=LINE('',#6782,#6783);
#5125=LINE('',#6784,#6785);
#5126=CIRCLE('',#6786,2.0);
#5127=VERTEX_POINT('',#6787);
#5128=LINE('',#6788,#6789);
#5129=VERTEX_POINT('',#6790);
#5130=LINE('',#6791,#6792);
#5131=LINE('',#6793,#6794);
#5132=LINE('',#6795,#6796);
#5133=LINE('',#6797,#6798);
#5134=LINE('',#6799,#6800);
#5135=CIRCLE('',#6801,2.0);
#5136=VERTEX_POINT('',#6802);
#5137=LINE('',#6803,#6804);
#5138=VERTEX_POINT('',#6805);
#5139=LINE('',#6806,#6807);
#5140=LINE('',#6808,#6809);
#5141=VERTEX_POINT('',#6810);
#5142=VERTEX_POINT('',#6811);
#5143=LINE('',#6812,#6813);
#5144=LINE('',#6814,#6815);
#5145=LINE('',#6816,#6817);
#5146=LINE('',#6818,#6819);
#5147=LINE('',#6820,#6821);
#5148=VERTEX_POINT('',#6822);
#5149=VERTEX_POINT('',#6823);
#5150=CIRCLE('',#6824,2.50216595479662);
#5151=VERTEX_POINT('',#6825);
#5152=CIRCLE('',#6826,2.50216595479662);
#5153=LINE('',#6827,#6828);
#5154=VERTEX_POINT('',#6829);
#5155=VERTEX_POINT('',#6830);
#5156=CIRCLE('',#6831,2.0);
#5157=CIRCLE('',#6832,2.0);
#5158=VERTEX_POINT('',#6833);
#5159=VERTEX_POINT('',#6834);
#5160=CIRCLE('',#6835,2.50216595479662);
#5161=VERTEX_POINT('',#6836);
#5162=LINE('',#6837,#6838);
#5163=VERTEX_POINT('',#6839);
#5164=CIRCLE('',#6840,2.50216595479662);
#5165=LINE('',#6841,#6842);
#5166=LINE('',#6843,#6844);
#5167=LINE('',#6845,#6846);
#5168=VERTEX_POINT('',#6847);
#5169=VERTEX_POINT('',#6848);
#5170=CIRCLE('',#6849,2.50216595479662);
#5171=CIRCLE('',#6850,2.50216595479662);
#5172=VERTEX_POINT('',#6851);
#5173=VERTEX_POINT('',#6852);
#5174=CIRCLE('',#6853,2.0);
#5175=CIRCLE('',#6854,2.0);
#5176=VERTEX_POINT('',#6855);
#5177=VERTEX_POINT('',#6856);
#5178=LINE('',#6857,#6858);
#5179=VERTEX_POINT('',#6859);
#5180=CIRCLE('',#6860,2.50216595479662);
#5181=CIRCLE('',#6861,2.50216595479662);
#5182=LINE('',#6862,#6863);
#5183=LINE('',#6864,#6865);
#5184=LINE('',#6866,#6867);
#5185=LINE('',#6868,#6869);
#5186=LINE('',#6870,#6871);
#5187=LINE('',#6872,#6873);
#5188=CARTESIAN_POINT('',(7.48000106361643,15.3700000000027,4.6499175463511));
#5189=CARTESIAN_POINT('',(7.48000106361702,16.2700000000034,4.6499175463511));
#5190=CARTESIAN_POINT('',(7.48000106360806,62.4463660719611,4.6499175463511));
#5191=VECTOR('',#6874,1.0);
#5192=CARTESIAN_POINT('',(2.4800010636178,15.3700000000027,4.6499175463511));
#5193=CARTESIAN_POINT('',(8.98001489549703,15.3700000000027,4.6499175463511));
#5194=VECTOR('',#6875,1.0);
#5195=CARTESIAN_POINT('',(2.4800010636176,16.2700000000034,4.6499175463514));
#5196=CARTESIAN_POINT('',(2.4800010636262,62.4463660719611,4.6499175463511));
#5197=VECTOR('',#6876,1.0);
#5198=CARTESIAN_POINT('',(8.98001489549703,16.2700000000034,4.6499175463511));
#5199=VECTOR('',#6877,1.0);
#5200=CARTESIAN_POINT('',(6.48000106361671,16.270000000004,-3.9500824536489));
#5201=CARTESIAN_POINT('',(6.48000106361671,17.1700000000002,-3.9500824536489));
#5202=CARTESIAN_POINT('',(6.48000106361671,62.4463660719611,-3.9500824536489));
#5203=VECTOR('',#6878,1.0);
#5204=CARTESIAN_POINT('',(6.48000106361671,16.2700000000037,0.4499175463495));
#5205=CARTESIAN_POINT('',(6.48000106361702,16.2700000000061,-33.6816743102078));
#5206=VECTOR('',#6879,1.0);
#5207=CARTESIAN_POINT('',(6.48000106361671,17.1700000000009,0.449917546349401));
#5208=CARTESIAN_POINT('',(6.48000106361671,62.4463660719611,0.449917546341798));
#5209=VECTOR('',#6880,1.0);
#5210=CARTESIAN_POINT('',(6.48000106361671,17.1699999999951,-33.6816743102078));
#5211=VECTOR('',#6881,1.0);
#5212=CARTESIAN_POINT('',(7.48000106361702,17.1700000000002,-3.9500824536506));
#5213=CARTESIAN_POINT('',(7.48000106361702,17.1700000000016,4.6499175463511));
#5214=CARTESIAN_POINT('',(7.48000106361702,17.1699999999951,-33.6816743102078));
#5215=VECTOR('',#6882,1.0);
#5216=CARTESIAN_POINT('',(7.48000106361702,62.4463660719611,4.6499175463511));
#5217=VECTOR('',#6883,1.0);
#5218=CARTESIAN_POINT('',(7.48000106361702,16.270000000004,-3.9500824536504));
#5219=CARTESIAN_POINT('',(7.48000106361702,16.2700000000061,-33.6816743102078));
#5220=VECTOR('',#6884,1.0);
#5221=CARTESIAN_POINT('',(7.48000106361702,62.4463660719611,-3.9500824536582));
#5222=VECTOR('',#6885,1.0);
#5223=CARTESIAN_POINT('',(7.4800010636171,15.4554354034003,14.5500200620663));
#5224=CARTESIAN_POINT('',(2.4800010636167,15.4554354034003,14.5500200620664));
#5225=CARTESIAN_POINT('',(8.9800148954971,15.4554354034003,14.5500200620663));
#5226=VECTOR('',#6886,1.0);
#5227=CARTESIAN_POINT('',(7.4800010636171,17.170000000003,12.8500824536445));
#5228=AXIS2_PLACEMENT_3D('',#6887,#6888,#6889);
#5229=CARTESIAN_POINT('',(2.4800010636167,17.170000000003,12.8500824536446));
#5230=CARTESIAN_POINT('',(8.98001489549708,17.170000000003,12.8500824536445));
#5231=VECTOR('',#6890,1.0);
#5232=AXIS2_PLACEMENT_3D('',#6891,#6892,#6893);
#5233=CARTESIAN_POINT('',(7.4800010636171,6.3161735453205,14.4941564074433));
#5234=CARTESIAN_POINT('',(7.4800010636171,5.6200000000028,13.4999175463511));
#5235=CARTESIAN_POINT('',(7.4800010636262,-27.4169062826929,-33.6816743102078));
#5236=VECTOR('',#6894,1.0);
#5237=CARTESIAN_POINT('',(2.4800010636167,6.3161735453205,14.4941564074433));
#5238=CARTESIAN_POINT('',(8.9800148954971,6.3161735453205,14.4941564074433));
#5239=VECTOR('',#6895,1.0);
#5240=CARTESIAN_POINT('',(2.4800010636167,5.6200000000028,13.4999175463511));
#5241=CARTESIAN_POINT('',(2.4800010636188,-27.4169062826929,-33.6816743102078));
#5242=VECTOR('',#6896,1.0);
#5243=CARTESIAN_POINT('',(8.98001489549709,5.6200000000028,13.499917546351));
#5244=VECTOR('',#6897,1.0);
#5245=CARTESIAN_POINT('',(6.70169572625965,17.17,-4.9500824536489));
#5246=CARTESIAN_POINT('',(6.70169572625965,16.2700000000041,-4.9500824536489));
#5247=CARTESIAN_POINT('',(6.70169572625965,62.4463660719611,-4.9500824536489));
#5248=VECTOR('',#6898,1.0);
#5249=CARTESIAN_POINT('',(7.25830640097446,17.17,-4.9500824536489));
#5250=CARTESIAN_POINT('',(8.98001489549696,17.17,-4.9500824536489));
#5251=VECTOR('',#6899,1.0);
#5252=CARTESIAN_POINT('',(7.25830640097444,16.2700000000041,-4.9500824536489));
#5253=CARTESIAN_POINT('',(7.25830640097614,62.4463660719611,-4.9500824536489));
#5254=VECTOR('',#6900,1.0);
#5255=CARTESIAN_POINT('',(8.98001489549696,16.2700000000041,-4.9500824536505));
#5256=VECTOR('',#6901,1.0);
#5257=CARTESIAN_POINT('',(8.63000106361724,17.1700000000026,10.8999175463519));
#5258=CARTESIAN_POINT('',(8.63000106361608,17.1700000000018,5.7999175463521));
#5259=CARTESIAN_POINT('',(8.6300010636171,17.1699999999951,-33.6816743102078));
#5260=VECTOR('',#6902,1.0);
#5261=CARTESIAN_POINT('',(-30.8515907929425,17.1699999999951,-33.6816743102075));
#5262=VECTOR('',#6903,1.0);
#5263=CARTESIAN_POINT('',(0.88866583714,17.1699999999952,-33.6816743102078));
#5264=VECTOR('',#6904,1.0);
#5265=CARTESIAN_POINT('',(13.0713362900941,17.1699999999952,-33.6816743102079));
#5266=VECTOR('',#6905,1.0);
#5267=CARTESIAN_POINT('',(5.98000106361671,17.170000000001,0.949917546349401));
#5268=AXIS2_PLACEMENT_3D('',#6906,#6907,#6908);
#5269=CARTESIAN_POINT('',(3.97998723173679,17.170000000001,0.949917546349401));
#5270=CARTESIAN_POINT('',(8.980014895497,17.170000000001,0.949917546349401));
#5271=VECTOR('',#6909,1.0);
#5272=CARTESIAN_POINT('',(3.48000106361702,17.1700000000009,0.453636644211802));
#5273=AXIS2_PLACEMENT_3D('',#6910,#6911,#6912);
#5274=CARTESIAN_POINT('',(3.48000106361702,17.1700000000001,-3.9500824536506));
#5275=CARTESIAN_POINT('',(3.48000106361702,17.1699999999951,-33.6816743102078));
#5276=VECTOR('',#6913,1.0);
#5277=CARTESIAN_POINT('',(3.25830640097408,17.17,-4.9500824536506));
#5278=CARTESIAN_POINT('',(-3.11133416286,17.1699999999952,-33.6816743102077));
#5279=VECTOR('',#6914,1.0);
#5280=CARTESIAN_POINT('',(2.70169572626003,17.17,-4.9500824536506));
#5281=CARTESIAN_POINT('',(8.98001489549696,17.17,-4.9500824536506));
#5282=VECTOR('',#6915,1.0);
#5283=CARTESIAN_POINT('',(2.4800010636167,17.1700000000001,-3.9500824536489));
#5284=CARTESIAN_POINT('',(9.07133629009413,17.1699999999951,-33.6816743102078));
#5285=VECTOR('',#6916,1.0);
#5286=CARTESIAN_POINT('',(2.4800010636167,17.1700000000016,4.6499175463525));
#5287=CARTESIAN_POINT('',(2.4800010636167,17.1699999999951,-33.6816743102078));
#5288=VECTOR('',#6917,1.0);
#5289=CARTESIAN_POINT('',(1.3300010636171,17.1700000000018,5.7999175463521));
#5290=CARTESIAN_POINT('',(8.98001489549698,17.1700000000005,-1.8500962855278));
#5291=VECTOR('',#6918,1.0);
#5292=CARTESIAN_POINT('',(1.3300010636171,17.1700000000026,10.8999175463521));
#5293=CARTESIAN_POINT('',(1.3300010636171,17.1699999999951,-33.6816743102078));
#5294=VECTOR('',#6919,1.0);
#5295=CARTESIAN_POINT('',(2.4800010636167,17.1700000000028,12.0499175463518));
#5296=CARTESIAN_POINT('',(-43.2515907929424,17.1699999999951,-33.6816743102074));
#5297=VECTOR('',#6920,1.0);
#5298=CARTESIAN_POINT('',(2.4800010636167,17.1699999999951,-33.6816743102078));
#5299=VECTOR('',#6921,1.0);
#5300=CARTESIAN_POINT('',(7.4800010636171,17.1700000000028,12.0499175463521));
#5301=CARTESIAN_POINT('',(7.4800010636171,17.1699999999951,-33.6816743102078));
#5302=VECTOR('',#6922,1.0);
#5303=CARTESIAN_POINT('',(8.98001489549707,17.1700000000026,10.5499037144721));
#5304=VECTOR('',#6923,1.0);
#5305=CARTESIAN_POINT('',(2.4800010636167,62.4463660719611,4.6499175463605));
#5306=VECTOR('',#6924,1.0);
#5307=CARTESIAN_POINT('',(1.3300010636171,15.3700000000028,5.7999175463518));
#5308=CARTESIAN_POINT('',(8.98001489549698,15.3700000000023,-1.8500962855281));
#5309=VECTOR('',#6925,1.0);
#5310=CARTESIAN_POINT('',(1.3300010636171,62.4463660719611,5.7999175463601));
#5311=VECTOR('',#6926,1.0);
#5312=CARTESIAN_POINT('',(8.6300010636171,15.3700000000028,5.7999175463517));
#5313=CARTESIAN_POINT('',(8.63000106361724,15.3700000000031,10.8999175463516));
#5314=CARTESIAN_POINT('',(8.6300010636071,15.3700000000001,-33.6816743102078));
#5315=VECTOR('',#6927,1.0);
#5316=CARTESIAN_POINT('',(8.6300010636171,62.4463660719611,5.7999175463601));
#5317=VECTOR('',#6928,1.0);
#5318=CARTESIAN_POINT('',(8.63000106361724,62.4463660719611,10.89991754636));
#5319=VECTOR('',#6929,1.0);
#5320=CARTESIAN_POINT('',(1.3300010636171,15.3700000000031,10.8999175463517));
#5321=CARTESIAN_POINT('',(1.3300010636171,62.4463660719611,10.8999175463601));
#5322=VECTOR('',#6930,1.0);
#5323=CARTESIAN_POINT('',(2.2800010636165,15.3700000000029,11.8499175463511));
#5324=CARTESIAN_POINT('',(-43.2515907929421,15.3700000000001,-33.6816743102074));
#5325=VECTOR('',#6931,1.0);
#5326=CARTESIAN_POINT('',(2.4800010636167,15.3445966692443,12.0499175463513));
#5327=AXIS2_PLACEMENT_3D('',#6932,#6933,#6934);
#5328=CARTESIAN_POINT('',(2.4800010636167,62.4463660719611,12.0499175463597));
#5329=VECTOR('',#6935,1.0);
#5330=CARTESIAN_POINT('',(7.4800010636171,6.8339258057335,12.6499175463511));
#5331=CARTESIAN_POINT('',(7.48000106362473,62.4463660719611,-26.2903323462985));
#5332=VECTOR('',#6936,1.0);
#5333=CARTESIAN_POINT('',(7.4800010636171,14.5700000000029,12.6499175463511));
#5334=CARTESIAN_POINT('',(7.48000106361698,62.4463660719611,12.6499175463511));
#5335=VECTOR('',#6937,1.0);
#5336=CARTESIAN_POINT('',(7.4800010636171,15.3445966692442,12.0499175463517));
#5337=AXIS2_PLACEMENT_3D('',#6938,#6939,#6940);
#5338=CARTESIAN_POINT('',(7.4800010636171,62.4463660719611,12.0499175463601));
#5339=VECTOR('',#6941,1.0);
#5340=CARTESIAN_POINT('',(7.4800010636171,62.4463660719611,14.8372516965297));
#5341=VECTOR('',#6942,1.0);
#5342=CARTESIAN_POINT('',(1.3300010636171,15.3700000000001,-33.6816743102078));
#5343=VECTOR('',#6943,1.0);
#5344=CARTESIAN_POINT('',(2.4800010636167,16.270000000004,-3.9500824536489));
#5345=CARTESIAN_POINT('',(2.4800010636167,62.4463660719611,-3.9500824536489));
#5346=VECTOR('',#6944,1.0);
#5347=CARTESIAN_POINT('',(2.4800010636167,16.2700000000061,-33.6816743102078));
#5348=VECTOR('',#6945,1.0);
#5349=CARTESIAN_POINT('',(3.25830640097408,16.2700000000041,-4.9500824536504));
#5350=CARTESIAN_POINT('',(3.25830640097408,62.4463660719611,-4.9500824536582));
#5351=VECTOR('',#6946,1.0);
#5352=CARTESIAN_POINT('',(2.70169572626001,16.2700000000041,-4.9500824536505));
#5353=CARTESIAN_POINT('',(8.98001489549696,16.2700000000041,-4.9500824536505));
#5354=VECTOR('',#6947,1.0);
#5355=CARTESIAN_POINT('',(2.70169572626172,62.4463660719611,-4.9500824536582));
#5356=VECTOR('',#6948,1.0);
#5357=CARTESIAN_POINT('',(-30.8515907929422,15.3700000000001,-33.6816743102075));
#5358=VECTOR('',#6949,1.0);
#5359=CARTESIAN_POINT('',(7.68000106361779,15.3700000000029,11.8499175463511));
#5360=CARTESIAN_POINT('',(8.98001489549707,15.3700000000031,10.5499037144718));
#5361=VECTOR('',#6950,1.0);
#5362=CARTESIAN_POINT('',(8.98001489549708,15.3700000000028,11.8499175463511));
#5363=VECTOR('',#6951,1.0);
#5364=CARTESIAN_POINT('',(9.07133629009413,16.2700000000061,-33.6816743102078));
#5365=VECTOR('',#6952,1.0);
#5366=CARTESIAN_POINT('',(3.48000106361702,16.270000000004,-3.9500824536504));
#5367=CARTESIAN_POINT('',(-3.11133416286,16.2700000000061,-33.6816743102077));
#5368=VECTOR('',#6953,1.0);
#5369=CARTESIAN_POINT('',(3.48000106361702,16.2700000000037,0.453636644212001));
#5370=CARTESIAN_POINT('',(3.48000106361702,16.270000000006,-31.6341044958253));
#5371=VECTOR('',#6954,1.0);
#5372=CARTESIAN_POINT('',(3.97998723173679,16.2700000000036,0.9499175463495));
#5373=AXIS2_PLACEMENT_3D('',#6955,#6956,#6957);
#5374=CARTESIAN_POINT('',(5.98000106361671,16.2700000000036,0.9499175463495));
#5375=CARTESIAN_POINT('',(8.980014895497,16.2700000000036,0.9499175463495));
#5376=VECTOR('',#6958,1.0);
#5377=AXIS2_PLACEMENT_3D('',#6959,#6960,#6961);
#5378=CARTESIAN_POINT('',(13.0713362900941,16.2700000000061,-33.6816743102079));
#5379=VECTOR('',#6962,1.0);
#5380=CARTESIAN_POINT('',(0.8886658371399,16.2700000000061,-33.6816743102078));
#5381=VECTOR('',#6963,1.0);
#5382=CARTESIAN_POINT('',(5.98000106361671,62.4463660719612,0.949917546341798));
#5383=VECTOR('',#6964,1.0);
#5384=CARTESIAN_POINT('',(3.97998723173679,62.4463660719612,0.949917546341798));
#5385=VECTOR('',#6965,1.0);
#5386=CARTESIAN_POINT('',(2.4800010636167,6.8339258057335,12.6499175463512));
#5387=CARTESIAN_POINT('',(2.4800010636185,62.4463660719611,-26.2903323462985));
#5388=VECTOR('',#6966,1.0);
#5389=CARTESIAN_POINT('',(8.98001489549708,6.8339258057335,12.6499175463511));
#5390=VECTOR('',#6967,1.0);
#5391=CARTESIAN_POINT('',(3.48000106361702,62.4463660719611,0.453636644204199));
#5392=VECTOR('',#6968,1.0);
#5393=CARTESIAN_POINT('',(2.4800010636167,62.4463660719611,14.8372516965298));
#5394=VECTOR('',#6969,1.0);
#5395=CARTESIAN_POINT('',(2.4800010636167,14.5700000000029,12.6499175463511));
#5396=AXIS2_PLACEMENT_3D('',#6970,#6971,#6972);
#5397=CARTESIAN_POINT('',(2.4800010636168,62.4463660719611,12.6499175463526));
#5398=VECTOR('',#6973,1.0);
#5399=CARTESIAN_POINT('',(3.48000106361702,62.4463660719611,-3.9500824536582));
#5400=VECTOR('',#6974,1.0);
#5401=AXIS2_PLACEMENT_3D('',#6975,#6976,#6977);
#5402=CARTESIAN_POINT('',(8.98001489549708,14.5700000000029,12.6499175463511));
#5403=VECTOR('',#6978,1.0);
#5404=CARTESIAN_POINT('',(9.99200722162641E-15,1.1999999999997,2.1196152422705));
#5405=CARTESIAN_POINT('',(-0.3,1.1999999999997,1.5999999999998));
#5406=CARTESIAN_POINT('',(7.17669756884513,1.1999999999997,14.5500200620663));
#5407=VECTOR('',#6979,1.0);
#5408=CARTESIAN_POINT('',(-0.3,0.0,1.5999999999998));
#5409=CARTESIAN_POINT('',(-0.29999999999999,28.4000000000011,1.5999999999998));
#5410=VECTOR('',#6980,1.0);
#5411=CARTESIAN_POINT('',(0.20000000000001,0.0,2.4660254037843));
#5412=CARTESIAN_POINT('',(7.17669756884513,0.0,14.5500200620663));
#5413=VECTOR('',#6981,1.0);
#5414=CARTESIAN_POINT('',(0.20000000000001,1.2999999999997,2.4660254037843));
#5415=CARTESIAN_POINT('',(0.20000000000001,28.4000000000011,2.4660254037843));
#5416=VECTOR('',#6982,1.0);
#5417=CARTESIAN_POINT('',(9.99200722162641E-15,1.2999999999997,2.1196152422705));
#5418=CARTESIAN_POINT('',(7.17669756884513,1.2999999999997,14.5500200620663));
#5419=VECTOR('',#6983,1.0);
#5420=CARTESIAN_POINT('',(9.99200722162641E-15,28.4000000000011,2.1196152422705));
#5421=VECTOR('',#6984,1.0);
#5422=CARTESIAN_POINT('',(9.16000000000001,4.45,19.4000000000003));
#5423=CARTESIAN_POINT('',(9.16000000000001,4.45,17.9000000000003));
#5424=CARTESIAN_POINT('',(9.16000000000001,4.45,14.5500200620663));
#5425=VECTOR('',#6985,1.0);
#5426=CARTESIAN_POINT('',(9.16000000000001,2.95,17.9000000000003));
#5427=CARTESIAN_POINT('',(9.16000000000001,28.4000000000011,17.9000000000003));
#5428=VECTOR('',#6986,1.0);
#5429=AXIS2_PLACEMENT_3D('',#6987,#6988,#6989);
#5430=CARTESIAN_POINT('',(4.98000000000001,5.9500000000017,29.3000000000001));
#5431=CARTESIAN_POINT('',(10.16,5.9500000000002,29.3000000000001));
#5432=CARTESIAN_POINT('',(1.38000106361712,5.9500000000002,29.3000000000001));
#5433=VECTOR('',#6990,1.0);
#5434=CARTESIAN_POINT('',(10.16,15.9124872320199,29.2999999999984));
#5435=CARTESIAN_POINT('',(10.16,28.4000000000011,29.2999999999964));
#5436=VECTOR('',#6991,1.0);
#5437=CARTESIAN_POINT('',(9.99200722162641E-15,15.9124872320194,29.2999999999984));
#5438=CARTESIAN_POINT('',(1.38000106361712,15.9124872320194,29.2999999999984));
#5439=VECTOR('',#6992,1.0);
#5440=CARTESIAN_POINT('',(9.99200722162641E-15,5.9500000000002,29.3000000000001));
#5441=CARTESIAN_POINT('',(9.99200722162641E-15,28.4000000000011,29.2999999999964));
#5442=VECTOR('',#6993,1.0);
#5443=CARTESIAN_POINT('',(1.38000106361712,5.9500000000002,29.3000000000001));
#5444=VECTOR('',#6994,1.0);
#5445=CARTESIAN_POINT('',(4.98000000000001,14.1500000000019,29.2999999999987));
#5446=AXIS2_PLACEMENT_3D('',#6995,#6996,#6997);
#5447=AXIS2_PLACEMENT_3D('',#6998,#6999,#7000);
#5448=CARTESIAN_POINT('',(2.2300000000002,4.75,7.29999999999989));
#5449=CARTESIAN_POINT('',(2.2300000000002,4.75,13.2999999999996));
#5450=CARTESIAN_POINT('',(2.2300000000002,4.75,14.5500200620663));
#5451=VECTOR('',#7001,1.0);
#5452=CARTESIAN_POINT('',(1.32122867597283,4.5064954576223,13.6351552496808));
#5453=CARTESIAN_POINT('',(1.38000106361712,4.5222434714288,13.6134799681942));
#5454=VECTOR('',#7002,1.0);
#5455=CARTESIAN_POINT('',(1.32122867597283,4.5064954576223,7.08074752523818));
#5456=CARTESIAN_POINT('',(1.32122867597283,4.5064954576223,14.5500200620663));
#5457=VECTOR('',#7003,1.0);
#5458=CARTESIAN_POINT('',(1.38000106361712,4.5222434714288,7.09492710055925));
#5459=VECTOR('',#7004,1.0);
#5460=CARTESIAN_POINT('',(8.74650635094614,4.4776279441628,7.05475509937045));
#5461=CARTESIAN_POINT('',(8.74650635094613,4.4776279441628,13.6748879732954));
#5462=CARTESIAN_POINT('',(8.74650635094613,4.4776279441628,14.5500200620663));
#5463=VECTOR('',#7005,1.0);
#5464=CARTESIAN_POINT('',(7.72999999999982,4.75,13.2999999999996));
#5465=CARTESIAN_POINT('',(1.38000106361712,6.4514770869422,10.9581176994363));
#5466=VECTOR('',#7006,1.0);
#5467=CARTESIAN_POINT('',(7.72999999999981,4.75,7.29999999999989));
#5468=CARTESIAN_POINT('',(7.72999999999982,4.75,14.5500200620663));
#5469=VECTOR('',#7007,1.0);
#5470=CARTESIAN_POINT('',(1.38000106361712,6.4514770869422,8.83201685036285));
#5471=VECTOR('',#7008,1.0);
#5472=CARTESIAN_POINT('',(9.99200722162641E-15,5.4395000000004,15.5));
#5473=CARTESIAN_POINT('',(9.99200722162641E-15,5.4394999999988,1.2));
#5474=CARTESIAN_POINT('',(9.99200722162641E-15,5.4395000000003,14.5500200620663));
#5475=VECTOR('',#7009,1.0);
#5476=CARTESIAN_POINT('',(-0.20998187138968,5.4395000000004,15.5));
#5477=CARTESIAN_POINT('',(1.38000106361712,5.4395000000004,15.5));
#5478=VECTOR('',#7010,1.0);
#5479=CARTESIAN_POINT('',(-0.20998187139114,5.4394999999988,1.2));
#5480=CARTESIAN_POINT('',(-0.20998187138977,5.4395000000003,14.5500200620663));
#5481=VECTOR('',#7011,1.0);
#5482=CARTESIAN_POINT('',(1.38000106361712,5.4394999999988,1.2));
#5483=VECTOR('',#7012,1.0);
#5484=CARTESIAN_POINT('',(0.75349244998153,2.3876750169253,16.5514613969809));
#5485=CARTESIAN_POINT('',(1.14312601128626,3.8418072640486,14.5500200620663));
#5486=VECTOR('',#7013,1.0);
#5487=CARTESIAN_POINT('',(0.729999999999995,2.2999999999999,16.3999999999999));
#5488=AXIS2_PLACEMENT_3D('',#7014,#7015,#7016);
#5489=CARTESIAN_POINT('',(0.729999999999995,2.2999999999999,5.59999999999997));
#5490=CARTESIAN_POINT('',(0.729999999999995,2.2999999999999,14.5500200620663));
#5491=VECTOR('',#7017,1.0);
#5492=CARTESIAN_POINT('',(0.803109495632669,2.5728483522168,5.33968385128632));
#5493=AXIS2_PLACEMENT_3D('',#7018,#7019,#7020);
#5494=CARTESIAN_POINT('',(7.72347392245261,28.4000000000011,28.5945556476449));
#5495=VECTOR('',#7021,1.0);
#5496=CARTESIAN_POINT('',(2.2300000000002,5.45,4.99999999999997));
#5497=CARTESIAN_POINT('',(7.72999999999981,5.45,4.99999999999997));
#5498=CARTESIAN_POINT('',(1.38000106361712,5.45,4.99999999999997));
#5499=VECTOR('',#7022,1.0);
#5500=CARTESIAN_POINT('',(2.2300000000002,5.45,7.29999999999989));
#5501=CARTESIAN_POINT('',(2.2300000000002,5.45,14.5500200620663));
#5502=VECTOR('',#7023,1.0);
#5503=CARTESIAN_POINT('',(7.72999999999981,5.45,7.29999999999989));
#5504=CARTESIAN_POINT('',(1.38000106361712,5.45,7.29999999999989));
#5505=VECTOR('',#7024,1.0);
#5506=CARTESIAN_POINT('',(7.72999999999981,5.45,14.5500200620663));
#5507=VECTOR('',#7025,1.0);
#5508=CARTESIAN_POINT('',(5.88000106361706,18.5000000000176,1.2928203230275));
#5509=CARTESIAN_POINT('',(5.88000106361706,18.5000000000176,2.6));
#5510=CARTESIAN_POINT('',(5.88000106361706,18.5000000000176,14.5500200620663));
#5511=VECTOR('',#7026,1.0);
#5512=CARTESIAN_POINT('',(5.88000106361706,18.7000000000176,2.6));
#5513=CARTESIAN_POINT('',(5.88000106361706,28.4000000000011,2.6));
#5514=VECTOR('',#7027,1.0);
#5515=CARTESIAN_POINT('',(5.88000106361706,18.7000000000176,1.2392304845413));
#5516=CARTESIAN_POINT('',(5.88000106361706,18.7000000000176,14.5500200620663));
#5517=VECTOR('',#7028,1.0);
#5518=CARTESIAN_POINT('',(5.88000106361706,28.4000000000011,-1.3598766820362));
#5519=VECTOR('',#7029,1.0);
#5520=CARTESIAN_POINT('',(8.74000000000017,15.2250000000016,14.6999999999999));
#5521=CARTESIAN_POINT('',(7.5799999999973,15.2250000000016,14.6999999999999));
#5522=CARTESIAN_POINT('',(1.38000106361712,15.2250000000016,14.6999999999999));
#5523=VECTOR('',#7030,1.0);
#5524=CARTESIAN_POINT('',(8.74000000000017,15.2250000000005,4.99999999999997));
#5525=CARTESIAN_POINT('',(8.74000000000017,15.2250000000015,14.5500200620663));
#5526=VECTOR('',#7031,1.0);
#5527=CARTESIAN_POINT('',(8.68000106361706,15.2250000000005,4.99999999999997));
#5528=CARTESIAN_POINT('',(1.38000106361712,15.2250000000005,4.99999999999997));
#5529=VECTOR('',#7032,1.0);
#5530=CARTESIAN_POINT('',(8.08000106361706,15.2250000000005,4.99999999999997));
#5531=CARTESIAN_POINT('',(1.38000106361712,15.2250000000005,4.99999999999997));
#5532=VECTOR('',#7033,1.0);
#5533=CARTESIAN_POINT('',(7.5799999999973,15.2250000000005,4.99999999999997));
#5534=CARTESIAN_POINT('',(1.38000106361712,15.2250000000005,4.99999999999997));
#5535=VECTOR('',#7034,1.0);
#5536=CARTESIAN_POINT('',(7.5799999999973,15.2250000000015,14.5500200620663));
#5537=VECTOR('',#7035,1.0);
#5538=CARTESIAN_POINT('',(9.99200722162641E-15,1.2999999999997,17.9000000000003));
#5539=CARTESIAN_POINT('',(9.99200722162641E-15,1.2999999999997,14.5500200620663));
#5540=VECTOR('',#7036,1.0);
#5541=CARTESIAN_POINT('',(0.20000000000001,1.2999999999997,17.9000000000003));
#5542=CARTESIAN_POINT('',(0.20000000000001,1.2999999999997,14.5500200620663));
#5543=VECTOR('',#7037,1.0);
#5544=CARTESIAN_POINT('',(1.38000106361712,1.2999999999997,17.9000000000003));
#5545=VECTOR('',#7038,1.0);
#5546=CARTESIAN_POINT('',(10.16,14.3999999999997,20.7999999999984));
#5547=CARTESIAN_POINT('',(10.11,14.3999999999997,20.7999999999984));
#5548=CARTESIAN_POINT('',(10.160006,14.3999999999997,20.7999999999984));
#5549=VECTOR('',#7039,1.0);
#5550=CARTESIAN_POINT('',(10.16,14.8999999999997,21.2999999999984));
#5551=AXIS2_PLACEMENT_3D('',#7040,#7041,#7042);
#5552=CARTESIAN_POINT('',(10.11,14.8999999999997,21.2999999999984));
#5553=CARTESIAN_POINT('',(10.160006,14.8999999999997,21.2999999999984));
#5554=VECTOR('',#7043,1.0);
#5555=AXIS2_PLACEMENT_3D('',#7044,#7045,#7046);
#5556=CARTESIAN_POINT('',(7.5799999999973,13.8250000000001,14.6999999999999));
#5557=CARTESIAN_POINT('',(2.38000000000272,13.8250000000001,14.6999999999999));
#5558=CARTESIAN_POINT('',(1.38000106361712,13.8250000000001,14.6999999999999));
#5559=VECTOR('',#7047,1.0);
#5560=CARTESIAN_POINT('',(7.5799999999973,13.8250000000001,4.99999999999997));
#5561=CARTESIAN_POINT('',(7.5799999999973,13.8250000000001,14.5500200620663));
#5562=VECTOR('',#7048,1.0);
#5563=CARTESIAN_POINT('',(8.08000106361706,13.8250000000001,4.99999999999997));
#5564=CARTESIAN_POINT('',(1.38000106361712,13.8250000000001,4.99999999999997));
#5565=VECTOR('',#7049,1.0);
#5566=CARTESIAN_POINT('',(8.68000106361706,13.8250000000001,4.99999999999997));
#5567=CARTESIAN_POINT('',(1.38000106361712,13.8250000000001,4.99999999999997));
#5568=VECTOR('',#7050,1.0);
#5569=CARTESIAN_POINT('',(8.74000000000017,13.8250000000001,4.99999999999997));
#5570=CARTESIAN_POINT('',(1.38000106361712,13.8250000000001,4.99999999999997));
#5571=VECTOR('',#7051,1.0);
#5572=CARTESIAN_POINT('',(8.74000000000017,13.8250000000001,23.9999999999999));
#5573=CARTESIAN_POINT('',(8.74000000000017,13.8250000000001,14.5500200620663));
#5574=VECTOR('',#7052,1.0);
#5575=CARTESIAN_POINT('',(1.23999999999995,13.8250000000001,23.9999999999999));
#5576=CARTESIAN_POINT('',(1.38000106361712,13.8250000000001,23.9999999999999));
#5577=VECTOR('',#7053,1.0);
#5578=CARTESIAN_POINT('',(1.23999999999995,13.8250000000001,4.99999999999997));
#5579=CARTESIAN_POINT('',(1.23999999999995,13.8250000000001,14.5500200620663));
#5580=VECTOR('',#7054,1.0);
#5581=CARTESIAN_POINT('',(1.28000106361706,13.8250000000001,4.99999999999997));
#5582=CARTESIAN_POINT('',(1.38000106361712,13.8250000000001,4.99999999999997));
#5583=VECTOR('',#7055,1.0);
#5584=CARTESIAN_POINT('',(1.88000106361706,13.8250000000001,4.99999999999997));
#5585=CARTESIAN_POINT('',(1.38000106361712,13.8250000000001,4.99999999999997));
#5586=VECTOR('',#7056,1.0);
#5587=CARTESIAN_POINT('',(2.38000000000272,13.8250000000001,4.99999999999997));
#5588=CARTESIAN_POINT('',(1.38000106361712,13.8250000000001,4.99999999999997));
#5589=VECTOR('',#7057,1.0);
#5590=CARTESIAN_POINT('',(2.38000000000272,13.8250000000001,14.5500200620663));
#5591=VECTOR('',#7058,1.0);
#5592=CARTESIAN_POINT('',(7.72999999999981,5.45,13.2999999999995));
#5593=CARTESIAN_POINT('',(7.72999999999981,28.4000000000011,13.299999999997));
#5594=VECTOR('',#7059,1.0);
#5595=CARTESIAN_POINT('',(7.72999999999981,5.45,14.6999999999999));
#5596=CARTESIAN_POINT('',(7.72999999999981,5.45,14.5500200620663));
#5597=VECTOR('',#7060,1.0);
#5598=CARTESIAN_POINT('',(7.72999999999981,6.2750000000009,14.6999999999999));
#5599=CARTESIAN_POINT('',(7.72999999999981,28.4000000000011,14.6999999999999));
#5600=VECTOR('',#7061,1.0);
#5601=CARTESIAN_POINT('',(7.72999999999981,6.2749999999998,4.99999999999997));
#5602=CARTESIAN_POINT('',(7.72999999999981,6.2750000000009,14.5500200620663));
#5603=VECTOR('',#7062,1.0);
#5604=CARTESIAN_POINT('',(7.72999999999981,6.0400000000025,4.99999999999997));
#5605=CARTESIAN_POINT('',(7.72999999999981,28.4000000000011,4.99999999999997));
#5606=VECTOR('',#7063,1.0);
#5607=CARTESIAN_POINT('',(7.72999999999981,28.4000000000011,4.99999999999997));
#5608=VECTOR('',#7064,1.0);
#5609=CARTESIAN_POINT('',(7.72999999999981,28.4000000000011,7.29999999999989));
#5610=VECTOR('',#7065,1.0);
#5611=CARTESIAN_POINT('',(0.05000000000001,5.95,28.2999999999995));
#5612=CARTESIAN_POINT('',(9.99200722162641E-15,5.95,28.2999999999995));
#5613=CARTESIAN_POINT('',(0.05000600000001,5.95,28.2999999999995));
#5614=VECTOR('',#7066,1.0);
#5615=CARTESIAN_POINT('',(0.05000000000001,5.45,27.7999999999995));
#5616=AXIS2_PLACEMENT_3D('',#7067,#7068,#7069);
#5617=CARTESIAN_POINT('',(9.99200722162641E-15,5.45,27.7999999999995));
#5618=CARTESIAN_POINT('',(0.05000600000001,5.45,27.7999999999995));
#5619=VECTOR('',#7070,1.0);
#5620=AXIS2_PLACEMENT_3D('',#7071,#7072,#7073);
#5621=CARTESIAN_POINT('',(2.2300000000002,5.45,14.6999999999999));
#5622=CARTESIAN_POINT('',(1.38000106361712,5.45,14.6999999999999));
#5623=VECTOR('',#7074,1.0);
#5624=CARTESIAN_POINT('',(2.2300000000002,5.45,13.2999999999995));
#5625=CARTESIAN_POINT('',(1.38000106361712,5.45,13.2999999999995));
#5626=VECTOR('',#7075,1.0);
#5627=CARTESIAN_POINT('',(2.2300000000002,5.45,14.5500200620663));
#5628=VECTOR('',#7076,1.0);
#5629=CARTESIAN_POINT('',(9.23,4.9504999999991,0.700000000000001));
#5630=CARTESIAN_POINT('',(9.49608505027547,4.9504999999991,0.700000000000001));
#5631=CARTESIAN_POINT('',(1.38000106361712,4.9504999999991,0.700000000000001));
#5632=VECTOR('',#7077,1.0);
#5633=CARTESIAN_POINT('',(9.23,4.9504999999991,15.5));
#5634=CARTESIAN_POINT('',(9.23,4.9504999999991,0.700000000000001));
#5635=VECTOR('',#7078,1.0);
#5636=CARTESIAN_POINT('',(9.49608505027547,4.9504999999991,15.5));
#5637=CARTESIAN_POINT('',(9.425,4.9504999999991,15.5));
#5638=VECTOR('',#7079,1.0);
#5639=CARTESIAN_POINT('',(9.49608505027547,4.9504999999991,0.700000000000001));
#5640=VECTOR('',#7080,1.0);
#5641=CARTESIAN_POINT('',(9.99200722162641E-15,15.55,28.2999999999995));
#5642=CARTESIAN_POINT('',(0.05000000000001,15.55,28.2999999999995));
#5643=CARTESIAN_POINT('',(-5.99999998995848E-06,15.55,28.2999999999995));
#5644=VECTOR('',#7081,1.0);
#5645=CARTESIAN_POINT('',(9.99200722162641E-15,16.05,27.7999999999995));
#5646=AXIS2_PLACEMENT_3D('',#7082,#7083,#7084);
#5647=CARTESIAN_POINT('',(0.05000000000001,16.05,27.7999999999995));
#5648=CARTESIAN_POINT('',(1.38000106361712,16.05,27.7999999999995));
#5649=VECTOR('',#7085,1.0);
#5650=AXIS2_PLACEMENT_3D('',#7086,#7087,#7088);
#5651=CARTESIAN_POINT('',(3.54940107675846,4.0,0.0));
#5652=CARTESIAN_POINT('',(3.54940107675846,4.0,0.499999999999801));
#5653=CARTESIAN_POINT('',(3.54940107675846,4.0,14.5500200620663));
#5654=VECTOR('',#7089,1.0);
#5655=CARTESIAN_POINT('',(4.4154264805429,4.5,0.0));
#5656=AXIS2_PLACEMENT_3D('',#7090,#7091,#7092);
#5657=CARTESIAN_POINT('',(4.4154264805429,4.5,0.499999999999801));
#5658=CARTESIAN_POINT('',(4.4154264805429,4.5,14.5500200620663));
#5659=VECTOR('',#7093,1.0);
#5660=AXIS2_PLACEMENT_3D('',#7094,#7095,#7096);
#5661=CARTESIAN_POINT('',(-0.29999999999999,0.0,1.0999999999998));
#5662=CARTESIAN_POINT('',(-0.29999999999999,0.0,14.5500200620663));
#5663=VECTOR('',#7097,1.0);
#5664=CARTESIAN_POINT('',(-0.29999999999999,1.1999999999997,1.0999999999998));
#5665=CARTESIAN_POINT('',(-0.29999999999999,1.1999999999997,14.5500200620663));
#5666=VECTOR('',#7098,1.0);
#5667=CARTESIAN_POINT('',(-0.29999999999999,28.4000000000011,1.0999999999998));
#5668=VECTOR('',#7099,1.0);
#5669=CARTESIAN_POINT('',(8.08000106361706,6.2749999999998,4.99999999999997));
#5670=CARTESIAN_POINT('',(1.38000106361712,6.2749999999998,4.99999999999997));
#5671=VECTOR('',#7100,1.0);
#5672=CARTESIAN_POINT('',(8.08000106361706,6.0400000000025,4.99999999999997));
#5673=CARTESIAN_POINT('',(8.08000106361706,28.4000000000011,4.99999999999997));
#5674=VECTOR('',#7101,1.0);
#5675=CARTESIAN_POINT('',(1.38000106361712,6.0400000000025,4.99999999999997));
#5676=VECTOR('',#7102,1.0);
#5677=CARTESIAN_POINT('',(10.16,2.95,17.9000000000003));
#5678=CARTESIAN_POINT('',(9.15999700000001,2.95,17.9000000000003));
#5679=VECTOR('',#7103,1.0);
#5680=CARTESIAN_POINT('',(10.16,4.45,19.4000000000003));
#5681=AXIS2_PLACEMENT_3D('',#7104,#7105,#7106);
#5682=CARTESIAN_POINT('',(9.15999700000001,4.45,19.4000000000003));
#5683=VECTOR('',#7107,1.0);
#5684=CARTESIAN_POINT('',(10.16,16.8972949850315,28.4736481776653));
#5685=AXIS2_PLACEMENT_3D('',#7108,#7109,#7110);
#5686=CARTESIAN_POINT('',(9.99200722162641E-15,16.8972949850315,28.4736481776652));
#5687=CARTESIAN_POINT('',(1.38000106361712,16.8972949850315,28.4736481776653));
#5688=VECTOR('',#7111,1.0);
#5689=AXIS2_PLACEMENT_3D('',#7112,#7113,#7114);
#5690=CARTESIAN_POINT('',(0.400000000000008,18.7000000000176,1.9));
#5691=CARTESIAN_POINT('',(0.400000000000008,17.7000000000176,1.9));
#5692=CARTESIAN_POINT('',(0.400000000000008,28.4000000000011,1.9));
#5693=VECTOR('',#7115,1.0);
#5694=CARTESIAN_POINT('',(9.99200722162641E-15,17.7000000000176,1.9));
#5695=CARTESIAN_POINT('',(1.38000106361712,17.7000000000176,1.9));
#5696=VECTOR('',#7116,1.0);
#5697=CARTESIAN_POINT('',(9.99200722162641E-15,18.7000000000176,1.9));
#5698=CARTESIAN_POINT('',(9.99200722162641E-15,28.4000000000011,1.9));
#5699=VECTOR('',#7117,1.0);
#5700=CARTESIAN_POINT('',(1.38000106361712,18.7000000000176,1.9));
#5701=VECTOR('',#7118,1.0);
#5702=CARTESIAN_POINT('',(10.16,13.5849999999991,15.5));
#5703=CARTESIAN_POINT('',(10.16,14.5149999999991,15.5));
#5704=CARTESIAN_POINT('',(10.16,28.4000000000011,15.5));
#5705=VECTOR('',#7119,1.0);
#5706=CARTESIAN_POINT('',(9.89391494972431,13.5849999999991,15.5));
#5707=CARTESIAN_POINT('',(9.9649999999999,13.5849999999991,15.5));
#5708=VECTOR('',#7120,1.0);
#5709=CARTESIAN_POINT('',(9.49608505027543,13.2504999999991,15.5));
#5710=CARTESIAN_POINT('',(9.55049346499909,13.2962472270182,15.5));
#5711=VECTOR('',#7121,1.0);
#5712=CARTESIAN_POINT('',(9.23,13.2504999999991,15.5));
#5713=CARTESIAN_POINT('',(9.4249999999999,13.2504999999991,15.5));
#5714=VECTOR('',#7122,1.0);
#5715=CARTESIAN_POINT('',(9.23,14.849499999999,15.5));
#5716=CARTESIAN_POINT('',(9.23,15.0107017260628,15.5));
#5717=VECTOR('',#7123,1.0);
#5718=CARTESIAN_POINT('',(9.4960850502754,14.849499999999,15.5));
#5719=CARTESIAN_POINT('',(9.4249999999999,14.849499999999,15.5));
#5720=VECTOR('',#7124,1.0);
#5721=CARTESIAN_POINT('',(9.89391494972441,14.5149999999991,15.5));
#5722=CARTESIAN_POINT('',(9.83950653500075,14.5607472270182,15.5));
#5723=VECTOR('',#7125,1.0);
#5724=CARTESIAN_POINT('',(9.9649999999999,14.5149999999991,15.5));
#5725=VECTOR('',#7126,1.0);
#5726=CARTESIAN_POINT('',(0.729999999999995,0.0,5.59999999999997));
#5727=CARTESIAN_POINT('',(0.729999999999995,-5.99999999906231E-06,5.59999999999997));
#5728=VECTOR('',#7127,1.0);
#5729=CARTESIAN_POINT('',(1.23,0.0,5.09999999999997));
#5730=AXIS2_PLACEMENT_3D('',#7128,#7129,#7130);
#5731=CARTESIAN_POINT('',(1.23,2.3066524673757,5.09999999999997));
#5732=CARTESIAN_POINT('',(1.23,-5.99999999906231E-06,5.09999999999997));
#5733=VECTOR('',#7131,1.0);
#5734=AXIS2_PLACEMENT_3D('',#7132,#7133,#7134);
#5735=CARTESIAN_POINT('',(8.83000000000001,0.0,5.09999999999997));
#5736=CARTESIAN_POINT('',(8.83000000000001,2.3066524673757,5.09999999999997));
#5737=CARTESIAN_POINT('',(8.83000000000001,-5.99999999906231E-06,5.09999999999997));
#5738=VECTOR('',#7135,1.0);
#5739=CARTESIAN_POINT('',(9.33000000000001,0.0,5.59999999999997));
#5740=AXIS2_PLACEMENT_3D('',#7136,#7137,#7138);
#5741=CARTESIAN_POINT('',(9.33000000000001,2.2999999999999,5.59999999999997));
#5742=CARTESIAN_POINT('',(9.33000000000001,-5.99999999906231E-06,5.59999999999997));
#5743=VECTOR('',#7139,1.0);
#5744=CARTESIAN_POINT('',(9.25689050436734,2.5728483522168,5.33968385128631));
#5745=AXIS2_PLACEMENT_3D('',#7140,#7141,#7142);
#5746=AXIS2_PLACEMENT_3D('',#7143,#7144,#7145);
#5747=CARTESIAN_POINT('',(-0.53917450288716,13.3791249999983,1.2));
#5748=CARTESIAN_POINT('',(-0.20998187138974,13.7394999999988,1.2));
#5749=CARTESIAN_POINT('',(-0.46780133553313,13.4572589031438,1.2));
#5750=VECTOR('',#7146,1.0);
#5751=CARTESIAN_POINT('',(-0.88499999999999,13.379124999999,1.2));
#5752=CARTESIAN_POINT('',(-0.64499999999999,13.379124999999,1.2));
#5753=VECTOR('',#7147,1.0);
#5754=CARTESIAN_POINT('',(-0.88499999999999,14.7208749999991,1.2));
#5755=CARTESIAN_POINT('',(-0.88499999999999,14.049999999999,1.2));
#5756=VECTOR('',#7148,1.0);
#5757=CARTESIAN_POINT('',(-0.53917450288708,14.7208749999991,1.2));
#5758=CARTESIAN_POINT('',(-0.64499999999999,14.7208749999991,1.2));
#5759=VECTOR('',#7149,1.0);
#5760=CARTESIAN_POINT('',(-0.20998187139132,14.3604999999987,1.2));
#5761=CARTESIAN_POINT('',(-0.29919833058465,14.45816737893,1.2));
#5762=VECTOR('',#7150,1.0);
#5763=CARTESIAN_POINT('',(9.99200722162641E-15,14.3604999999987,1.2));
#5764=CARTESIAN_POINT('',(1.38000106361712,14.3604999999987,1.2));
#5765=VECTOR('',#7151,1.0);
#5766=CARTESIAN_POINT('',(9.99200722162641E-15,17.7000000000176,1.2));
#5767=CARTESIAN_POINT('',(9.99200722162641E-15,28.4000000000011,1.2));
#5768=VECTOR('',#7152,1.0);
#5769=CARTESIAN_POINT('',(0.400000000000008,17.7000000000176,1.2));
#5770=CARTESIAN_POINT('',(1.38000106361712,17.7000000000176,1.2));
#5771=VECTOR('',#7153,1.0);
#5772=CARTESIAN_POINT('',(0.400000000000008,3.1999999999999,1.2));
#5773=CARTESIAN_POINT('',(0.400000000000008,28.4000000000011,1.2));
#5774=VECTOR('',#7154,1.0);
#5775=CARTESIAN_POINT('',(9.99200722162641E-15,3.1999999999999,1.2));
#5776=CARTESIAN_POINT('',(1.38000106361712,3.1999999999999,1.2));
#5777=VECTOR('',#7155,1.0);
#5778=CARTESIAN_POINT('',(9.99200722162641E-15,28.4000000000011,1.2));
#5779=VECTOR('',#7156,1.0);
#5780=CARTESIAN_POINT('',(-0.53917450288819,5.0791249999987,1.2));
#5781=CARTESIAN_POINT('',(3.66526092726533,9.6818204225614,1.2));
#5782=VECTOR('',#7157,1.0);
#5783=CARTESIAN_POINT('',(-0.88499999999999,5.0791249999991,1.2));
#5784=CARTESIAN_POINT('',(-0.64499999999999,5.0791249999991,1.2));
#5785=VECTOR('',#7158,1.0);
#5786=CARTESIAN_POINT('',(-0.88499999999999,6.4208749999991,1.2));
#5787=CARTESIAN_POINT('',(-0.88499999999999,14.049999999999,1.2));
#5788=VECTOR('',#7159,1.0);
#5789=CARTESIAN_POINT('',(-0.53917450288642,6.4208749999991,1.2));
#5790=CARTESIAN_POINT('',(-0.64499999999999,6.4208749999991,1.2));
#5791=VECTOR('',#7160,1.0);
#5792=CARTESIAN_POINT('',(-0.20998187139019,6.060499999999,1.2));
#5793=CARTESIAN_POINT('',(-4.43226059337844,10.6827288983991,1.2));
#5794=VECTOR('',#7161,1.0);
#5795=CARTESIAN_POINT('',(9.99200722162641E-15,6.0604999999991,1.2));
#5796=CARTESIAN_POINT('',(1.38000106361712,6.060499999999,1.2));
#5797=VECTOR('',#7162,1.0);
#5798=CARTESIAN_POINT('',(9.99200722162641E-15,13.7394999999988,1.2));
#5799=CARTESIAN_POINT('',(9.99200722162641E-15,28.4000000000011,1.2));
#5800=VECTOR('',#7163,1.0);
#5801=CARTESIAN_POINT('',(1.38000106361712,13.7394999999988,1.2));
#5802=VECTOR('',#7164,1.0);
#5803=CARTESIAN_POINT('',(10.16,6.3999999999997,20.7999999999984));
#5804=CARTESIAN_POINT('',(10.11,6.3999999999999,20.7999999999984));
#5805=CARTESIAN_POINT('',(10.160006,6.3999999999997,20.7999999999984));
#5806=VECTOR('',#7165,1.0);
#5807=CARTESIAN_POINT('',(10.11,5.8999999999997,21.2999999999984));
#5808=AXIS2_PLACEMENT_3D('',#7166,#7167,#7168);
#5809=CARTESIAN_POINT('',(10.16,5.8999999999997,21.2999999999984));
#5810=CARTESIAN_POINT('',(10.160006,5.8999999999997,21.2999999999984));
#5811=VECTOR('',#7169,1.0);
#5812=AXIS2_PLACEMENT_3D('',#7170,#7171,#7172);
#5813=CARTESIAN_POINT('',(9.4960850502754,14.849499999999,0.700000000000001));
#5814=CARTESIAN_POINT('',(9.23,14.849499999999,0.700000000000001));
#5815=CARTESIAN_POINT('',(1.38000106361712,14.849499999999,0.700000000000001));
#5816=VECTOR('',#7173,1.0);
#5817=CARTESIAN_POINT('',(9.4960850502754,14.849499999999,0.700000000000001));
#5818=VECTOR('',#7174,1.0);
#5819=CARTESIAN_POINT('',(9.23,14.849499999999,0.700000000000001));
#5820=VECTOR('',#7175,1.0);
#5821=CARTESIAN_POINT('',(9.33000000000001,0.0,16.3999999999999));
#5822=CARTESIAN_POINT('',(9.33000000000001,0.0,14.5500200620663));
#5823=VECTOR('',#7176,1.0);
#5824=CARTESIAN_POINT('',(9.33000000000001,2.2999999999999,16.3999999999999));
#5825=CARTESIAN_POINT('',(9.33000000000001,-5.99999999906231E-06,16.3999999999999));
#5826=VECTOR('',#7177,1.0);
#5827=CARTESIAN_POINT('',(9.33000000000001,2.2999999999999,14.5500200620663));
#5828=VECTOR('',#7178,1.0);
#5829=CARTESIAN_POINT('',(4.98000000000001,8.0500000000023,24.746410161512));
#5830=CARTESIAN_POINT('',(4.98000000000001,12.0500000000016,24.746410161512));
#5831=AXIS2_PLACEMENT_3D('',#7179,#7180,#7181);
#5832=CARTESIAN_POINT('',(4.98000000000001,8.0500000000023,23.9999999999999));
#5833=CARTESIAN_POINT('',(4.98000000000001,8.0500000000023,24.324999999998));
#5834=VECTOR('',#7182,1.0);
#5835=CARTESIAN_POINT('',(4.98000000000001,12.0500000000016,23.9999999999999));
#5836=AXIS2_PLACEMENT_3D('',#7183,#7184,#7185);
#5837=CARTESIAN_POINT('',(4.98000000000001,12.0500000000016,24.3249999999981));
#5838=VECTOR('',#7186,1.0);
#5839=CARTESIAN_POINT('',(9.99200722162641E-15,0.0,1.0999999999998));
#5840=CARTESIAN_POINT('',(1.38000106361712,0.0,1.0999999999998));
#5841=VECTOR('',#7187,1.0);
#5842=CARTESIAN_POINT('',(9.99200722162641E-15,1.1999999999997,1.0999999999998));
#5843=CARTESIAN_POINT('',(1.38000106361712,1.1999999999997,1.0999999999998));
#5844=VECTOR('',#7188,1.0);
#5845=CARTESIAN_POINT('',(9.99200722162641E-15,28.4000000000011,1.0999999999998));
#5846=VECTOR('',#7189,1.0);
#5847=CARTESIAN_POINT('',(8.43737563050854,0.0,3.7294095225511));
#5848=CARTESIAN_POINT('',(8.43737563050854,4.5,3.7294095225511));
#5849=CARTESIAN_POINT('',(8.43737563050854,28.4000000000011,3.7294095225511));
#5850=VECTOR('',#7190,1.0);
#5851=CARTESIAN_POINT('',(7.95441271736401,0.0,4.0999999999998));
#5852=AXIS2_PLACEMENT_3D('',#7191,#7192,#7193);
#5853=CARTESIAN_POINT('',(7.95441271736401,4.5,4.0999999999998));
#5854=CARTESIAN_POINT('',(7.95441271736401,28.4000000000011,4.0999999999998));
#5855=VECTOR('',#7194,1.0);
#5856=AXIS2_PLACEMENT_3D('',#7195,#7196,#7197);
#5857=CARTESIAN_POINT('',(9.30650755001847,2.3876750169253,16.5514613969809));
#5858=AXIS2_PLACEMENT_3D('',#7198,#7199,#7200);
#5859=CARTESIAN_POINT('',(8.91687398871374,3.8418072640486,14.5500200620663));
#5860=VECTOR('',#7201,1.0);
#5861=CARTESIAN_POINT('',(2.3365260775474,28.4000000000011,28.5945556476449));
#5862=VECTOR('',#7202,1.0);
#5863=CARTESIAN_POINT('',(9.99200722162641E-15,17.7000000000176,14.5500200620663));
#5864=VECTOR('',#7203,1.0);
#5865=CARTESIAN_POINT('',(0.400000000000008,17.7000000000176,14.5500200620663));
#5866=VECTOR('',#7204,1.0);
#5867=CARTESIAN_POINT('',(4.08000106361706,18.7000000000176,2.6));
#5868=CARTESIAN_POINT('',(1.38000106361712,18.7000000000176,2.6));
#5869=VECTOR('',#7205,1.0);
#5870=CARTESIAN_POINT('',(4.08000106361706,18.5000000000176,2.6));
#5871=CARTESIAN_POINT('',(1.38000106361712,18.5000000000176,2.6));
#5872=VECTOR('',#7206,1.0);
#5873=CARTESIAN_POINT('',(4.08000106361706,28.4000000000011,2.6));
#5874=VECTOR('',#7207,1.0);
#5875=CARTESIAN_POINT('',(2.2300000000002,6.2750000000009,14.6999999999999));
#5876=CARTESIAN_POINT('',(2.2300000000002,28.4000000000011,14.6999999999999));
#5877=VECTOR('',#7208,1.0);
#5878=CARTESIAN_POINT('',(1.38000106361712,6.2750000000009,14.6999999999999));
#5879=VECTOR('',#7209,1.0);
#5880=CARTESIAN_POINT('',(-0.20998187139278,14.3605000000003,15.4999999999985));
#5881=CARTESIAN_POINT('',(-0.53917450288708,14.7208749999991,15.4999999999985));
#5882=CARTESIAN_POINT('',(-0.29919833058465,14.45816737893,15.5));
#5883=VECTOR('',#7210,1.0);
#5884=CARTESIAN_POINT('',(-0.20998187139268,14.3605000000002,14.5500200620663));
#5885=VECTOR('',#7211,1.0);
#5886=CARTESIAN_POINT('',(-0.53917450288708,14.7208749999991,1.2));
#5887=VECTOR('',#7212,1.0);
#5888=CARTESIAN_POINT('',(6.43059892324167,3.9999999999999,0.0));
#5889=CARTESIAN_POINT('',(8.74000000000017,-9.9475983006414E-14,0.0));
#5890=CARTESIAN_POINT('',(-7.65674764498587,28.4000000000011,0.0));
#5891=VECTOR('',#7213,1.0);
#5892=CARTESIAN_POINT('',(5.56457351945723,4.5,0.0));
#5893=AXIS2_PLACEMENT_3D('',#7214,#7215,#7216);
#5894=CARTESIAN_POINT('',(1.38000106361712,4.5,0.0));
#5895=VECTOR('',#7217,1.0);
#5896=CARTESIAN_POINT('',(1.23999999999995,-9.9475983006414E-14,0.0));
#5897=CARTESIAN_POINT('',(17.636747644986,28.4000000000011,0.0));
#5898=VECTOR('',#7218,1.0);
#5899=CARTESIAN_POINT('',(9.99200722162641E-15,0.0,0.0));
#5900=CARTESIAN_POINT('',(1.38000106361712,0.0,0.0));
#5901=VECTOR('',#7219,1.0);
#5902=CARTESIAN_POINT('',(9.99200722162641E-15,3.1999999999999,0.0));
#5903=CARTESIAN_POINT('',(9.99200722162641E-15,28.4000000000011,0.0));
#5904=VECTOR('',#7220,1.0);
#5905=CARTESIAN_POINT('',(0.669999999999904,3.1999999999999,0.0));
#5906=CARTESIAN_POINT('',(1.38000106361712,3.1999999999999,0.0));
#5907=VECTOR('',#7221,1.0);
#5908=CARTESIAN_POINT('',(0.669999999999904,18.7000000000176,0.0));
#5909=CARTESIAN_POINT('',(0.669999999999904,28.4000000000011,0.0));
#5910=VECTOR('',#7222,1.0);
#5911=CARTESIAN_POINT('',(9.23,18.7000000000176,0.0));
#5912=CARTESIAN_POINT('',(1.38000106361712,18.7000000000176,0.0));
#5913=VECTOR('',#7223,1.0);
#5914=CARTESIAN_POINT('',(9.23,3.1999999999999,0.0));
#5915=CARTESIAN_POINT('',(9.23,28.4000000000011,0.0));
#5916=VECTOR('',#7224,1.0);
#5917=CARTESIAN_POINT('',(10.16,3.1999999999999,0.0));
#5918=CARTESIAN_POINT('',(1.38000106361712,3.1999999999999,0.0));
#5919=VECTOR('',#7225,1.0);
#5920=CARTESIAN_POINT('',(10.16,0.0,0.0));
#5921=CARTESIAN_POINT('',(10.16,28.4000000000011,0.0));
#5922=VECTOR('',#7226,1.0);
#5923=CARTESIAN_POINT('',(1.38000106361712,0.0,0.0));
#5924=VECTOR('',#7227,1.0);
#5925=CARTESIAN_POINT('',(8.74000000000017,5.0113248654051,0.0));
#5926=CARTESIAN_POINT('',(8.74000000000017,18.2886751346124,0.0));
#5927=CARTESIAN_POINT('',(8.74000000000017,28.4000000000011,0.0));
#5928=VECTOR('',#7228,1.0);
#5929=CARTESIAN_POINT('',(1.23999999999995,18.2886751346124,0.0));
#5930=CARTESIAN_POINT('',(1.38000106361712,18.2886751346124,0.0));
#5931=VECTOR('',#7229,1.0);
#5932=CARTESIAN_POINT('',(1.23999999999995,5.0113248654051,0.0));
#5933=CARTESIAN_POINT('',(1.23999999999995,28.4000000000011,0.0));
#5934=VECTOR('',#7230,1.0);
#5935=CARTESIAN_POINT('',(1.38000106361712,5.0113248654051,0.0));
#5936=VECTOR('',#7231,1.0);
#5937=CARTESIAN_POINT('',(8.24000000000017,4.5,0.499999999999801));
#5938=CARTESIAN_POINT('',(8.24000000000017,0.866025403784398,0.499999999999801));
#5939=CARTESIAN_POINT('',(8.24000000000017,4.5000059999999,0.499999999999801));
#5940=VECTOR('',#7232,1.0);
#5941=CARTESIAN_POINT('',(5.56457351945723,4.5,0.499999999999801));
#5942=CARTESIAN_POINT('',(1.38000106361712,4.5,0.499999999999801));
#5943=VECTOR('',#7233,1.0);
#5944=CARTESIAN_POINT('',(6.43059892324167,3.9999999999999,0.499999999999801));
#5945=AXIS2_PLACEMENT_3D('',#7234,#7235,#7236);
#5946=CARTESIAN_POINT('',(-7.65674764498587,28.4000000000011,0.499999999999801));
#5947=VECTOR('',#7237,1.0);
#5948=CARTESIAN_POINT('',(9.99200722162641E-15,18.7000000000176,18.2500000000342));
#5949=CARTESIAN_POINT('',(9.99200722162641E-15,19.3524062911609,14.5500200620663));
#5950=VECTOR('',#7238,1.0);
#5951=CARTESIAN_POINT('',(9.99200722162641E-15,18.7000000000176,14.5500200620663));
#5952=VECTOR('',#7239,1.0);
#5953=CARTESIAN_POINT('',(9.99200722162641E-15,14.3605000000003,15.4999999999985));
#5954=CARTESIAN_POINT('',(9.99200722162641E-15,14.3604999999987,14.5500200620663));
#5955=VECTOR('',#7240,1.0);
#5956=CARTESIAN_POINT('',(9.99200722162641E-15,13.7395000000004,15.4999999999986));
#5957=CARTESIAN_POINT('',(9.99200722162641E-15,28.4000000000011,15.5));
#5958=VECTOR('',#7241,1.0);
#5959=CARTESIAN_POINT('',(9.99200722162641E-15,13.7395000000003,14.5500200620663));
#5960=VECTOR('',#7242,1.0);
#5961=CARTESIAN_POINT('',(9.99200722162641E-15,6.0605000000006,15.5));
#5962=CARTESIAN_POINT('',(9.99200722162641E-15,6.0604999999991,14.5500200620663));
#5963=VECTOR('',#7243,1.0);
#5964=CARTESIAN_POINT('',(9.99200722162641E-15,28.4000000000011,15.5));
#5965=VECTOR('',#7244,1.0);
#5966=CARTESIAN_POINT('',(9.99200722162641E-15,3.1999999999999,14.5500200620663));
#5967=VECTOR('',#7245,1.0);
#5968=CARTESIAN_POINT('',(9.99200722162641E-15,0.0,14.5500200620663));
#5969=VECTOR('',#7246,1.0);
#5970=CARTESIAN_POINT('',(9.99200722162641E-15,1.1999999999997,14.5500200620663));
#5971=VECTOR('',#7247,1.0);
#5972=CARTESIAN_POINT('',(9.99200722162641E-15,2.95,17.9000000000003));
#5973=CARTESIAN_POINT('',(9.99200722162641E-15,28.4000000000011,17.9000000000003));
#5974=VECTOR('',#7248,1.0);
#5975=CARTESIAN_POINT('',(9.99200722162641E-15,4.45,19.4000000000003));
#5976=AXIS2_PLACEMENT_3D('',#7249,#7250,#7251);
#5977=CARTESIAN_POINT('',(9.99200722162641E-15,4.45,27.8000000000001));
#5978=CARTESIAN_POINT('',(9.99200722162641E-15,4.45,14.5500200620663));
#5979=VECTOR('',#7252,1.0);
#5980=AXIS2_PLACEMENT_3D('',#7253,#7254,#7255);
#5981=CARTESIAN_POINT('',(9.99200722162641E-15,5.45,20.7999999999995));
#5982=CARTESIAN_POINT('',(9.99200722162641E-15,5.45,14.5500200620663));
#5983=VECTOR('',#7256,1.0);
#5984=CARTESIAN_POINT('',(9.99200722162641E-15,5.95,20.2999999999995));
#5985=AXIS2_PLACEMENT_3D('',#7257,#7258,#7259);
#5986=CARTESIAN_POINT('',(9.99200722162641E-15,15.55,20.2999999999995));
#5987=CARTESIAN_POINT('',(9.99200722162641E-15,28.4000000000011,20.2999999999995));
#5988=VECTOR('',#7260,1.0);
#5989=CARTESIAN_POINT('',(9.99200722162641E-15,16.05,20.7999999999995));
#5990=AXIS2_PLACEMENT_3D('',#7261,#7262,#7263);
#5991=CARTESIAN_POINT('',(9.99200722162641E-15,16.05,14.5500200620663));
#5992=VECTOR('',#7264,1.0);
#5993=CARTESIAN_POINT('',(9.99200722162641E-15,28.4000000000011,28.2999999999995));
#5994=VECTOR('',#7265,1.0);
#5995=CARTESIAN_POINT('',(0.669999999999904,3.1999999999999,0.700000000000001));
#5996=CARTESIAN_POINT('',(0.669999999999904,3.1999999999999,14.5500200620663));
#5997=VECTOR('',#7266,1.0);
#5998=CARTESIAN_POINT('',(0.669999999999904,18.7000000000176,0.700000000000001));
#5999=CARTESIAN_POINT('',(0.669999999999904,28.4000000000011,0.700000000000001));
#6000=VECTOR('',#7267,1.0);
#6001=CARTESIAN_POINT('',(0.669999999999904,18.7000000000176,14.5500200620663));
#6002=VECTOR('',#7268,1.0);
#6003=CARTESIAN_POINT('',(10.11,28.4000000000011,20.7999999999984));
#6004=VECTOR('',#7269,1.0);
#6005=CARTESIAN_POINT('',(10.11,14.8999999999997,22.2999999999984));
#6006=CARTESIAN_POINT('',(10.11,14.8999999999997,14.5500200620663));
#6007=VECTOR('',#7270,1.0);
#6008=CARTESIAN_POINT('',(10.11,14.3999999999999,22.7999999999984));
#6009=AXIS2_PLACEMENT_3D('',#7271,#7272,#7273);
#6010=CARTESIAN_POINT('',(10.11,6.3999999999999,22.7999999999984));
#6011=CARTESIAN_POINT('',(10.11,28.4000000000011,22.7999999999984));
#6012=VECTOR('',#7274,1.0);
#6013=CARTESIAN_POINT('',(10.11,5.8999999999997,22.2999999999984));
#6014=AXIS2_PLACEMENT_3D('',#7275,#7276,#7277);
#6015=CARTESIAN_POINT('',(10.11,5.8999999999997,14.5500200620663));
#6016=VECTOR('',#7278,1.0);
#6017=CARTESIAN_POINT('',(10.16,14.8999999999997,22.2999999999984));
#6018=CARTESIAN_POINT('',(10.160006,14.8999999999997,22.2999999999984));
#6019=VECTOR('',#7279,1.0);
#6020=CARTESIAN_POINT('',(10.16,14.8999999999997,14.5500200620663));
#6021=VECTOR('',#7280,1.0);
#6022=CARTESIAN_POINT('',(10.16,28.4000000000011,20.7999999999984));
#6023=VECTOR('',#7281,1.0);
#6024=CARTESIAN_POINT('',(0.05000000000001,28.4000000000011,28.2999999999995));
#6025=VECTOR('',#7282,1.0);
#6026=CARTESIAN_POINT('',(0.05000000000001,16.05,20.7999999999995));
#6027=CARTESIAN_POINT('',(0.05000000000001,16.05,14.5500200620663));
#6028=VECTOR('',#7283,1.0);
#6029=CARTESIAN_POINT('',(0.05000000000001,15.55,20.2999999999995));
#6030=AXIS2_PLACEMENT_3D('',#7284,#7285,#7286);
#6031=CARTESIAN_POINT('',(0.05000000000001,5.95,20.2999999999995));
#6032=CARTESIAN_POINT('',(0.05000000000001,28.4000000000011,20.2999999999995));
#6033=VECTOR('',#7287,1.0);
#6034=CARTESIAN_POINT('',(0.05000000000001,5.45,20.7999999999995));
#6035=AXIS2_PLACEMENT_3D('',#7288,#7289,#7290);
#6036=CARTESIAN_POINT('',(0.05000000000001,5.45,14.5500200620663));
#6037=VECTOR('',#7291,1.0);
#6038=CARTESIAN_POINT('',(8.74000000000017,0.0,2.5999999999999));
#6039=CARTESIAN_POINT('',(5.53800177483375,0.0,14.5500200620663));
#6040=VECTOR('',#7292,1.0);
#6041=CARTESIAN_POINT('',(8.74000000000017,4.5,2.5999999999999));
#6042=CARTESIAN_POINT('',(5.53800177483375,4.5,14.5500200620663));
#6043=VECTOR('',#7293,1.0);
#6044=CARTESIAN_POINT('',(8.74000000000017,28.4000000000011,2.5999999999999));
#6045=VECTOR('',#7294,1.0);
#6046=CARTESIAN_POINT('',(10.16,14.3999999999999,22.7999999999984));
#6047=CARTESIAN_POINT('',(10.160006,14.3999999999997,22.7999999999984));
#6048=VECTOR('',#7295,1.0);
#6049=AXIS2_PLACEMENT_3D('',#7296,#7297,#7298);
#6050=CARTESIAN_POINT('',(8.83000000000001,0.0,16.8999999999999));
#6051=CARTESIAN_POINT('',(8.83000000000001,2.1344468991804,16.8999999999999));
#6052=CARTESIAN_POINT('',(8.83000000000001,-5.99999999906231E-06,16.8999999999999));
#6053=VECTOR('',#7299,1.0);
#6054=CARTESIAN_POINT('',(1.23,0.0,16.8999999999999));
#6055=CARTESIAN_POINT('',(1.38000106361712,0.0,16.8999999999999));
#6056=VECTOR('',#7300,1.0);
#6057=CARTESIAN_POINT('',(1.23,2.1344468991804,16.8999999999999));
#6058=CARTESIAN_POINT('',(1.23,2.3876810169253,16.8999999999999));
#6059=VECTOR('',#7301,1.0);
#6060=CARTESIAN_POINT('',(1.38000106361712,2.1344468991804,16.8999999999999));
#6061=VECTOR('',#7302,1.0);
#6062=CARTESIAN_POINT('',(9.89391494972446,5.2849999999992,0.700000000000001));
#6063=CARTESIAN_POINT('',(1.38000106361712,-1.8735976791805,0.700000000000001));
#6064=VECTOR('',#7303,1.0);
#6065=CARTESIAN_POINT('',(9.89391494972446,5.2849999999992,15.5));
#6066=CARTESIAN_POINT('',(13.6388841403325,8.4338135909179,15.5));
#6067=VECTOR('',#7304,1.0);
#6068=CARTESIAN_POINT('',(9.89391494972446,5.2849999999992,0.700000000000001));
#6069=VECTOR('',#7305,1.0);
#6070=CARTESIAN_POINT('',(8.74000000000017,6.2750000000019,23.9999999999999));
#6071=CARTESIAN_POINT('',(1.23999999999995,6.2750000000019,23.9999999999999));
#6072=CARTESIAN_POINT('',(1.38000106361712,6.2750000000019,23.9999999999999));
#6073=VECTOR('',#7306,1.0);
#6074=CARTESIAN_POINT('',(1.23999999999995,28.4000000000011,23.9999999999999));
#6075=VECTOR('',#7307,1.0);
#6076=CARTESIAN_POINT('',(8.74000000000017,28.4000000000011,23.9999999999999));
#6077=VECTOR('',#7308,1.0);
#6078=AXIS2_PLACEMENT_3D('',#7309,#7310,#7311);
#6079=CARTESIAN_POINT('',(9.89391494972441,14.5149999999991,0.700000000000001));
#6080=CARTESIAN_POINT('',(1.38000106361712,21.673597679173,0.700000000000001));
#6081=VECTOR('',#7312,1.0);
#6082=CARTESIAN_POINT('',(9.89391494972441,14.5149999999991,0.700000000000001));
#6083=VECTOR('',#7313,1.0);
#6084=CARTESIAN_POINT('',(1.00000000000001,2.95,17.9000000000003));
#6085=CARTESIAN_POINT('',(1.00000300000001,2.95,17.9000000000003));
#6086=VECTOR('',#7314,1.0);
#6087=CARTESIAN_POINT('',(1.00000000000001,4.45,19.4000000000003));
#6088=AXIS2_PLACEMENT_3D('',#7315,#7316,#7317);
#6089=CARTESIAN_POINT('',(1.00000300000001,4.45,19.4000000000003));
#6090=VECTOR('',#7318,1.0);
#6091=CARTESIAN_POINT('',(0.400000000000008,3.1999999999999,0.700000000000001));
#6092=CARTESIAN_POINT('',(0.400000000000008,3.1999999999999,14.5500200620663));
#6093=VECTOR('',#7319,1.0);
#6094=CARTESIAN_POINT('',(1.38000106361712,3.1999999999999,0.700000000000001));
#6095=VECTOR('',#7320,1.0);
#6096=CARTESIAN_POINT('',(4.98000000000001,13.7500000000019,30.7999999999988));
#6097=CARTESIAN_POINT('',(4.98000000000001,6.3500000000019,30.8));
#6098=AXIS2_PLACEMENT_3D('',#7321,#7322,#7323);
#6099=AXIS2_PLACEMENT_3D('',#7324,#7325,#7326);
#6100=CARTESIAN_POINT('',(4.98000000000001,12.6500000000019,30.7999999999994));
#6101=CARTESIAN_POINT('',(4.98000000000001,7.4500000000019,30.7999999999994));
#6102=AXIS2_PLACEMENT_3D('',#7327,#7328,#7329);
#6103=AXIS2_PLACEMENT_3D('',#7330,#7331,#7332);
#6104=CARTESIAN_POINT('',(10.16,4.45,27.8000000000001));
#6105=CARTESIAN_POINT('',(1.38000106361712,4.45,27.8000000000001));
#6106=VECTOR('',#7333,1.0);
#6107=AXIS2_PLACEMENT_3D('',#7334,#7335,#7336);
#6108=CARTESIAN_POINT('',(10.16,14.5149999999991,0.700000000000001));
#6109=CARTESIAN_POINT('',(1.38000106361712,14.5149999999991,0.700000000000001));
#6110=VECTOR('',#7337,1.0);
#6111=CARTESIAN_POINT('',(10.16,14.5149999999991,14.5500200620663));
#6112=VECTOR('',#7338,1.0);
#6113=CARTESIAN_POINT('',(8.74000000000017,28.4000000000011,4.99999999999997));
#6114=VECTOR('',#7339,1.0);
#6115=CARTESIAN_POINT('',(8.68000106361706,28.4000000000011,4.99999999999997));
#6116=VECTOR('',#7340,1.0);
#6117=CARTESIAN_POINT('',(-0.53917450288716,13.3791249999983,15.4999999999986));
#6118=CARTESIAN_POINT('',(-0.20998187138827,13.7395000000004,15.4999999999986));
#6119=CARTESIAN_POINT('',(-0.46780133553313,13.4572589031438,15.5));
#6120=VECTOR('',#7341,1.0);
#6121=CARTESIAN_POINT('',(-0.53917450288797,13.379124999999,1.2));
#6122=VECTOR('',#7342,1.0);
#6123=CARTESIAN_POINT('',(-0.20998187138837,13.7395000000003,14.5500200620663));
#6124=VECTOR('',#7343,1.0);
#6125=CARTESIAN_POINT('',(-0.53917450288642,6.4208749999991,15.5));
#6126=CARTESIAN_POINT('',(-0.53917450288642,6.4208749999991,1.2));
#6127=VECTOR('',#7344,1.0);
#6128=CARTESIAN_POINT('',(-0.20998187139166,6.0605000000006,15.5));
#6129=CARTESIAN_POINT('',(-4.43226059337844,10.6827288983991,15.5));
#6130=VECTOR('',#7345,1.0);
#6131=CARTESIAN_POINT('',(-0.20998187139156,6.0605000000005,14.5500200620663));
#6132=VECTOR('',#7346,1.0);
#6133=CARTESIAN_POINT('',(0.729999999999995,0.0,16.3999999999999));
#6134=CARTESIAN_POINT('',(0.729999999999995,2.3876810169253,16.3999999999999));
#6135=VECTOR('',#7347,1.0);
#6136=CARTESIAN_POINT('',(0.729999999999995,0.0,14.5500200620663));
#6137=VECTOR('',#7348,1.0);
#6138=CARTESIAN_POINT('',(0.05000600000001,5.45,20.7999999999995));
#6139=VECTOR('',#7349,1.0);
#6140=CARTESIAN_POINT('',(0.05000600000001,5.95,20.2999999999995));
#6141=VECTOR('',#7350,1.0);
#6142=CARTESIAN_POINT('',(10.16,4.45,14.5500200620663));
#6143=VECTOR('',#7351,1.0);
#6144=CARTESIAN_POINT('',(10.16,1.2999999999997,17.9000000000003));
#6145=CARTESIAN_POINT('',(10.16,28.4000000000011,17.9000000000003));
#6146=VECTOR('',#7352,1.0);
#6147=CARTESIAN_POINT('',(10.16,1.2999999999997,0.999999999999801));
#6148=CARTESIAN_POINT('',(10.16,1.2999999999997,14.5500200620663));
#6149=VECTOR('',#7353,1.0);
#6150=CARTESIAN_POINT('',(10.16,0.0,0.999999999999801));
#6151=CARTESIAN_POINT('',(10.16,28.4000000000011,0.999999999999801));
#6152=VECTOR('',#7354,1.0);
#6153=CARTESIAN_POINT('',(10.16,0.0,14.5500200620663));
#6154=VECTOR('',#7355,1.0);
#6155=CARTESIAN_POINT('',(10.16,3.1999999999999,0.700000000000001));
#6156=CARTESIAN_POINT('',(10.16,3.1999999999999,14.5500200620663));
#6157=VECTOR('',#7356,1.0);
#6158=CARTESIAN_POINT('',(10.16,5.2849999999992,0.700000000000001));
#6159=CARTESIAN_POINT('',(10.16,28.4000000000011,0.700000000000001));
#6160=VECTOR('',#7357,1.0);
#6161=CARTESIAN_POINT('',(10.16,5.2849999999992,15.5));
#6162=CARTESIAN_POINT('',(10.16,5.2849999999992,14.5500200620663));
#6163=VECTOR('',#7358,1.0);
#6164=CARTESIAN_POINT('',(10.16,6.214999999999,15.5));
#6165=CARTESIAN_POINT('',(10.16,28.4000000000011,15.5));
#6166=VECTOR('',#7359,1.0);
#6167=CARTESIAN_POINT('',(10.16,6.214999999999,0.700000000000001));
#6168=CARTESIAN_POINT('',(10.16,6.214999999999,14.5500200620663));
#6169=VECTOR('',#7360,1.0);
#6170=CARTESIAN_POINT('',(10.16,13.5849999999991,0.700000000000001));
#6171=CARTESIAN_POINT('',(10.16,28.4000000000011,0.700000000000001));
#6172=VECTOR('',#7361,1.0);
#6173=CARTESIAN_POINT('',(10.16,13.5849999999991,14.5500200620663));
#6174=VECTOR('',#7362,1.0);
#6175=CARTESIAN_POINT('',(10.16,18.7000000000176,0.700000000000001));
#6176=CARTESIAN_POINT('',(10.16,28.4000000000011,0.700000000000001));
#6177=VECTOR('',#7363,1.0);
#6178=CARTESIAN_POINT('',(10.16,18.7000000000176,18.2500000000342));
#6179=CARTESIAN_POINT('',(10.16,18.7000000000176,14.5500200620663));
#6180=VECTOR('',#7364,1.0);
#6181=CARTESIAN_POINT('',(10.16,19.3524062911609,14.5500200620663));
#6182=VECTOR('',#7365,1.0);
#6183=CARTESIAN_POINT('',(10.16,5.8999999999997,22.2999999999984));
#6184=CARTESIAN_POINT('',(10.16,5.8999999999997,14.5500200620663));
#6185=VECTOR('',#7366,1.0);
#6186=CARTESIAN_POINT('',(10.16,6.3999999999999,22.7999999999984));
#6187=AXIS2_PLACEMENT_3D('',#7367,#7368,#7369);
#6188=CARTESIAN_POINT('',(10.16,28.4000000000011,22.7999999999984));
#6189=VECTOR('',#7370,1.0);
#6190=CARTESIAN_POINT('',(1.28000106361706,5.45,0.5));
#6191=CARTESIAN_POINT('',(1.28000106361706,18.0000000000176,0.5));
#6192=CARTESIAN_POINT('',(1.28000106361706,28.4000000000011,0.5));
#6193=VECTOR('',#7371,1.0);
#6194=CARTESIAN_POINT('',(1.28000106361706,5.45,4.99999999999997));
#6195=CARTESIAN_POINT('',(1.28000106361706,5.45,14.5500200620663));
#6196=VECTOR('',#7372,1.0);
#6197=CARTESIAN_POINT('',(1.28000106361706,6.2749999999998,4.99999999999997));
#6198=CARTESIAN_POINT('',(1.28000106361706,28.4000000000011,4.99999999999997));
#6199=VECTOR('',#7373,1.0);
#6200=CARTESIAN_POINT('',(1.28000106361706,16.0490183872352,4.99999999999997));
#6201=VECTOR('',#7374,1.0);
#6202=CARTESIAN_POINT('',(1.28000106361706,15.2250000000006,4.99999999999997));
#6203=CARTESIAN_POINT('',(1.28000106361706,28.4000000000011,4.99999999999997));
#6204=VECTOR('',#7375,1.0);
#6205=CARTESIAN_POINT('',(1.28000106361706,17.325000000018,4.99999999999997));
#6206=CARTESIAN_POINT('',(1.28000106361706,16.0490183872352,4.99999999999997));
#6207=VECTOR('',#7376,1.0);
#6208=CARTESIAN_POINT('',(1.28000106361706,18.0000000000176,4.99999999999997));
#6209=CARTESIAN_POINT('',(1.28000106361706,28.4000000000011,4.99999999999997));
#6210=VECTOR('',#7377,1.0);
#6211=CARTESIAN_POINT('',(1.28000106361706,18.0000000000176,14.5500200620663));
#6212=VECTOR('',#7378,1.0);
#6213=CARTESIAN_POINT('',(10.160006,5.8999999999997,22.2999999999984));
#6214=VECTOR('',#7379,1.0);
#6215=CARTESIAN_POINT('',(-0.88499999999999,13.379124999999,15.4999999999986));
#6216=CARTESIAN_POINT('',(-0.88499999999999,13.379124999999,1.2));
#6217=VECTOR('',#7380,1.0);
#6218=CARTESIAN_POINT('',(-0.88499999999999,14.7208749999991,15.4999999999985));
#6219=CARTESIAN_POINT('',(-0.88499999999999,14.049999999999,15.5));
#6220=VECTOR('',#7381,1.0);
#6221=CARTESIAN_POINT('',(-0.88499999999999,14.7208749999991,1.2));
#6222=VECTOR('',#7382,1.0);
#6223=CARTESIAN_POINT('',(1.73999999999995,4.5,0.499999999999801));
#6224=CARTESIAN_POINT('',(1.73999999999995,0.866025403784398,0.499999999999801));
#6225=CARTESIAN_POINT('',(1.73999999999995,4.5000059999999,0.499999999999801));
#6226=VECTOR('',#7383,1.0);
#6227=CARTESIAN_POINT('',(17.636747644986,28.4000000000011,0.499999999999801));
#6228=VECTOR('',#7384,1.0);
#6229=CARTESIAN_POINT('',(1.38000106361712,4.5,0.499999999999801));
#6230=VECTOR('',#7385,1.0);
#6231=CARTESIAN_POINT('',(2.38000000000272,15.2250000000006,14.6999999999999));
#6232=CARTESIAN_POINT('',(2.38000000000272,15.2250000000006,4.99999999999997));
#6233=CARTESIAN_POINT('',(2.38000000000272,15.2250000000006,14.5500200620663));
#6234=VECTOR('',#7386,1.0);
#6235=CARTESIAN_POINT('',(2.38000000000272,28.4000000000011,14.6999999999999));
#6236=VECTOR('',#7387,1.0);
#6237=CARTESIAN_POINT('',(2.38000000000272,28.4000000000011,4.99999999999997));
#6238=VECTOR('',#7388,1.0);
#6239=CARTESIAN_POINT('',(8.68000106361706,17.3250000000176,4.99999999999997));
#6240=CARTESIAN_POINT('',(8.74000000000017,17.3250000000176,4.99999999999997));
#6241=CARTESIAN_POINT('',(1.38000106361712,17.325000000018,4.99999999999997));
#6242=VECTOR('',#7389,1.0);
#6243=CARTESIAN_POINT('',(8.68000106361706,18.0000000000176,4.99999999999997));
#6244=CARTESIAN_POINT('',(8.68000106361706,28.4000000000011,4.99999999999997));
#6245=VECTOR('',#7390,1.0);
#6246=CARTESIAN_POINT('',(8.74000000000017,18.0000000000176,4.99999999999997));
#6247=CARTESIAN_POINT('',(1.38000106361712,18.0000000000176,4.99999999999997));
#6248=VECTOR('',#7391,1.0);
#6249=CARTESIAN_POINT('',(8.74000000000017,28.4000000000011,4.99999999999997));
#6250=VECTOR('',#7392,1.0);
#6251=CARTESIAN_POINT('',(-0.53917450288819,5.0791249999987,15.5));
#6252=CARTESIAN_POINT('',(-0.53917450288864,5.0791249999991,1.2));
#6253=VECTOR('',#7393,1.0);
#6254=CARTESIAN_POINT('',(-0.88499999999999,5.0791249999991,15.5));
#6255=CARTESIAN_POINT('',(-0.64499999999999,5.0791249999991,15.5));
#6256=VECTOR('',#7394,1.0);
#6257=CARTESIAN_POINT('',(-0.88499999999999,5.0791249999991,1.2));
#6258=VECTOR('',#7395,1.0);
#6259=CARTESIAN_POINT('',(-0.88499999999999,6.4208749999991,15.5));
#6260=CARTESIAN_POINT('',(-0.88499999999999,6.4208749999991,1.2));
#6261=VECTOR('',#7396,1.0);
#6262=CARTESIAN_POINT('',(-0.64499999999999,6.4208749999991,15.5));
#6263=VECTOR('',#7397,1.0);
#6264=CARTESIAN_POINT('',(1.54262436949159,4.5,3.7294095225511));
#6265=CARTESIAN_POINT('',(1.23999999999995,4.5,2.5999999999998));
#6266=CARTESIAN_POINT('',(4.44199822516638,4.5,14.5500200620663));
#6267=VECTOR('',#7398,1.0);
#6268=CARTESIAN_POINT('',(1.54262436949159,0.0,3.7294095225511));
#6269=CARTESIAN_POINT('',(1.54262436949159,28.4000000000011,3.7294095225511));
#6270=VECTOR('',#7399,1.0);
#6271=CARTESIAN_POINT('',(1.23999999999995,0.0,2.5999999999998));
#6272=CARTESIAN_POINT('',(4.44199822516638,0.0,14.5500200620663));
#6273=VECTOR('',#7400,1.0);
#6274=CARTESIAN_POINT('',(1.23999999999995,28.4000000000011,2.5999999999998));
#6275=VECTOR('',#7401,1.0);
#6276=CARTESIAN_POINT('',(8.74000000000017,4.5,0.999999999999801));
#6277=CARTESIAN_POINT('',(8.74000000000017,0.0,0.999999999999801));
#6278=CARTESIAN_POINT('',(8.74000000000017,4.5000059999999,0.999999999999801));
#6279=VECTOR('',#7402,1.0);
#6280=CARTESIAN_POINT('',(8.74000000000017,0.0,14.5500200620663));
#6281=VECTOR('',#7403,1.0);
#6282=CARTESIAN_POINT('',(8.74000000000017,4.5,14.5500200620663));
#6283=VECTOR('',#7404,1.0);
#6284=AXIS2_PLACEMENT_3D('',#7405,#7406,#7407);
#6285=AXIS2_PLACEMENT_3D('',#7408,#7409,#7410);
#6286=CARTESIAN_POINT('',(1.38000106361712,14.3605000000003,15.5));
#6287=VECTOR('',#7411,1.0);
#6288=CARTESIAN_POINT('',(1.38000106361712,6.0605000000006,15.5));
#6289=VECTOR('',#7412,1.0);
#6290=CARTESIAN_POINT('',(9.23,13.2504999999991,0.700000000000001));
#6291=CARTESIAN_POINT('',(9.49608505027543,13.2504999999991,0.700000000000001));
#6292=CARTESIAN_POINT('',(1.38000106361712,13.2504999999991,0.700000000000001));
#6293=VECTOR('',#7413,1.0);
#6294=CARTESIAN_POINT('',(9.23,13.2504999999991,0.700000000000001));
#6295=VECTOR('',#7414,1.0);
#6296=CARTESIAN_POINT('',(9.49608505027543,13.2504999999991,0.700000000000001));
#6297=VECTOR('',#7415,1.0);
#6298=CARTESIAN_POINT('',(2.2300000000002,6.2749999999998,4.99999999999997));
#6299=CARTESIAN_POINT('',(2.2300000000002,6.2750000000009,14.5500200620663));
#6300=VECTOR('',#7416,1.0);
#6301=CARTESIAN_POINT('',(1.88000106361706,6.2749999999998,4.99999999999997));
#6302=CARTESIAN_POINT('',(1.38000106361712,6.2749999999998,4.99999999999997));
#6303=VECTOR('',#7417,1.0);
#6304=CARTESIAN_POINT('',(1.38000106361712,6.2749999999998,4.99999999999997));
#6305=VECTOR('',#7418,1.0);
#6306=CARTESIAN_POINT('',(1.23999999999995,6.2749999999998,4.99999999999997));
#6307=CARTESIAN_POINT('',(1.38000106361712,6.2749999999998,4.99999999999997));
#6308=VECTOR('',#7419,1.0);
#6309=CARTESIAN_POINT('',(1.23999999999995,6.2750000000009,14.5500200620663));
#6310=VECTOR('',#7420,1.0);
#6311=CARTESIAN_POINT('',(8.74000000000017,6.2749999999998,4.99999999999997));
#6312=CARTESIAN_POINT('',(8.74000000000017,6.2750000000009,14.5500200620663));
#6313=VECTOR('',#7421,1.0);
#6314=CARTESIAN_POINT('',(8.68000106361706,6.2749999999998,4.99999999999997));
#6315=CARTESIAN_POINT('',(1.38000106361712,6.2749999999998,4.99999999999997));
#6316=VECTOR('',#7422,1.0);
#6317=CARTESIAN_POINT('',(1.38000106361712,6.2749999999998,4.99999999999997));
#6318=VECTOR('',#7423,1.0);
#6319=CARTESIAN_POINT('',(4.98000000000001,12.650000000002,24.746410161512));
#6320=CARTESIAN_POINT('',(4.98000000000001,7.4500000000019,24.746410161512));
#6321=AXIS2_PLACEMENT_3D('',#7424,#7425,#7426);
#6322=AXIS2_PLACEMENT_3D('',#7427,#7428,#7429);
#6323=AXIS2_PLACEMENT_3D('',#7430,#7431,#7432);
#6324=CARTESIAN_POINT('',(4.08000106361706,18.5000000000176,1.2928203230275));
#6325=CARTESIAN_POINT('',(4.08000106361706,18.5000000000176,14.5500200620663));
#6326=VECTOR('',#7433,1.0);
#6327=CARTESIAN_POINT('',(4.08000106361706,18.7000000000176,1.2392304845413));
#6328=CARTESIAN_POINT('',(4.08000106361706,28.4000000000011,-1.3598766820362));
#6329=VECTOR('',#7434,1.0);
#6330=CARTESIAN_POINT('',(4.08000106361706,18.7000000000176,14.5500200620663));
#6331=VECTOR('',#7435,1.0);
#6332=CARTESIAN_POINT('',(9.23,18.7000000000176,0.700000000000001));
#6333=CARTESIAN_POINT('',(9.23,28.4000000000011,0.700000000000001));
#6334=VECTOR('',#7436,1.0);
#6335=CARTESIAN_POINT('',(1.38000106361712,18.7000000000176,0.700000000000001));
#6336=VECTOR('',#7437,1.0);
#6337=CARTESIAN_POINT('',(-0.88499999999999,14.049999999999,15.5));
#6338=VECTOR('',#7438,1.0);
#6339=CARTESIAN_POINT('',(9.86000000000001,1.2999999999997,17.9000000000003));
#6340=CARTESIAN_POINT('',(1.38000106361712,1.2999999999997,17.9000000000003));
#6341=VECTOR('',#7439,1.0);
#6342=CARTESIAN_POINT('',(9.86000000000001,1.2999999999997,0.999999999999801));
#6343=CARTESIAN_POINT('',(9.86000000000001,1.2999999999997,14.5500200620663));
#6344=VECTOR('',#7440,1.0);
#6345=CARTESIAN_POINT('',(1.38000106361712,1.2999999999997,0.999999999999801));
#6346=VECTOR('',#7441,1.0);
#6347=CARTESIAN_POINT('',(-5.99999998995848E-06,15.55,20.2999999999995));
#6348=VECTOR('',#7442,1.0);
#6349=CARTESIAN_POINT('',(2.02558728263612,4.5,4.0999999999998));
#6350=CARTESIAN_POINT('',(2.02558728263612,0.0,4.0999999999998));
#6351=CARTESIAN_POINT('',(2.02558728263612,28.4000000000011,4.0999999999998));
#6352=VECTOR('',#7443,1.0);
#6353=CARTESIAN_POINT('',(1.38000106361712,4.5,4.0999999999998));
#6354=VECTOR('',#7444,1.0);
#6355=CARTESIAN_POINT('',(1.38000106361712,0.0,4.0999999999998));
#6356=VECTOR('',#7445,1.0);
#6357=CARTESIAN_POINT('',(1.23999999999995,15.2250000000006,14.6999999999999));
#6358=CARTESIAN_POINT('',(1.23999999999995,17.325000000018,14.6999999999999));
#6359=CARTESIAN_POINT('',(1.23999999999995,28.4000000000011,14.6999999999999));
#6360=VECTOR('',#7446,1.0);
#6361=CARTESIAN_POINT('',(8.74000000000017,17.3250000000176,14.6999999999999));
#6362=CARTESIAN_POINT('',(1.38000106361712,17.325000000018,14.6999999999999));
#6363=VECTOR('',#7447,1.0);
#6364=CARTESIAN_POINT('',(8.74000000000017,28.4000000000011,14.6999999999999));
#6365=VECTOR('',#7448,1.0);
#6366=CARTESIAN_POINT('',(7.5799999999973,28.4000000000011,14.6999999999999));
#6367=VECTOR('',#7449,1.0);
#6368=CARTESIAN_POINT('',(1.38000106361712,15.2250000000006,14.6999999999999));
#6369=VECTOR('',#7450,1.0);
#6370=CARTESIAN_POINT('',(1.23999999999995,17.325000000018,4.99999999999997));
#6371=CARTESIAN_POINT('',(1.23999999999995,17.325000000018,14.5500200620663));
#6372=VECTOR('',#7451,1.0);
#6373=CARTESIAN_POINT('',(1.38000106361712,17.325000000018,4.99999999999997));
#6374=VECTOR('',#7452,1.0);
#6375=CARTESIAN_POINT('',(1.38000106361712,17.325000000018,4.99999999999997));
#6376=VECTOR('',#7453,1.0);
#6377=CARTESIAN_POINT('',(8.74000000000017,17.3250000000176,14.5500200620663));
#6378=VECTOR('',#7454,1.0);
#6379=CARTESIAN_POINT('',(1.88000106361706,17.2400000000022,4.99999999999997));
#6380=CARTESIAN_POINT('',(1.88000106361706,17.2400000000022,1.1));
#6381=CARTESIAN_POINT('',(1.88000106361706,17.2400000000022,0.0));
#6382=VECTOR('',#7455,1.0);
#6383=CARTESIAN_POINT('',(1.88000106361706,15.2250000000006,4.99999999999997));
#6384=CARTESIAN_POINT('',(1.88000106361706,16.0490183872352,4.99999999999997));
#6385=VECTOR('',#7456,1.0);
#6386=CARTESIAN_POINT('',(1.88000106361706,28.4000000000011,4.99999999999997));
#6387=VECTOR('',#7457,1.0);
#6388=CARTESIAN_POINT('',(1.88000106361706,16.0490183872352,4.99999999999997));
#6389=VECTOR('',#7458,1.0);
#6390=CARTESIAN_POINT('',(1.88000106361706,6.0400000000025,4.99999999999997));
#6391=CARTESIAN_POINT('',(1.88000106361706,28.4000000000011,4.99999999999997));
#6392=VECTOR('',#7459,1.0);
#6393=CARTESIAN_POINT('',(1.88000106361706,6.0400000000025,1.1));
#6394=CARTESIAN_POINT('',(1.88000106361706,6.0400000000025,0.0));
#6395=VECTOR('',#7460,1.0);
#6396=CARTESIAN_POINT('',(1.88000106361706,16.0490183872352,1.1));
#6397=VECTOR('',#7461,1.0);
#6398=CARTESIAN_POINT('',(9.86000000000001,0.499999999999702,17.9000000000003));
#6399=CARTESIAN_POINT('',(9.86000000000001,28.4000000000011,17.9000000000003));
#6400=VECTOR('',#7462,1.0);
#6401=CARTESIAN_POINT('',(9.86000000000001,-2.98427949019242E-13,17.4000000000003));
#6402=AXIS2_PLACEMENT_3D('',#7463,#7464,#7465);
#6403=CARTESIAN_POINT('',(9.86000000000001,0.0,0.999999999999801));
#6404=CARTESIAN_POINT('',(9.86000000000001,0.0,14.5500200620663));
#6405=VECTOR('',#7466,1.0);
#6406=CARTESIAN_POINT('',(9.86000000000001,28.4000000000011,0.999999999999801));
#6407=VECTOR('',#7467,1.0);
#6408=CARTESIAN_POINT('',(-0.64499999999999,14.7208749999991,15.5));
#6409=VECTOR('',#7468,1.0);
#6410=CARTESIAN_POINT('',(3.66526092726533,9.6818204225614,15.5));
#6411=VECTOR('',#7469,1.0);
#6412=CARTESIAN_POINT('',(2.2300000000002,28.4000000000011,13.299999999997));
#6413=VECTOR('',#7470,1.0);
#6414=CARTESIAN_POINT('',(2.2300000000002,28.4000000000011,7.29999999999989));
#6415=VECTOR('',#7471,1.0);
#6416=CARTESIAN_POINT('',(2.2300000000002,6.0400000000025,4.99999999999997));
#6417=CARTESIAN_POINT('',(2.2300000000002,28.4000000000011,4.99999999999997));
#6418=VECTOR('',#7472,1.0);
#6419=CARTESIAN_POINT('',(2.2300000000002,28.4000000000011,4.99999999999997));
#6420=VECTOR('',#7473,1.0);
#6421=CARTESIAN_POINT('',(1.38000106361712,4.7499999999999,7.29999999999989));
#6422=VECTOR('',#7474,1.0);
#6423=CARTESIAN_POINT('',(1.23999999999995,15.2250000000006,4.99999999999997));
#6424=CARTESIAN_POINT('',(1.23999999999995,15.2250000000006,14.5500200620663));
#6425=VECTOR('',#7475,1.0);
#6426=CARTESIAN_POINT('',(1.23999999999995,28.4000000000011,4.99999999999997));
#6427=VECTOR('',#7476,1.0);
#6428=CARTESIAN_POINT('',(1.23999999999995,5.45,4.99999999999997));
#6429=CARTESIAN_POINT('',(1.23999999999995,28.4000000000011,4.99999999999997));
#6430=VECTOR('',#7477,1.0);
#6431=CARTESIAN_POINT('',(1.23999999999995,5.45,0.5));
#6432=CARTESIAN_POINT('',(1.23999999999995,5.45,14.5500200620663));
#6433=VECTOR('',#7478,1.0);
#6434=CARTESIAN_POINT('',(1.23999999999995,5.0113248654051,0.5));
#6435=CARTESIAN_POINT('',(1.23999999999995,18.2886751346124,0.5));
#6436=VECTOR('',#7479,1.0);
#6437=CARTESIAN_POINT('',(1.23999999999995,5.0113248654051,0.0));
#6438=VECTOR('',#7480,1.0);
#6439=CARTESIAN_POINT('',(1.23999999999995,18.2886751346124,0.5));
#6440=CARTESIAN_POINT('',(1.23999999999995,18.2886751346124,0.0));
#6441=VECTOR('',#7481,1.0);
#6442=CARTESIAN_POINT('',(1.23999999999995,18.0000000000176,0.5));
#6443=CARTESIAN_POINT('',(1.23999999999995,18.2886751346124,0.5));
#6444=VECTOR('',#7482,1.0);
#6445=CARTESIAN_POINT('',(1.23999999999995,18.0000000000176,4.99999999999997));
#6446=CARTESIAN_POINT('',(1.23999999999995,18.0000000000176,14.5500200620663));
#6447=VECTOR('',#7483,1.0);
#6448=CARTESIAN_POINT('',(1.23999999999995,28.4000000000011,4.99999999999997));
#6449=VECTOR('',#7484,1.0);
#6450=CARTESIAN_POINT('',(5.56457351945723,4.5,14.5500200620663));
#6451=VECTOR('',#7485,1.0);
#6452=AXIS2_PLACEMENT_3D('',#7486,#7487,#7488);
#6453=AXIS2_PLACEMENT_3D('',#7489,#7490,#7491);
#6454=CARTESIAN_POINT('',(1.23999999999995,4.5,0.999999999999801));
#6455=CARTESIAN_POINT('',(1.23999999999995,4.5,14.5500200620663));
#6456=VECTOR('',#7492,1.0);
#6457=AXIS2_PLACEMENT_3D('',#7493,#7494,#7495);
#6458=CARTESIAN_POINT('',(5.88000106361706,4.5,2.6));
#6459=CARTESIAN_POINT('',(5.88000106361706,4.5,1.2124355652982));
#6460=CARTESIAN_POINT('',(5.88000106361706,4.5,14.5500200620663));
#6461=VECTOR('',#7496,1.0);
#6462=CARTESIAN_POINT('',(4.08000106361706,4.5,1.2124355652982));
#6463=CARTESIAN_POINT('',(1.38000106361712,4.5,1.2124355652982));
#6464=VECTOR('',#7497,1.0);
#6465=CARTESIAN_POINT('',(4.08000106361706,4.5,2.6));
#6466=CARTESIAN_POINT('',(4.08000106361706,4.5,14.5500200620663));
#6467=VECTOR('',#7498,1.0);
#6468=CARTESIAN_POINT('',(1.38000106361712,4.5,2.6));
#6469=VECTOR('',#7499,1.0);
#6470=CARTESIAN_POINT('',(1.38000106361712,15.2250000000006,4.99999999999997));
#6471=VECTOR('',#7500,1.0);
#6472=CARTESIAN_POINT('',(1.38000106361712,15.2250000000006,4.99999999999997));
#6473=VECTOR('',#7501,1.0);
#6474=CARTESIAN_POINT('',(1.38000106361712,15.2250000000006,4.99999999999997));
#6475=VECTOR('',#7502,1.0);
#6476=CARTESIAN_POINT('',(1.23999999999995,0.0,0.999999999999801));
#6477=CARTESIAN_POINT('',(1.23999999999995,28.4000000000011,0.999999999999801));
#6478=VECTOR('',#7503,1.0);
#6479=CARTESIAN_POINT('',(1.23999999999995,0.0,14.5500200620663));
#6480=VECTOR('',#7504,1.0);
#6481=CARTESIAN_POINT('',(9.23,3.1999999999999,0.700000000000001));
#6482=CARTESIAN_POINT('',(9.23,3.1999999999999,14.5500200620663));
#6483=VECTOR('',#7505,1.0);
#6484=CARTESIAN_POINT('',(1.38000106361712,3.1999999999999,0.700000000000001));
#6485=VECTOR('',#7506,1.0);
#6486=CARTESIAN_POINT('',(0.20000000000001,-2.98427949019242E-13,17.4000000000003));
#6487=CARTESIAN_POINT('',(0.20000000000001,0.0,14.5500200620663));
#6488=VECTOR('',#7507,1.0);
#6489=CARTESIAN_POINT('',(0.20000000000001,0.499999999999702,17.9000000000003));
#6490=AXIS2_PLACEMENT_3D('',#7508,#7509,#7510);
#6491=CARTESIAN_POINT('',(0.20000000000001,28.4000000000011,17.9000000000003));
#6492=VECTOR('',#7511,1.0);
#6493=CARTESIAN_POINT('',(1.38000106361712,18.0000000000176,0.5));
#6494=VECTOR('',#7512,1.0);
#6495=CARTESIAN_POINT('',(1.38000106361712,18.0000000000176,4.99999999999997));
#6496=VECTOR('',#7513,1.0);
#6497=CARTESIAN_POINT('',(0.19999400000001,-2.98427949019242E-13,17.4000000000003));
#6498=VECTOR('',#7514,1.0);
#6499=CARTESIAN_POINT('',(1.38000106361712,0.499999999999702,17.9000000000003));
#6500=VECTOR('',#7515,1.0);
#6501=CARTESIAN_POINT('',(1.00000000000001,4.45,17.9000000000003));
#6502=CARTESIAN_POINT('',(1.00000000000001,28.4000000000011,17.9000000000003));
#6503=VECTOR('',#7516,1.0);
#6504=CARTESIAN_POINT('',(1.00000000000001,4.45,14.5500200620663));
#6505=VECTOR('',#7517,1.0);
#6506=CARTESIAN_POINT('',(1.38000106361712,2.3066524673757,5.09999999999997));
#6507=VECTOR('',#7518,1.0);
#6508=CARTESIAN_POINT('',(1.38000106361712,13.7395000000004,15.5));
#6509=VECTOR('',#7519,1.0);
#6510=CARTESIAN_POINT('',(8.74000000000017,-9.9475983006414E-14,14.5500200620663));
#6511=VECTOR('',#7520,1.0);
#6512=CARTESIAN_POINT('',(1.38000106361712,0.0,0.999999999999801));
#6513=VECTOR('',#7521,1.0);
#6514=CARTESIAN_POINT('',(1.23999999999995,-9.9475983006414E-14,14.5500200620663));
#6515=VECTOR('',#7522,1.0);
#6516=AXIS2_PLACEMENT_3D('',#7523,#7524,#7525);
#6517=AXIS2_PLACEMENT_3D('',#7526,#7527,#7528);
#6518=CARTESIAN_POINT('',(1.38000106361712,0.0,5.09999999999997));
#6519=VECTOR('',#7529,1.0);
#6520=CARTESIAN_POINT('',(1.38000106361712,18.5000000000176,1.2928203230275));
#6521=VECTOR('',#7530,1.0);
#6522=CARTESIAN_POINT('',(9.23,18.7000000000176,14.5500200620663));
#6523=VECTOR('',#7531,1.0);
#6524=CARTESIAN_POINT('',(9.23,6.549499999999,0.700000000000001));
#6525=CARTESIAN_POINT('',(9.23,28.4000000000011,0.700000000000001));
#6526=VECTOR('',#7532,1.0);
#6527=CARTESIAN_POINT('',(9.23,6.549499999999,15.5));
#6528=CARTESIAN_POINT('',(9.23,6.549499999999,0.700000000000001));
#6529=VECTOR('',#7533,1.0);
#6530=CARTESIAN_POINT('',(9.23,15.0107017260628,15.5));
#6531=VECTOR('',#7534,1.0);
#6532=CARTESIAN_POINT('',(9.23,28.4000000000011,0.700000000000001));
#6533=VECTOR('',#7535,1.0);
#6534=CARTESIAN_POINT('',(1.38000106361712,5.45,0.5));
#6535=VECTOR('',#7536,1.0);
#6536=CARTESIAN_POINT('',(1.38000106361712,5.45,4.99999999999997));
#6537=VECTOR('',#7537,1.0);
#6538=CARTESIAN_POINT('',(8.08000106361706,28.4000000000011,4.99999999999997));
#6539=VECTOR('',#7538,1.0);
#6540=CARTESIAN_POINT('',(7.5799999999973,28.4000000000011,4.99999999999997));
#6541=VECTOR('',#7539,1.0);
#6542=CARTESIAN_POINT('',(8.08000106361706,6.0400000000025,1.1));
#6543=CARTESIAN_POINT('',(8.08000106361706,17.2400000000022,1.1));
#6544=CARTESIAN_POINT('',(8.08000106361706,16.0490183872352,1.1));
#6545=VECTOR('',#7540,1.0);
#6546=CARTESIAN_POINT('',(8.08000106361706,6.0400000000025,0.0));
#6547=VECTOR('',#7541,1.0);
#6548=CARTESIAN_POINT('',(8.08000106361706,16.0490183872352,4.99999999999997));
#6549=VECTOR('',#7542,1.0);
#6550=CARTESIAN_POINT('',(8.08000106361706,17.2400000000022,4.99999999999997));
#6551=CARTESIAN_POINT('',(8.08000106361706,16.0490183872352,4.99999999999997));
#6552=VECTOR('',#7543,1.0);
#6553=CARTESIAN_POINT('',(8.08000106361706,17.2400000000022,0.0));
#6554=VECTOR('',#7544,1.0);
#6555=CARTESIAN_POINT('',(1.38000106361712,4.7499999999999,13.2999999999996));
#6556=VECTOR('',#7545,1.0);
#6557=CARTESIAN_POINT('',(0.400000000000008,18.7000000000176,0.700000000000001));
#6558=CARTESIAN_POINT('',(0.400000000000008,28.4000000000011,0.700000000000001));
#6559=VECTOR('',#7546,1.0);
#6560=CARTESIAN_POINT('',(0.400000000000008,18.7000000000176,14.5500200620663));
#6561=VECTOR('',#7547,1.0);
#6562=CARTESIAN_POINT('',(-0.64499999999999,13.379124999999,15.5));
#6563=VECTOR('',#7548,1.0);
#6564=CARTESIAN_POINT('',(4.98000000000001,6.150000000002,29.5));
#6565=AXIS2_PLACEMENT_3D('',#7549,#7550,#7551);
#6566=CARTESIAN_POINT('',(1.08,10.050000000002,29.4999999999994));
#6567=AXIS2_PLACEMENT_3D('',#7552,#7553,#7554);
#6568=CARTESIAN_POINT('',(4.98000000000001,13.950000000002,29.4999999999988));
#6569=AXIS2_PLACEMENT_3D('',#7555,#7556,#7557);
#6570=AXIS2_PLACEMENT_3D('',#7558,#7559,#7560);
#6571=CARTESIAN_POINT('',(1.38000106361712,4.45,17.9000000000003));
#6572=VECTOR('',#7561,1.0);
#6573=CARTESIAN_POINT('',(8.88000000000001,10.050000000002,29.4999999999994));
#6574=AXIS2_PLACEMENT_3D('',#7562,#7563,#7564);
#6575=CARTESIAN_POINT('',(8.88000000000001,10.0500000000022,30.5999999999994));
#6576=CARTESIAN_POINT('',(8.88000000000001,10.0500000000022,30.7999999999994));
#6577=VECTOR('',#7565,1.0);
#6578=CARTESIAN_POINT('',(4.98000000000001,6.1500000000019,30.6));
#6579=AXIS2_PLACEMENT_3D('',#7566,#7567,#7568);
#6580=CARTESIAN_POINT('',(1.08,10.0500000000022,30.5999999999994));
#6581=AXIS2_PLACEMENT_3D('',#7569,#7570,#7571);
#6582=CARTESIAN_POINT('',(1.08,10.0500000000022,30.7999999999994));
#6583=VECTOR('',#7572,1.0);
#6584=AXIS2_PLACEMENT_3D('',#7573,#7574,#7575);
#6585=AXIS2_PLACEMENT_3D('',#7576,#7577,#7578);
#6586=CARTESIAN_POINT('',(6.43059892324167,4.0,14.5500200620663));
#6587=VECTOR('',#7579,1.0);
#6588=CARTESIAN_POINT('',(4.98000000000001,13.9500000000019,30.5999999999988));
#6589=AXIS2_PLACEMENT_3D('',#7580,#7581,#7582);
#6590=AXIS2_PLACEMENT_3D('',#7583,#7584,#7585);
#6591=AXIS2_PLACEMENT_3D('',#7586,#7587,#7588);
#6592=CARTESIAN_POINT('',(10.160006,6.3999999999997,22.7999999999984));
#6593=VECTOR('',#7589,1.0);
#6594=CARTESIAN_POINT('',(1.38000106361712,16.05,20.7999999999995));
#6595=VECTOR('',#7590,1.0);
#6596=CARTESIAN_POINT('',(8.74000000000017,18.2886751346124,0.5));
#6597=CARTESIAN_POINT('',(8.74000000000017,18.2886751346124,0.5));
#6598=VECTOR('',#7591,1.0);
#6599=CARTESIAN_POINT('',(8.74000000000017,18.0000000000176,0.5));
#6600=CARTESIAN_POINT('',(8.74000000000017,5.0113248654051,0.5));
#6601=VECTOR('',#7592,1.0);
#6602=CARTESIAN_POINT('',(8.68000106361706,18.0000000000176,0.5));
#6603=CARTESIAN_POINT('',(1.38000106361712,18.0000000000176,0.5));
#6604=VECTOR('',#7593,1.0);
#6605=CARTESIAN_POINT('',(8.68000106361706,5.45,0.5));
#6606=CARTESIAN_POINT('',(8.68000106361706,28.4000000000011,0.5));
#6607=VECTOR('',#7594,1.0);
#6608=CARTESIAN_POINT('',(8.74000000000017,5.45,0.5));
#6609=CARTESIAN_POINT('',(1.38000106361712,5.45,0.5));
#6610=VECTOR('',#7595,1.0);
#6611=CARTESIAN_POINT('',(8.74000000000017,5.0113248654051,0.5));
#6612=CARTESIAN_POINT('',(8.74000000000017,5.0113248654051,0.5));
#6613=VECTOR('',#7596,1.0);
#6614=CARTESIAN_POINT('',(1.23999999999995,5.0113248654051,0.5));
#6615=VECTOR('',#7597,1.0);
#6616=CARTESIAN_POINT('',(5.88000106361706,4.6999999999999,1.2660254037844));
#6617=CARTESIAN_POINT('',(4.08000106361706,4.6999999999999,1.2660254037844));
#6618=CARTESIAN_POINT('',(1.38000106361712,4.6999999999999,1.2660254037844));
#6619=VECTOR('',#7598,1.0);
#6620=CARTESIAN_POINT('',(4.08000106361706,28.4000000000011,7.61642126440232));
#6621=VECTOR('',#7599,1.0);
#6622=CARTESIAN_POINT('',(5.88000106361706,28.4000000000011,7.61642126440232));
#6623=VECTOR('',#7600,1.0);
#6624=CARTESIAN_POINT('',(8.74000000000017,18.0000000000176,14.5500200620663));
#6625=VECTOR('',#7601,1.0);
#6626=CARTESIAN_POINT('',(8.74000000000017,18.2886751346124,0.0));
#6627=VECTOR('',#7602,1.0);
#6628=CARTESIAN_POINT('',(8.74000000000017,5.0113248654051,0.0));
#6629=VECTOR('',#7603,1.0);
#6630=CARTESIAN_POINT('',(8.74000000000017,5.45,4.99999999999997));
#6631=CARTESIAN_POINT('',(8.74000000000017,5.45,14.5500200620663));
#6632=VECTOR('',#7604,1.0);
#6633=CARTESIAN_POINT('',(8.74000000000017,28.4000000000011,4.99999999999997));
#6634=VECTOR('',#7605,1.0);
#6635=AXIS2_PLACEMENT_3D('',#7606,#7607,#7608);
#6636=CARTESIAN_POINT('',(8.68000106361706,5.45,4.99999999999997));
#6637=CARTESIAN_POINT('',(8.68000106361706,5.45,14.5500200620663));
#6638=VECTOR('',#7609,1.0);
#6639=CARTESIAN_POINT('',(1.38000106361712,5.45,4.99999999999997));
#6640=VECTOR('',#7610,1.0);
#6641=CARTESIAN_POINT('',(4.98000000000001,7.4500000000019,27.0809401076738));
#6642=VECTOR('',#7611,1.0);
#6643=CARTESIAN_POINT('',(4.98000000000001,12.6500000000019,27.0809401076739));
#6644=VECTOR('',#7612,1.0);
#6645=CARTESIAN_POINT('',(1.38000106361712,18.7000000000176,1.2392304845413));
#6646=VECTOR('',#7613,1.0);
#6647=CARTESIAN_POINT('',(9.89391494972431,13.5849999999991,0.700000000000001));
#6648=CARTESIAN_POINT('',(1.38000106361712,13.5849999999991,0.700000000000001));
#6649=VECTOR('',#7614,1.0);
#6650=CARTESIAN_POINT('',(9.89391494972431,13.5849999999991,0.700000000000001));
#6651=VECTOR('',#7615,1.0);
#6652=CARTESIAN_POINT('',(1.38000106361712,18.7000000000176,0.700000000000001));
#6653=VECTOR('',#7616,1.0);
#6654=CARTESIAN_POINT('',(1.38000106361712,18.7000000000176,18.2500000000342));
#6655=VECTOR('',#7617,1.0);
#6656=CARTESIAN_POINT('',(9.89391494972442,6.214999999999,0.700000000000001));
#6657=CARTESIAN_POINT('',(1.38000106361712,6.214999999999,0.700000000000001));
#6658=VECTOR('',#7618,1.0);
#6659=CARTESIAN_POINT('',(9.49608505027551,6.549499999999,0.700000000000001));
#6660=CARTESIAN_POINT('',(1.38000106361712,13.3735976791762,0.700000000000001));
#6661=VECTOR('',#7619,1.0);
#6662=CARTESIAN_POINT('',(1.38000106361712,6.549499999999,0.700000000000001));
#6663=VECTOR('',#7620,1.0);
#6664=CARTESIAN_POINT('',(1.38000106361712,6.4264023208196,0.700000000000001));
#6665=VECTOR('',#7621,1.0);
#6666=CARTESIAN_POINT('',(1.38000106361712,5.2849999999992,0.700000000000001));
#6667=VECTOR('',#7622,1.0);
#6668=CARTESIAN_POINT('',(9.96499999999999,5.2849999999992,15.5));
#6669=VECTOR('',#7623,1.0);
#6670=CARTESIAN_POINT('',(9.49608505027551,6.549499999999,15.5));
#6671=CARTESIAN_POINT('',(9.4249999999999,6.549499999999,15.5));
#6672=VECTOR('',#7624,1.0);
#6673=CARTESIAN_POINT('',(9.89391494972442,6.214999999999,15.5));
#6674=CARTESIAN_POINT('',(9.83950653500079,6.2607472270181,15.5));
#6675=VECTOR('',#7625,1.0);
#6676=CARTESIAN_POINT('',(9.96499999999999,6.214999999999,15.5));
#6677=VECTOR('',#7626,1.0);
#6678=CARTESIAN_POINT('',(9.89391494972442,6.214999999999,0.700000000000001));
#6679=VECTOR('',#7627,1.0);
#6680=CARTESIAN_POINT('',(9.49608505027551,6.549499999999,0.700000000000001));
#6681=VECTOR('',#7628,1.0);
#6682=CARTESIAN_POINT('',(1.38000106361712,6.0400000000025,4.99999999999997));
#6683=VECTOR('',#7629,1.0);
#6684=CARTESIAN_POINT('',(8.68000106361706,16.0490183872352,4.99999999999997));
#6685=VECTOR('',#7630,1.0);
#6686=CARTESIAN_POINT('',(0.398457504443222,17.2400000000022,1.1));
#6687=VECTOR('',#7631,1.0);
#6688=CARTESIAN_POINT('',(6.38000106361706,17.2400000000022,4.99999999999997));
#6689=VECTOR('',#7632,1.0);
#6690=CARTESIAN_POINT('',(8.68000106361706,28.4000000000011,4.99999999999997));
#6691=VECTOR('',#7633,1.0);
#6692=CARTESIAN_POINT('',(0.39845750444322,6.0400000000025,1.1));
#6693=VECTOR('',#7634,1.0);
#6694=CARTESIAN_POINT('',(0.39845750444322,6.0400000000025,4.99999999999997));
#6695=VECTOR('',#7635,1.0);
#6696=CARTESIAN_POINT('',(8.68000106361706,18.0000000000176,14.5500200620663));
#6697=VECTOR('',#7636,1.0);
#6698=CARTESIAN_POINT('',(8.68000106361706,16.0490183872352,4.99999999999997));
#6699=VECTOR('',#7637,1.0);
#6700=CARTESIAN_POINT('',(5.88000106361706,4.6999999999999,2.6));
#6701=CARTESIAN_POINT('',(5.88000106361706,28.4000000000011,2.6));
#6702=VECTOR('',#7638,1.0);
#6703=CARTESIAN_POINT('',(5.88000106361706,4.6999999999999,14.5500200620663));
#6704=VECTOR('',#7639,1.0);
#6705=CARTESIAN_POINT('',(4.08000106361706,4.6999999999999,2.6));
#6706=CARTESIAN_POINT('',(4.08000106361706,4.6999999999999,14.5500200620663));
#6707=VECTOR('',#7640,1.0);
#6708=CARTESIAN_POINT('',(4.08000106361706,28.4000000000011,2.6));
#6709=VECTOR('',#7641,1.0);
#6710=CARTESIAN_POINT('',(1.38000106361712,4.6999999999999,2.6));
#6711=VECTOR('',#7642,1.0);
#6712=AXIS2_PLACEMENT_3D('',#7643,#7644,#7645);
#6713=AXIS2_PLACEMENT_3D('',#7646,#7647,#7648);
#6714=CARTESIAN_POINT('',(8.58,6.425000000002,6.3732616839472));
#6715=CARTESIAN_POINT('',(8.58,13.675000000002,6.3732616839472));
#6716=CARTESIAN_POINT('',(8.58,10.050000000002,6.3732616839472));
#6717=VECTOR('',#7649,1.0);
#6718=CARTESIAN_POINT('',(8.08,6.425000000002,5.8732616839472));
#6719=CARTESIAN_POINT('',(17.08,6.425000000002,14.8732616839472));
#6720=VECTOR('',#7650,1.0);
#6721=CARTESIAN_POINT('',(8.08,13.675000000002,5.8732616839472));
#6722=CARTESIAN_POINT('',(8.08,10.050000000002,5.8732616839472));
#6723=VECTOR('',#7651,1.0);
#6724=CARTESIAN_POINT('',(17.08,13.675000000002,14.8732616839472));
#6725=VECTOR('',#7652,1.0);
#6726=CARTESIAN_POINT('',(8.58,13.675000000002,17.3732616839472));
#6727=CARTESIAN_POINT('',(8.58,13.675000000002,6.27326168394721));
#6728=VECTOR('',#7653,1.0);
#6729=CARTESIAN_POINT('',(8.58,6.425000000002,17.3732616839472));
#6730=CARTESIAN_POINT('',(8.58,10.050000000002,17.3732616839472));
#6731=VECTOR('',#7654,1.0);
#6732=CARTESIAN_POINT('',(8.58,6.425000000002,6.27326168394721));
#6733=VECTOR('',#7655,1.0);
#6734=CARTESIAN_POINT('',(2.98,10.050000000002,14.8732616839472));
#6735=CARTESIAN_POINT('',(6.98,10.050000000002,14.8732616839472));
#6736=AXIS2_PLACEMENT_3D('',#7656,#7657,#7658);
#6737=CARTESIAN_POINT('',(6.98,10.050000000002,17.8732616839472));
#6738=CARTESIAN_POINT('',(6.98,10.050000000002,14.0612951839472));
#6739=VECTOR('',#7659,1.0);
#6740=CARTESIAN_POINT('',(2.98,10.050000000002,17.8732616839472));
#6741=AXIS2_PLACEMENT_3D('',#7660,#7661,#7662);
#6742=CARTESIAN_POINT('',(2.98,10.050000000002,14.0612951839472));
#6743=VECTOR('',#7663,1.0);
#6744=CARTESIAN_POINT('',(1.88,6.425000000002,5.8732616839472));
#6745=CARTESIAN_POINT('',(-14.3835651084728,6.425000000002,5.8732616839472));
#6746=VECTOR('',#7664,1.0);
#6747=CARTESIAN_POINT('',(8.08,6.425000000002,17.8732616839472));
#6748=CARTESIAN_POINT('',(11.08,6.425000000002,14.8732616839472));
#6749=VECTOR('',#7665,1.0);
#6750=CARTESIAN_POINT('',(1.8800000000001,6.425000000002,17.8732616839472));
#6751=CARTESIAN_POINT('',(1.8800000000001,6.425000000002,17.8732616839472));
#6752=VECTOR('',#7666,1.0);
#6753=CARTESIAN_POINT('',(1.3800000000001,6.425000000002,17.3732616839472));
#6754=CARTESIAN_POINT('',(-14.3835651084728,6.425000000002,1.6096965754744));
#6755=VECTOR('',#7667,1.0);
#6756=CARTESIAN_POINT('',(1.38,6.425000000002,6.3732616839472));
#6757=CARTESIAN_POINT('',(1.38,6.425000000002,6.27326168394721));
#6758=VECTOR('',#7668,1.0);
#6759=CARTESIAN_POINT('',(-7.11999999999994,6.425000000002,14.8732616839472));
#6760=VECTOR('',#7669,1.0);
#6761=CARTESIAN_POINT('',(7.6800021272342,6.425000000002,14.8732616839472));
#6762=CARTESIAN_POINT('',(2.28,6.425000000002,14.8732616839472));
#6763=CARTESIAN_POINT('',(-14.3835651084728,6.425000000002,14.8732616839472));
#6764=VECTOR('',#7670,1.0);
#6765=CARTESIAN_POINT('',(7.6800021272342,6.425000000002,7.3732616839472));
#6766=CARTESIAN_POINT('',(7.6800021272342,6.425000000002,14.8732616839472));
#6767=VECTOR('',#7671,1.0);
#6768=CARTESIAN_POINT('',(2.28,6.425000000002,7.3732616839472));
#6769=CARTESIAN_POINT('',(-14.3835651084728,6.425000000002,7.3732616839472));
#6770=VECTOR('',#7672,1.0);
#6771=CARTESIAN_POINT('',(2.28,6.425000000002,14.8732616839472));
#6772=VECTOR('',#7673,1.0);
#6773=CARTESIAN_POINT('',(1.88,13.675000000002,5.8732616839472));
#6774=CARTESIAN_POINT('',(1.88,10.050000000002,5.8732616839472));
#6775=VECTOR('',#7674,1.0);
#6776=CARTESIAN_POINT('',(-14.3835651084728,13.675000000002,5.8732616839472));
#6777=VECTOR('',#7675,1.0);
#6778=CARTESIAN_POINT('',(8.08,13.675000000002,17.8732616839472));
#6779=CARTESIAN_POINT('',(8.08,10.050000000002,17.8732616839472));
#6780=VECTOR('',#7676,1.0);
#6781=CARTESIAN_POINT('',(1.8800000000001,13.675000000002,17.8732616839472));
#6782=CARTESIAN_POINT('',(1.8800000000001,13.675000000002,17.8732616839472));
#6783=VECTOR('',#7677,1.0);
#6784=CARTESIAN_POINT('',(1.8800000000001,10.050000000002,17.8732616839472));
#6785=VECTOR('',#7678,1.0);
#6786=AXIS2_PLACEMENT_3D('',#7679,#7680,#7681);
#6787=CARTESIAN_POINT('',(1.3800000000001,13.675000000002,17.3732616839472));
#6788=CARTESIAN_POINT('',(1.3800000000001,10.050000000002,17.3732616839472));
#6789=VECTOR('',#7682,1.0);
#6790=CARTESIAN_POINT('',(1.38,13.675000000002,6.3732616839472));
#6791=CARTESIAN_POINT('',(1.38,13.675000000002,6.27326168394721));
#6792=VECTOR('',#7683,1.0);
#6793=CARTESIAN_POINT('',(1.38,10.050000000002,6.3732616839472));
#6794=VECTOR('',#7684,1.0);
#6795=CARTESIAN_POINT('',(-14.3835651084728,13.675000000002,1.6096965754744));
#6796=VECTOR('',#7685,1.0);
#6797=CARTESIAN_POINT('',(11.08,13.675000000002,14.8732616839472));
#6798=VECTOR('',#7686,1.0);
#6799=CARTESIAN_POINT('',(-7.11999999999994,13.675000000002,14.8732616839472));
#6800=VECTOR('',#7687,1.0);
#6801=AXIS2_PLACEMENT_3D('',#7688,#7689,#7690);
#6802=CARTESIAN_POINT('',(2.28,13.675000000002,14.8732616839472));
#6803=CARTESIAN_POINT('',(2.28,10.050000000002,14.8732616839472));
#6804=VECTOR('',#7691,1.0);
#6805=CARTESIAN_POINT('',(7.6800021272342,13.675000000002,14.8732616839472));
#6806=CARTESIAN_POINT('',(-14.3835651084728,13.675000000002,14.8732616839472));
#6807=VECTOR('',#7692,1.0);
#6808=CARTESIAN_POINT('',(7.6800021272342,10.050000000002,14.8732616839472));
#6809=VECTOR('',#7693,1.0);
#6810=CARTESIAN_POINT('',(2.28,13.675000000002,7.3732616839472));
#6811=CARTESIAN_POINT('',(7.6800021272342,13.675000000002,7.3732616839472));
#6812=CARTESIAN_POINT('',(-14.3835651084728,13.675000000002,7.3732616839472));
#6813=VECTOR('',#7694,1.0);
#6814=CARTESIAN_POINT('',(2.28,10.050000000002,7.3732616839472));
#6815=VECTOR('',#7695,1.0);
#6816=CARTESIAN_POINT('',(7.6800021272342,10.050000000002,7.3732616839472));
#6817=VECTOR('',#7696,1.0);
#6818=CARTESIAN_POINT('',(2.28,13.675000000002,14.8732616839472));
#6819=VECTOR('',#7697,1.0);
#6820=CARTESIAN_POINT('',(7.6800021272342,13.675000000002,14.8732616839472));
#6821=VECTOR('',#7698,1.0);
#6822=CARTESIAN_POINT('',(4.98,7.5478340452054,26.9732616839472));
#6823=CARTESIAN_POINT('',(2.8650648416182,11.3871176990786,26.9732616839472));
#6824=AXIS2_PLACEMENT_3D('',#7699,#7700,#7701);
#6825=CARTESIAN_POINT('',(6.3171176990766,7.9350648416202,26.9732616839472));
#6826=AXIS2_PLACEMENT_3D('',#7702,#7703,#7704);
#6827=CARTESIAN_POINT('',(4.98,9.2721825406968,26.9732616839472));
#6828=VECTOR('',#7705,1.0);
#6829=CARTESIAN_POINT('',(4.98,8.050000000002,14.8732616839472));
#6830=CARTESIAN_POINT('',(4.98,12.050000000002,14.8732616839472));
#6831=AXIS2_PLACEMENT_3D('',#7706,#7707,#7708);
#6832=AXIS2_PLACEMENT_3D('',#7709,#7710,#7711);
#6833=CARTESIAN_POINT('',(7.0949351583818,8.7128823009254,25.7732616839472));
#6834=CARTESIAN_POINT('',(6.3171176990766,7.9350648416202,25.7732616839472));
#6835=AXIS2_PLACEMENT_3D('',#7712,#7713,#7714);
#6836=CARTESIAN_POINT('',(3.6428823009234,12.1649351583838,25.7732616839472));
#6837=CARTESIAN_POINT('',(4.98,10.8278174593072,25.7732616839472));
#6838=VECTOR('',#7715,1.0);
#6839=CARTESIAN_POINT('',(2.8650648416182,11.3871176990786,25.7732616839472));
#6840=AXIS2_PLACEMENT_3D('',#7716,#7717,#7718);
#6841=CARTESIAN_POINT('',(4.98,9.2721825406968,25.7732616839472));
#6842=VECTOR('',#7719,1.0);
#6843=CARTESIAN_POINT('',(2.8650648416182,11.3871176990786,25.961947737848));
#6844=VECTOR('',#7720,1.0);
#6845=CARTESIAN_POINT('',(6.3171176990766,7.9350648416202,25.961947737848));
#6846=VECTOR('',#7721,1.0);
#6847=CARTESIAN_POINT('',(4.98,12.5521659547986,24.746410161512));
#6848=CARTESIAN_POINT('',(4.98,7.5478340452054,24.746410161512));
#6849=AXIS2_PLACEMENT_3D('',#7722,#7723,#7724);
#6850=AXIS2_PLACEMENT_3D('',#7725,#7726,#7727);
#6851=CARTESIAN_POINT('',(4.98,12.050000000002,24.746410161512));
#6852=CARTESIAN_POINT('',(4.98,8.050000000002,24.746410161512));
#6853=AXIS2_PLACEMENT_3D('',#7728,#7729,#7730);
#6854=AXIS2_PLACEMENT_3D('',#7731,#7732,#7733);
#6855=CARTESIAN_POINT('',(7.0949351583818,8.7128823009254,26.9732616839472));
#6856=CARTESIAN_POINT('',(3.6428823009234,12.1649351583838,26.9732616839472));
#6857=CARTESIAN_POINT('',(4.98,10.8278174593072,26.9732616839472));
#6858=VECTOR('',#7734,1.0);
#6859=CARTESIAN_POINT('',(4.98,12.5521659547986,26.9732616839472));
#6860=AXIS2_PLACEMENT_3D('',#7735,#7736,#7737);
#6861=AXIS2_PLACEMENT_3D('',#7738,#7739,#7740);
#6862=CARTESIAN_POINT('',(3.6428823009234,12.1649351583838,25.961947737848));
#6863=VECTOR('',#7741,1.0);
#6864=CARTESIAN_POINT('',(7.0949351583818,8.7128823009254,25.961947737848));
#6865=VECTOR('',#7742,1.0);
#6866=CARTESIAN_POINT('',(4.98,7.5478340452054,25.961947737848));
#6867=VECTOR('',#7743,1.0);
#6868=CARTESIAN_POINT('',(4.98,12.5521659547986,25.961947737848));
#6869=VECTOR('',#7744,1.0);
#6870=CARTESIAN_POINT('',(4.98,8.050000000002,20.2278113118755));
#6871=VECTOR('',#7745,1.0);
#6872=CARTESIAN_POINT('',(4.98,12.050000000002,20.2278113118755));
#6873=VECTOR('',#7746,1.0);
#6874=DIRECTION('',(-1.77635683940025E-13,1.0,3.76058011749498E-30));
#6875=DIRECTION('',(1.0,4.73316543132607E-28,0.0));
#6876=DIRECTION('',(-1.77635683940025E-13,-1.0,-5.16436221042068E-30));
#6877=DIRECTION('',(-1.0,5.04476548888837E-28,0.0));
#6878=DIRECTION('',(5.0443589739788E-28,1.0,-7.65759669075326E-27));
#6879=DIRECTION('',(0.0,7.09930412360436E-14,-1.0));
#6880=DIRECTION('',(3.47553527217433E-28,-1.0,1.67929718729433E-13));
#6881=DIRECTION('',(-0.0,-1.67929718729433E-13,-1.0));
#6882=DIRECTION('',(1.11022302462516E-16,1.67929718729433E-13,1.0));
#6883=DIRECTION('',(-1.17456847358913E-27,1.0,-8.44005957622179E-44));
#6884=DIRECTION('',(1.11022302462516E-16,-7.09930412360436E-14,1.0));
#6885=DIRECTION('',(1.18956770170091E-27,-1.0,1.67929718729433E-13));
#6886=DIRECTION('',(-1.0,0.0,7.105427357601E-15));
#6887=CARTESIAN_POINT('',(7.48000106361694,15.4700000000029,12.8500824536447));
#6888=DIRECTION('',(-1.0,2.42439180678997E-46,7.105427357601E-15));
#6889=DIRECTION('',(4.35081943503005E-31,-1.0,6.12323399573677E-17));
#6890=DIRECTION('',(-1.0,0.0,7.105427357601E-15));
#6891=CARTESIAN_POINT('',(2.4800010636168,15.4700000000029,12.8500824536448));
#6892=DIRECTION('',(-1.0,2.42439180678997E-46,7.105427357601E-15));
#6893=DIRECTION('',(4.35081943503005E-31,-1.0,6.12323399573677E-17));
#6894=DIRECTION('',(1.62961229973114E-13,-0.573576436351038,-0.819152044288998));
#6895=DIRECTION('',(1.0,0.0,-7.105427357601E-15));
#6896=DIRECTION('',(-3.38978033604391E-14,0.573576436351038,0.819152044288998));
#6897=DIRECTION('',(-1.0,0.0,7.105427357601E-15));
#6898=DIRECTION('',(1.19321241761436E-27,-1.0,6.47482842419375E-44));
#6899=DIRECTION('',(1.0,1.19315211914678E-27,0.0));
#6900=DIRECTION('',(3.72291223414445E-14,1.0,4.99788890191767E-31));
#6901=DIRECTION('',(1.0,-5.04476548888837E-28,0.0));
#6902=DIRECTION('',(-0.0,-1.67929718729433E-13,-1.0));
#6903=DIRECTION('',(0.707106781186548,1.1873835248366E-13,0.707106781186548));
#6904=DIRECTION('',(0.216439613938104,1.63938307373712E-13,0.976296007119933));
#6905=DIRECTION('',(0.216439613938103,-1.63938307373712E-13,-0.976296007119933));
#6906=CARTESIAN_POINT('',(5.98000106361671,17.1700000000009,0.449917546349401));
#6907=DIRECTION('',(-4.98105363179491E-28,-1.0,1.67929718729433E-13));
#6908=DIRECTION('',(-7.105427357601E-15,-1.67929718729433E-13,-1.0));
#6909=DIRECTION('',(1.0,1.19315211914678E-27,1.57772181044202E-30));
#6910=CARTESIAN_POINT('',(3.97998723173679,17.1700000000009,0.449917546349401));
#6911=DIRECTION('',(4.98105363179491E-28,1.0,-1.67929718729433E-13));
#6912=DIRECTION('',(7.105427357601E-15,1.67929718729433E-13,1.0));
#6913=DIRECTION('',(0.0,1.67929718729433E-13,1.0));
#6914=DIRECTION('',(-0.216439613938103,-1.63938307373712E-13,-0.976296007119933));
#6915=DIRECTION('',(1.0,1.19315211914678E-27,1.57772181044202E-30));
#6916=DIRECTION('',(-0.216439613938103,1.63938307373712E-13,0.976296007119933));
#6917=DIRECTION('',(0.0,1.67929718729433E-13,1.0));
#6918=DIRECTION('',(0.707106781186548,-1.1873835248366E-13,-0.707106781186548));
#6919=DIRECTION('',(-0.0,-1.67929718729433E-13,-1.0));
#6920=DIRECTION('',(-0.707106781186548,-1.18793863634892E-13,-0.707106781186547));
#6921=DIRECTION('',(0.0,1.67929718729433E-13,1.0));
#6922=DIRECTION('',(-0.0,-1.67929718729433E-13,-1.0));
#6923=DIRECTION('',(-0.707106781186548,1.1873835248366E-13,0.707106781186548));
#6924=DIRECTION('',(3.76058011749498E-30,1.0,1.77635683940025E-13));
#6925=DIRECTION('',(-0.707106781186548,4.71012118197223E-14,0.707106781186548));
#6926=DIRECTION('',(3.76058011749498E-30,1.0,1.77635683940025E-13));
#6927=DIRECTION('',(2.27373675443219E-13,6.66043777095076E-14,1.0));
#6928=DIRECTION('',(5.16436221042068E-30,-1.0,-1.77635683940025E-13));
#6929=DIRECTION('',(7.91679990287121E-26,1.0,1.77635683939946E-13));
#6930=DIRECTION('',(-5.16436221042068E-30,1.0,1.77635683940025E-13));
#6931=DIRECTION('',(0.707106781186548,4.71012118197223E-14,0.707106781186547));
#6932=CARTESIAN_POINT('',(2.2800010636166,14.5700000000029,11.8499175463511));
#6933=DIRECTION('',(-0.707106781186548,-1.25607396694702E-13,0.707106781186548));
#6934=DIRECTION('',(-0.707106781186547,1.25607396694704E-13,-0.707106781186547));
#6935=DIRECTION('',(5.16436221042068E-30,-1.0,-1.77635683940025E-13));
#6936=DIRECTION('',(1.14107735268824E-13,0.819152044288993,-0.573576436351045));
#6937=DIRECTION('',(-3.39170043379035E-26,1.0,-6.12323399573677E-17));
#6938=CARTESIAN_POINT('',(7.48000106361714,14.5700000000029,11.8499175463511));
#6939=DIRECTION('',(-1.0,2.73691106313448E-46,7.105427357601E-15));
#6940=DIRECTION('',(4.35081943503005E-31,-1.0,6.12323399573677E-17));
#6941=DIRECTION('',(3.76058011749498E-30,1.0,1.77635683940025E-13));
#6942=DIRECTION('',(-6.29615782821712E-20,-0.99998131925118,-0.00611237667939032));
#6943=DIRECTION('',(0.0,6.66043777095076E-14,1.0));
#6944=DIRECTION('',(-1.87065336176315E-44,1.0,-5.38223339880824E-27));
#6945=DIRECTION('',(0.0,-7.09930412360436E-14,1.0));
#6946=DIRECTION('',(1.18028419257657E-27,-1.0,1.67929718729434E-13));
#6947=DIRECTION('',(1.0,-5.04476548888837E-28,0.0));
#6948=DIRECTION('',(3.72291223414444E-14,1.0,-1.67929718729433E-13));
#6949=DIRECTION('',(-0.707106781186548,-4.71012118197223E-14,-0.707106781186548));
#6950=DIRECTION('',(0.707106781186548,-4.71012118197223E-14,-0.707106781186548));
#6951=DIRECTION('',(-1.0,0.0,7.105427357601E-15));
#6952=DIRECTION('',(0.216439613938103,6.93195501000332E-14,-0.976296007119933));
#6953=DIRECTION('',(0.216439613938103,-6.93195501000332E-14,0.976296007119933));
#6954=DIRECTION('',(0.0,7.09930412360436E-14,-1.0));
#6955=CARTESIAN_POINT('',(3.97998723173679,16.2700000000037,0.4499175463495));
#6956=DIRECTION('',(4.98105363179491E-28,1.0,-1.67929718729433E-13));
#6957=DIRECTION('',(7.105427357601E-15,1.67929718729433E-13,1.0));
#6958=DIRECTION('',(1.0,-5.04476548888837E-28,0.0));
#6959=CARTESIAN_POINT('',(5.98000106361671,16.2700000000037,0.4499175463495));
#6960=DIRECTION('',(-4.98105363179491E-28,-1.0,1.67929718729433E-13));
#6961=DIRECTION('',(-7.105427357601E-15,-1.67929718729433E-13,-1.0));
#6962=DIRECTION('',(-0.216439613938103,-6.93195501000332E-14,0.976296007119933));
#6963=DIRECTION('',(-0.216439613938104,6.93195501000332E-14,-0.976296007119933));
#6964=DIRECTION('',(-4.98105363179491E-28,-1.0,1.67929718729433E-13));
#6965=DIRECTION('',(4.98105363179491E-28,1.0,-1.67929718729433E-13));
#6966=DIRECTION('',(-2.37633366399518E-14,-0.819152044288993,0.573576436351045));
#6967=DIRECTION('',(1.0,0.0,-7.105427357601E-15));
#6968=DIRECTION('',(4.98105363179491E-28,1.0,-1.67929718729433E-13));
#6969=DIRECTION('',(6.29615782821712E-20,0.99998131925118,0.00611237667939032));
#6970=CARTESIAN_POINT('',(2.4800010636169,14.5700000000029,11.8499175463511));
#6971=DIRECTION('',(-1.0,2.73691106313448E-46,7.105427357601E-15));
#6972=DIRECTION('',(4.35081943503005E-31,-1.0,6.12323399573677E-17));
#6973=DIRECTION('',(8.22509887977782E-27,-1.0,-2.83604770904394E-14));
#6974=DIRECTION('',(-1.19321241761436E-27,1.0,-1.67929718729433E-13));
#6975=CARTESIAN_POINT('',(7.68000106361765,14.5700000000029,11.8499175463511));
#6976=DIRECTION('',(0.707106781186547,-1.25607396694702E-13,0.707106781186548));
#6977=DIRECTION('',(-0.707106781186548,-1.256073966947E-13,0.707106781186547));
#6978=DIRECTION('',(-1.0,0.0,7.105427357601E-15));
#6979=DIRECTION('',(-0.5,0.0,-0.866025403784439));
#6980=DIRECTION('',(0.0,1.0,0.0));
#6981=DIRECTION('',(0.5,0.0,0.866025403784439));
#6982=DIRECTION('',(0.0,1.0,0.0));
#6983=DIRECTION('',(-0.5,0.0,-0.866025403784439));
#6984=DIRECTION('',(0.0,-1.0,0.0));
#6985=DIRECTION('',(0.0,0.0,-1.0));
#6986=DIRECTION('',(0.0,-1.0,0.0));
#6987=CARTESIAN_POINT('',(9.16000000000001,2.95,19.4000000000003));
#6988=DIRECTION('',(1.0,0.0,-0.0));
#6989=DIRECTION('',(0.0,0.0,1.0));
#6990=DIRECTION('',(1.0,0.0,0.0));
#6991=DIRECTION('',(0.0,-1.0,1.63038132921531E-13));
#6992=DIRECTION('',(1.0,0.0,0.0));
#6993=DIRECTION('',(0.0,1.0,-1.63038132921531E-13));
#6994=DIRECTION('',(1.0,0.0,0.0));
#6995=CARTESIAN_POINT('',(4.98000000000001,10.050000000002,29.2999999999994));
#6996=DIRECTION('',(0.0,1.62980740014973E-13,1.0));
#6997=DIRECTION('',(0.0,-1.0,1.62980740014973E-13));
#6998=CARTESIAN_POINT('',(4.98000000000001,10.050000000002,29.2999999999994));
#6999=DIRECTION('',(0.0,1.62980740014973E-13,1.0));
#7000=DIRECTION('',(0.0,-1.0,1.62980740014973E-13));
#7001=DIRECTION('',(0.0,0.0,1.0));
#7002=DIRECTION('',(-0.909914520413968,-0.243810860926275,0.335576860993436));
#7003=DIRECTION('',(0.0,0.0,-1.0));
#7004=DIRECTION('',(0.94071904469826,0.252064908331476,0.226960262887225));
#7005=DIRECTION('',(0.0,0.0,1.0));
#7006=DIRECTION('',(-0.909914520413968,0.243810860926275,-0.335576860993436));
#7007=DIRECTION('',(0.0,0.0,-1.0));
#7008=DIRECTION('',(0.94071904469826,-0.252064908331476,-0.226960262887225));
#7009=DIRECTION('',(-0.0,-1.11910480882216E-13,-1.0));
#7010=DIRECTION('',(1.0,1.22464679914735E-16,0.0));
#7011=DIRECTION('',(-1.02227140322459E-13,-1.11910480882216E-13,-1.0));
#7012=DIRECTION('',(1.0,1.22464679914735E-16,0.0));
#7013=DIRECTION('',(-0.15557882353532,-0.580628074015606,0.799165983593079));
#7014=CARTESIAN_POINT('',(1.23,4.1660254037844,16.3999999999999));
#7015=DIRECTION('',(-0.965925826289068,0.258819045102521,0.0));
#7016=DIRECTION('',(0.258819045102521,0.965925826289068,0.0));
#7017=DIRECTION('',(0.0,0.0,-1.0));
#7018=CARTESIAN_POINT('',(1.23,4.1660254037844,5.59999999999997));
#7019=DIRECTION('',(-0.965925826289068,0.258819045102521,0.0));
#7020=DIRECTION('',(0.258819045102521,0.965925826289068,0.0));
#7021=DIRECTION('',(0.195290972050333,0.728835829951357,0.656246728917374));
#7022=DIRECTION('',(1.0,0.0,0.0));
#7023=DIRECTION('',(0.0,0.0,1.0));
#7024=DIRECTION('',(-1.0,0.0,0.0));
#7025=DIRECTION('',(0.0,0.0,-1.0));
#7026=DIRECTION('',(0.0,0.0,1.0));
#7027=DIRECTION('',(0.0,1.0,0.0));
#7028=DIRECTION('',(0.0,0.0,-1.0));
#7029=DIRECTION('',(0.0,-0.965925826289068,0.258819045102521));
#7030=DIRECTION('',(-1.0,0.0,0.0));
#7031=DIRECTION('',(0.0,1.11910480882216E-13,1.0));
#7032=DIRECTION('',(-1.0,0.0,0.0));
#7033=DIRECTION('',(1.0,0.0,0.0));
#7034=DIRECTION('',(-1.0,0.0,0.0));
#7035=DIRECTION('',(0.0,1.11910480882216E-13,1.0));
#7036=DIRECTION('',(0.0,0.0,-1.0));
#7037=DIRECTION('',(0.0,0.0,1.0));
#7038=DIRECTION('',(1.0,0.0,0.0));
#7039=DIRECTION('',(-1.0,0.0,0.0));
#7040=CARTESIAN_POINT('',(10.16,14.3999999999997,21.2999999999984));
#7041=DIRECTION('',(-1.0,0.0,0.0));
#7042=DIRECTION('',(0.0,0.0,-1.0));
#7043=DIRECTION('',(-1.0,0.0,0.0));
#7044=CARTESIAN_POINT('',(10.11,14.3999999999997,21.2999999999984));
#7045=DIRECTION('',(-1.0,0.0,0.0));
#7046=DIRECTION('',(0.0,0.0,-1.0));
#7047=DIRECTION('',(-1.0,0.0,0.0));
#7048=DIRECTION('',(0.0,0.0,-1.0));
#7049=DIRECTION('',(1.0,0.0,0.0));
#7050=DIRECTION('',(-1.0,0.0,0.0));
#7051=DIRECTION('',(1.0,0.0,0.0));
#7052=DIRECTION('',(0.0,0.0,-1.0));
#7053=DIRECTION('',(1.0,0.0,0.0));
#7054=DIRECTION('',(0.0,0.0,-1.0));
#7055=DIRECTION('',(1.0,0.0,0.0));
#7056=DIRECTION('',(-1.0,0.0,0.0));
#7057=DIRECTION('',(1.0,0.0,0.0));
#7058=DIRECTION('',(0.0,0.0,-1.0));
#7059=DIRECTION('',(0.0,-1.0,1.12085614655113E-13));
#7060=DIRECTION('',(0.0,0.0,1.0));
#7061=DIRECTION('',(0.0,1.0,0.0));
#7062=DIRECTION('',(0.0,1.11910480882216E-13,1.0));
#7063=DIRECTION('',(0.0,-1.0,0.0));
#7064=DIRECTION('',(0.0,1.0,0.0));
#7065=DIRECTION('',(0.0,1.0,0.0));
#7066=DIRECTION('',(-1.0,0.0,0.0));
#7067=CARTESIAN_POINT('',(0.05000000000001,5.95,27.7999999999995));
#7068=DIRECTION('',(-1.0,0.0,0.0));
#7069=DIRECTION('',(0.0,-1.0,0.0));
#7070=DIRECTION('',(-1.0,0.0,0.0));
#7071=CARTESIAN_POINT('',(9.99200722162641E-15,5.95,27.7999999999995));
#7072=DIRECTION('',(-1.0,0.0,0.0));
#7073=DIRECTION('',(0.0,-1.0,0.0));
#7074=DIRECTION('',(-1.0,0.0,0.0));
#7075=DIRECTION('',(-1.0,0.0,0.0));
#7076=DIRECTION('',(0.0,0.0,-1.0));
#7077=DIRECTION('',(1.0,0.0,0.0));
#7078=DIRECTION('',(0.0,0.0,1.0));
#7079=DIRECTION('',(-1.0,0.0,0.0));
#7080=DIRECTION('',(0.0,0.0,1.0));
#7081=DIRECTION('',(1.0,0.0,0.0));
#7082=CARTESIAN_POINT('',(9.99200722162641E-15,15.55,27.7999999999995));
#7083=DIRECTION('',(1.0,0.0,-0.0));
#7084=DIRECTION('',(0.0,0.0,1.0));
#7085=DIRECTION('',(1.0,0.0,0.0));
#7086=CARTESIAN_POINT('',(0.05000000000001,15.55,27.7999999999995));
#7087=DIRECTION('',(1.0,0.0,-0.0));
#7088=DIRECTION('',(0.0,0.0,1.0));
#7089=DIRECTION('',(0.0,0.0,1.0));
#7090=CARTESIAN_POINT('',(4.4154264805429,3.5,0.0));
#7091=DIRECTION('',(0.0,0.0,1.0));
#7092=DIRECTION('',(-1.0,0.0,0.0));
#7093=DIRECTION('',(0.0,0.0,1.0));
#7094=CARTESIAN_POINT('',(4.4154264805429,3.5,0.499999999999801));
#7095=DIRECTION('',(0.0,0.0,1.0));
#7096=DIRECTION('',(-1.0,0.0,0.0));
#7097=DIRECTION('',(0.0,0.0,1.0));
#7098=DIRECTION('',(0.0,0.0,-1.0));
#7099=DIRECTION('',(0.0,-1.0,0.0));
#7100=DIRECTION('',(-1.0,0.0,0.0));
#7101=DIRECTION('',(1.22464679914735E-16,1.0,0.0));
#7102=DIRECTION('',(-1.0,1.22464679914735E-16,0.0));
#7103=DIRECTION('',(1.0,0.0,0.0));
#7104=CARTESIAN_POINT('',(10.16,2.95,19.4000000000003));
#7105=DIRECTION('',(1.0,0.0,-0.0));
#7106=DIRECTION('',(0.0,0.0,1.0));
#7107=DIRECTION('',(1.0,0.0,0.0));
#7108=CARTESIAN_POINT('',(10.16,15.9124872320193,28.2999999999984));
#7109=DIRECTION('',(1.0,0.0,-0.0));
#7110=DIRECTION('',(0.0,0.0,1.0));
#7111=DIRECTION('',(1.0,0.0,0.0));
#7112=CARTESIAN_POINT('',(9.99200722162641E-15,15.9124872320193,28.2999999999984));
#7113=DIRECTION('',(1.0,0.0,-0.0));
#7114=DIRECTION('',(0.0,0.0,1.0));
#7115=DIRECTION('',(0.0,-1.0,0.0));
#7116=DIRECTION('',(1.0,0.0,0.0));
#7117=DIRECTION('',(0.0,1.0,0.0));
#7118=DIRECTION('',(1.0,0.0,0.0));
#7119=DIRECTION('',(0.0,1.0,0.0));
#7120=DIRECTION('',(-1.0,0.0,0.0));
#7121=DIRECTION('',(0.765398835799615,0.643556230765109,0.0));
#7122=DIRECTION('',(-1.0,0.0,0.0));
#7123=DIRECTION('',(0.0,1.0,0.0));
#7124=DIRECTION('',(-1.0,0.0,0.0));
#7125=DIRECTION('',(-0.765398835799869,0.643556230764807,0.0));
#7126=DIRECTION('',(-1.0,0.0,0.0));
#7127=DIRECTION('',(0.0,1.0,0.0));
#7128=CARTESIAN_POINT('',(1.23,0.0,5.59999999999997));
#7129=DIRECTION('',(0.0,1.0,0.0));
#7130=DIRECTION('',(-1.0,0.0,0.0));
#7131=DIRECTION('',(0.0,1.0,0.0));
#7132=CARTESIAN_POINT('',(1.23,2.8619587247903,5.59999999999997));
#7133=DIRECTION('',(0.0,0.669130606358858,-0.743144825477394));
#7134=DIRECTION('',(-0.0,-0.743144825477394,-0.669130606358858));
#7135=DIRECTION('',(0.0,1.0,0.0));
#7136=CARTESIAN_POINT('',(8.83000000000001,0.0,5.59999999999997));
#7137=DIRECTION('',(0.0,1.0,0.0));
#7138=DIRECTION('',(-1.0,0.0,0.0));
#7139=DIRECTION('',(0.0,1.0,0.0));
#7140=CARTESIAN_POINT('',(8.83000000000001,4.1660254037844,5.59999999999997));
#7141=DIRECTION('',(0.965925826289068,0.258819045102521,0.0));
#7142=DIRECTION('',(0.258819045102521,-0.965925826289068,0.0));
#7143=CARTESIAN_POINT('',(8.83000000000001,2.8619587247903,5.59999999999997));
#7144=DIRECTION('',(0.0,0.669130606358858,-0.743144825477394));
#7145=DIRECTION('',(-0.0,-0.743144825477394,-0.669130606358858));
#7146=DIRECTION('',(0.674442070228647,0.738327768613437,0.0));
#7147=DIRECTION('',(-1.0,0.0,0.0));
#7148=DIRECTION('',(0.0,-1.0,0.0));
#7149=DIRECTION('',(-1.0,0.0,0.0));
#7150=DIRECTION('',(-0.674442070224047,0.738327768617639,0.0));
#7151=DIRECTION('',(-1.0,-1.22464679914735E-16,0.0));
#7152=DIRECTION('',(0.0,-1.0,0.0));
#7153=DIRECTION('',(-1.0,0.0,0.0));
#7154=DIRECTION('',(0.0,1.0,0.0));
#7155=DIRECTION('',(1.0,0.0,0.0));
#7156=DIRECTION('',(0.0,-1.0,0.0));
#7157=DIRECTION('',(0.674442070228647,0.738327768613437,0.0));
#7158=DIRECTION('',(-1.0,0.0,0.0));
#7159=DIRECTION('',(0.0,-1.0,0.0));
#7160=DIRECTION('',(-1.0,0.0,0.0));
#7161=DIRECTION('',(-0.674442070224047,0.738327768617639,0.0));
#7162=DIRECTION('',(-1.0,-1.22464679914735E-16,0.0));
#7163=DIRECTION('',(0.0,-1.0,0.0));
#7164=DIRECTION('',(1.0,1.22464679914735E-16,0.0));
#7165=DIRECTION('',(-1.0,0.0,0.0));
#7166=CARTESIAN_POINT('',(10.11,6.3999999999997,21.2999999999984));
#7167=DIRECTION('',(-1.0,0.0,0.0));
#7168=DIRECTION('',(0.0,0.0,-1.0));
#7169=DIRECTION('',(-1.0,0.0,0.0));
#7170=CARTESIAN_POINT('',(10.16,6.3999999999997,21.2999999999984));
#7171=DIRECTION('',(-1.0,0.0,0.0));
#7172=DIRECTION('',(0.0,0.0,-1.0));
#7173=DIRECTION('',(-1.0,0.0,0.0));
#7174=DIRECTION('',(0.0,0.0,1.0));
#7175=DIRECTION('',(0.0,0.0,1.0));
#7176=DIRECTION('',(0.0,0.0,1.0));
#7177=DIRECTION('',(0.0,1.0,0.0));
#7178=DIRECTION('',(0.0,0.0,-1.0));
#7179=CARTESIAN_POINT('',(4.98000000000001,10.050000000002,24.746410161512));
#7180=DIRECTION('',(-7.0064923216264E-46,2.08097265584195E-15,-1.0));
#7181=DIRECTION('',(-2.66453525910083E-15,1.0,2.08097265584195E-15));
#7182=DIRECTION('',(0.0,2.09476042382102E-15,-1.0));
#7183=CARTESIAN_POINT('',(4.98000000000001,10.050000000002,23.9999999999999));
#7184=DIRECTION('',(0.0,2.09476042382102E-15,-1.0));
#7185=DIRECTION('',(0.0,1.0,2.09476042382102E-15));
#7186=DIRECTION('',(0.0,2.09476042382102E-15,-1.0));
#7187=DIRECTION('',(1.0,0.0,0.0));
#7188=DIRECTION('',(-1.0,0.0,0.0));
#7189=DIRECTION('',(0.0,-1.0,0.0));
#7190=DIRECTION('',(-3.91735642379542E-18,1.0,1.46197732049608E-17));
#7191=CARTESIAN_POINT('',(7.95441271736401,0.0,3.5999999999998));
#7192=DIRECTION('',(-3.91735642379542E-18,1.0,1.46197732049608E-17));
#7193=DIRECTION('',(0.0,-1.46197732049608E-17,1.0));
#7194=DIRECTION('',(-3.91735642379542E-18,1.0,1.46197732049608E-17));
#7195=CARTESIAN_POINT('',(7.95441271736401,4.5,3.5999999999998));
#7196=DIRECTION('',(-3.91735642379542E-18,1.0,1.46197732049608E-17));
#7197=DIRECTION('',(0.0,-1.46197732049608E-17,1.0));
#7198=CARTESIAN_POINT('',(8.83000000000001,4.1660254037844,16.3999999999999));
#7199=DIRECTION('',(0.965925826289068,0.258819045102521,0.0));
#7200=DIRECTION('',(0.258819045102521,-0.965925826289068,0.0));
#7201=DIRECTION('',(0.15557882353532,-0.580628074015606,0.799165983593079));
#7202=DIRECTION('',(-0.195290972050333,0.728835829951357,0.656246728917374));
#7203=DIRECTION('',(0.0,0.0,-1.0));
#7204=DIRECTION('',(0.0,0.0,1.0));
#7205=DIRECTION('',(-1.0,0.0,0.0));
#7206=DIRECTION('',(1.0,-1.22464679914735E-16,0.0));
#7207=DIRECTION('',(0.0,-1.0,0.0));
#7208=DIRECTION('',(0.0,-1.0,0.0));
#7209=DIRECTION('',(-1.0,0.0,0.0));
#7210=DIRECTION('',(-0.674442070224047,0.738327768617639,0.0));
#7211=DIRECTION('',(1.02227140322458E-13,-1.11910480882216E-13,-1.0));
#7212=DIRECTION('',(0.0,0.0,1.0));
#7213=DIRECTION('',(0.5,-0.866025403784439,0.0));
#7214=CARTESIAN_POINT('',(5.56457351945723,3.5,0.0));
#7215=DIRECTION('',(0.0,0.0,-1.0));
#7216=DIRECTION('',(1.0,0.0,0.0));
#7217=DIRECTION('',(1.0,0.0,0.0));
#7218=DIRECTION('',(0.5,0.866025403784439,0.0));
#7219=DIRECTION('',(1.0,0.0,0.0));
#7220=DIRECTION('',(0.0,-1.0,0.0));
#7221=DIRECTION('',(1.0,0.0,0.0));
#7222=DIRECTION('',(0.0,1.0,0.0));
#7223=DIRECTION('',(-1.0,0.0,0.0));
#7224=DIRECTION('',(1.22464679914735E-16,-1.0,0.0));
#7225=DIRECTION('',(1.0,0.0,0.0));
#7226=DIRECTION('',(0.0,1.0,0.0));
#7227=DIRECTION('',(1.0,0.0,0.0));
#7228=DIRECTION('',(0.0,1.0,0.0));
#7229=DIRECTION('',(-1.0,0.0,0.0));
#7230=DIRECTION('',(0.0,1.0,0.0));
#7231=DIRECTION('',(1.0,0.0,0.0));
#7232=DIRECTION('',(0.0,-1.0,0.0));
#7233=DIRECTION('',(1.0,0.0,0.0));
#7234=CARTESIAN_POINT('',(5.56457351945723,3.5,0.499999999999801));
#7235=DIRECTION('',(0.0,0.0,-1.0));
#7236=DIRECTION('',(1.0,0.0,0.0));
#7237=DIRECTION('',(0.5,-0.866025403784439,0.0));
#7238=DIRECTION('',(0.0,0.173648177666819,-0.984807753012228));
#7239=DIRECTION('',(0.0,0.0,1.0));
#7240=DIRECTION('',(0.0,0.0,1.0));
#7241=DIRECTION('',(0.0,-1.0,0.0));
#7242=DIRECTION('',(-0.0,-1.11910480882216E-13,-1.0));
#7243=DIRECTION('',(0.0,0.0,1.0));
#7244=DIRECTION('',(0.0,-1.0,0.0));
#7245=DIRECTION('',(0.0,0.0,-1.0));
#7246=DIRECTION('',(0.0,0.0,-1.0));
#7247=DIRECTION('',(0.0,0.0,1.0));
#7248=DIRECTION('',(0.0,1.0,0.0));
#7249=CARTESIAN_POINT('',(9.99200722162641E-15,2.95,19.4000000000003));
#7250=DIRECTION('',(-1.0,0.0,0.0));
#7251=DIRECTION('',(0.0,0.0,-1.0));
#7252=DIRECTION('',(0.0,0.0,1.0));
#7253=CARTESIAN_POINT('',(9.99200722162641E-15,5.95,27.8000000000001));
#7254=DIRECTION('',(1.0,0.0,-0.0));
#7255=DIRECTION('',(0.0,0.0,1.0));
#7256=DIRECTION('',(0.0,0.0,-1.0));
#7257=CARTESIAN_POINT('',(9.99200722162641E-15,5.95,20.7999999999995));
#7258=DIRECTION('',(-1.0,0.0,0.0));
#7259=DIRECTION('',(0.0,0.0,-1.0));
#7260=DIRECTION('',(0.0,1.0,0.0));
#7261=CARTESIAN_POINT('',(9.99200722162641E-15,15.55,20.7999999999995));
#7262=DIRECTION('',(1.0,0.0,-0.0));
#7263=DIRECTION('',(0.0,0.0,1.0));
#7264=DIRECTION('',(0.0,0.0,-1.0));
#7265=DIRECTION('',(0.0,-1.0,0.0));
#7266=DIRECTION('',(0.0,0.0,1.0));
#7267=DIRECTION('',(0.0,-1.0,0.0));
#7268=DIRECTION('',(0.0,0.0,-1.0));
#7269=DIRECTION('',(0.0,-1.0,0.0));
#7270=DIRECTION('',(0.0,0.0,-1.0));
#7271=CARTESIAN_POINT('',(10.11,14.3999999999997,22.2999999999984));
#7272=DIRECTION('',(-1.0,0.0,0.0));
#7273=DIRECTION('',(0.0,0.0,-1.0));
#7274=DIRECTION('',(0.0,1.0,0.0));
#7275=CARTESIAN_POINT('',(10.11,6.3999999999997,22.2999999999984));
#7276=DIRECTION('',(-1.0,0.0,0.0));
#7277=DIRECTION('',(0.0,0.0,-1.0));
#7278=DIRECTION('',(0.0,0.0,1.0));
#7279=DIRECTION('',(-1.0,0.0,0.0));
#7280=DIRECTION('',(0.0,0.0,1.0));
#7281=DIRECTION('',(0.0,1.0,0.0));
#7282=DIRECTION('',(0.0,-1.0,0.0));
#7283=DIRECTION('',(0.0,0.0,1.0));
#7284=CARTESIAN_POINT('',(0.05000000000001,15.55,20.7999999999995));
#7285=DIRECTION('',(1.0,0.0,-0.0));
#7286=DIRECTION('',(0.0,0.0,1.0));
#7287=DIRECTION('',(0.0,1.0,0.0));
#7288=CARTESIAN_POINT('',(0.05000000000001,5.95,20.7999999999995));
#7289=DIRECTION('',(-1.0,0.0,0.0));
#7290=DIRECTION('',(0.0,0.0,-1.0));
#7291=DIRECTION('',(0.0,0.0,1.0));
#7292=DIRECTION('',(0.258819045102521,0.0,-0.965925826289068));
#7293=DIRECTION('',(0.258819045102521,0.0,-0.965925826289068));
#7294=DIRECTION('',(0.0,1.0,0.0));
#7295=DIRECTION('',(-1.0,0.0,0.0));
#7296=CARTESIAN_POINT('',(10.16,14.3999999999997,22.2999999999984));
#7297=DIRECTION('',(-1.0,0.0,0.0));
#7298=DIRECTION('',(0.0,0.0,-1.0));
#7299=DIRECTION('',(0.0,1.0,0.0));
#7300=DIRECTION('',(1.0,0.0,0.0));
#7301=DIRECTION('',(0.0,-1.0,0.0));
#7302=DIRECTION('',(-1.0,0.0,0.0));
#7303=DIRECTION('',(0.765398835799615,0.643556230765109,0.0));
#7304=DIRECTION('',(0.765398835799615,0.643556230765109,0.0));
#7305=DIRECTION('',(0.0,0.0,1.0));
#7306=DIRECTION('',(-1.0,0.0,0.0));
#7307=DIRECTION('',(0.0,1.0,0.0));
#7308=DIRECTION('',(0.0,1.0,0.0));
#7309=CARTESIAN_POINT('',(4.98000000000001,10.050000000002,23.9999999999999));
#7310=DIRECTION('',(0.0,2.09476042382102E-15,-1.0));
#7311=DIRECTION('',(0.0,1.0,2.09476042382102E-15));
#7312=DIRECTION('',(-0.765398835799869,0.643556230764807,0.0));
#7313=DIRECTION('',(0.0,0.0,1.0));
#7314=DIRECTION('',(-1.0,0.0,0.0));
#7315=CARTESIAN_POINT('',(1.00000000000001,2.95,19.4000000000003));
#7316=DIRECTION('',(-1.0,0.0,0.0));
#7317=DIRECTION('',(0.0,0.0,-1.0));
#7318=DIRECTION('',(-1.0,0.0,0.0));
#7319=DIRECTION('',(0.0,0.0,1.0));
#7320=DIRECTION('',(1.0,0.0,0.0));
#7321=CARTESIAN_POINT('',(4.98000000000001,10.0500000000019,30.7999999999994));
#7322=DIRECTION('',(0.0,1.62980740014973E-13,1.0));
#7323=DIRECTION('',(0.0,-1.0,1.62980740014973E-13));
#7324=CARTESIAN_POINT('',(4.98000000000001,10.0500000000019,30.7999999999994));
#7325=DIRECTION('',(0.0,1.62980740014973E-13,1.0));
#7326=DIRECTION('',(0.0,-1.0,1.62980740014973E-13));
#7327=CARTESIAN_POINT('',(4.98000000000001,10.0500000000019,30.7999999999994));
#7328=DIRECTION('',(0.0,-2.09476042382101E-15,1.0));
#7329=DIRECTION('',(-0.0,-1.0,-2.09476042382101E-15));
#7330=CARTESIAN_POINT('',(4.98000000000001,10.0500000000019,30.7999999999994));
#7331=DIRECTION('',(0.0,-2.09476042382101E-15,1.0));
#7332=DIRECTION('',(-0.0,-1.0,-2.09476042382101E-15));
#7333=DIRECTION('',(1.0,0.0,0.0));
#7334=CARTESIAN_POINT('',(10.16,5.95,27.8000000000001));
#7335=DIRECTION('',(1.0,0.0,-0.0));
#7336=DIRECTION('',(0.0,0.0,1.0));
#7337=DIRECTION('',(-1.0,0.0,0.0));
#7338=DIRECTION('',(0.0,0.0,-1.0));
#7339=DIRECTION('',(0.0,1.0,0.0));
#7340=DIRECTION('',(1.22464679914735E-16,1.0,0.0));
#7341=DIRECTION('',(0.674442070228647,0.738327768613437,0.0));
#7342=DIRECTION('',(0.0,0.0,1.0));
#7343=DIRECTION('',(-1.02227140322459E-13,-1.11910480882216E-13,-1.0));
#7344=DIRECTION('',(0.0,0.0,1.0));
#7345=DIRECTION('',(-0.674442070224047,0.738327768617639,0.0));
#7346=DIRECTION('',(1.02227140322458E-13,-1.11910480882216E-13,-1.0));
#7347=DIRECTION('',(0.0,-1.0,0.0));
#7348=DIRECTION('',(0.0,0.0,1.0));
#7349=DIRECTION('',(-1.0,0.0,0.0));
#7350=DIRECTION('',(-1.0,0.0,0.0));
#7351=DIRECTION('',(0.0,0.0,-1.0));
#7352=DIRECTION('',(0.0,-1.0,0.0));
#7353=DIRECTION('',(0.0,0.0,-1.0));
#7354=DIRECTION('',(0.0,1.0,0.0));
#7355=DIRECTION('',(0.0,0.0,1.0));
#7356=DIRECTION('',(0.0,0.0,1.0));
#7357=DIRECTION('',(0.0,1.0,0.0));
#7358=DIRECTION('',(0.0,0.0,1.0));
#7359=DIRECTION('',(0.0,1.0,0.0));
#7360=DIRECTION('',(0.0,0.0,-1.0));
#7361=DIRECTION('',(0.0,1.0,0.0));
#7362=DIRECTION('',(0.0,0.0,1.0));
#7363=DIRECTION('',(0.0,1.0,0.0));
#7364=DIRECTION('',(0.0,0.0,-1.0));
#7365=DIRECTION('',(0.0,-0.173648177666819,0.984807753012228));
#7366=DIRECTION('',(0.0,0.0,1.0));
#7367=CARTESIAN_POINT('',(10.16,6.3999999999997,22.2999999999984));
#7368=DIRECTION('',(-1.0,0.0,0.0));
#7369=DIRECTION('',(0.0,0.0,-1.0));
#7370=DIRECTION('',(0.0,1.0,0.0));
#7371=DIRECTION('',(1.22464679914735E-16,1.0,0.0));
#7372=DIRECTION('',(0.0,0.0,-1.0));
#7373=DIRECTION('',(-1.22464679914735E-16,-1.0,0.0));
#7374=DIRECTION('',(-1.22464679914735E-16,-1.0,0.0));
#7375=DIRECTION('',(-1.22464679914735E-16,-1.0,0.0));
#7376=DIRECTION('',(-1.22464679914735E-16,-1.0,0.0));
#7377=DIRECTION('',(-1.22464679914735E-16,-1.0,0.0));
#7378=DIRECTION('',(0.0,0.0,-1.0));
#7379=DIRECTION('',(-1.0,0.0,0.0));
#7380=DIRECTION('',(0.0,0.0,1.0));
#7381=DIRECTION('',(0.0,-1.0,0.0));
#7382=DIRECTION('',(0.0,0.0,1.0));
#7383=DIRECTION('',(0.0,-1.0,0.0));
#7384=DIRECTION('',(0.5,0.866025403784439,0.0));
#7385=DIRECTION('',(1.0,0.0,0.0));
#7386=DIRECTION('',(0.0,0.0,-1.0));
#7387=DIRECTION('',(0.0,-1.0,0.0));
#7388=DIRECTION('',(0.0,1.0,0.0));
#7389=DIRECTION('',(1.0,-5.1258140946685E-14,0.0));
#7390=DIRECTION('',(1.22464679914735E-16,1.0,0.0));
#7391=DIRECTION('',(-1.0,0.0,0.0));
#7392=DIRECTION('',(0.0,1.0,0.0));
#7393=DIRECTION('',(0.0,0.0,1.0));
#7394=DIRECTION('',(-1.0,0.0,0.0));
#7395=DIRECTION('',(0.0,0.0,1.0));
#7396=DIRECTION('',(0.0,0.0,1.0));
#7397=DIRECTION('',(-1.0,0.0,0.0));
#7398=DIRECTION('',(-0.258819045102521,0.0,-0.965925826289068));
#7399=DIRECTION('',(-3.91735642379542E-18,-1.0,-1.46197732049608E-17));
#7400=DIRECTION('',(-0.258819045102521,0.0,-0.965925826289068));
#7401=DIRECTION('',(0.0,-1.0,0.0));
#7402=DIRECTION('',(0.0,-1.0,0.0));
#7403=DIRECTION('',(0.0,0.0,1.0));
#7404=DIRECTION('',(0.0,0.0,1.0));
#7405=CARTESIAN_POINT('',(8.83000000000001,2.4977181631831,16.3999999999999));
#7406=DIRECTION('',(0.0,0.809016994374947,0.587785252292473));
#7407=DIRECTION('',(0.0,0.587785252292473,-0.809016994374947));
#7408=CARTESIAN_POINT('',(8.83000000000001,0.0,16.3999999999999));
#7409=DIRECTION('',(0.0,1.0,0.0));
#7410=DIRECTION('',(-1.0,0.0,0.0));
#7411=DIRECTION('',(-1.0,-1.22464679914735E-16,0.0));
#7412=DIRECTION('',(-1.0,-1.22464679914735E-16,0.0));
#7413=DIRECTION('',(1.0,0.0,0.0));
#7414=DIRECTION('',(0.0,0.0,1.0));
#7415=DIRECTION('',(0.0,0.0,1.0));
#7416=DIRECTION('',(-0.0,-1.11910480882216E-13,-1.0));
#7417=DIRECTION('',(-1.0,0.0,0.0));
#7418=DIRECTION('',(1.0,0.0,0.0));
#7419=DIRECTION('',(-1.0,0.0,0.0));
#7420=DIRECTION('',(0.0,1.11910480882216E-13,1.0));
#7421=DIRECTION('',(-0.0,-1.11910480882216E-13,-1.0));
#7422=DIRECTION('',(-1.0,0.0,0.0));
#7423=DIRECTION('',(1.0,0.0,0.0));
#7424=CARTESIAN_POINT('',(4.98000000000001,10.050000000002,24.746410161512));
#7425=DIRECTION('',(0.0,-2.09476042382101E-15,1.0));
#7426=DIRECTION('',(-0.0,-1.0,-2.09476042382101E-15));
#7427=CARTESIAN_POINT('',(4.98000000000001,10.050000000002,24.746410161512));
#7428=DIRECTION('',(0.0,-2.09476042382101E-15,1.0));
#7429=DIRECTION('',(-0.0,-1.0,-2.09476042382101E-15));
#7430=CARTESIAN_POINT('',(4.98000000000001,10.050000000002,24.746410161512));
#7431=DIRECTION('',(-7.0064923216264E-46,2.08097265584195E-15,-1.0));
#7432=DIRECTION('',(-2.66453525910083E-15,1.0,2.08097265584195E-15));
#7433=DIRECTION('',(0.0,0.0,1.0));
#7434=DIRECTION('',(0.0,0.965925826289068,-0.258819045102521));
#7435=DIRECTION('',(0.0,0.0,1.0));
#7436=DIRECTION('',(-1.22464679914735E-16,1.0,0.0));
#7437=DIRECTION('',(1.0,0.0,0.0));
#7438=DIRECTION('',(0.0,-1.0,0.0));
#7439=DIRECTION('',(1.0,0.0,0.0));
#7440=DIRECTION('',(0.0,0.0,-1.0));
#7441=DIRECTION('',(-1.0,0.0,0.0));
#7442=DIRECTION('',(1.0,0.0,0.0));
#7443=DIRECTION('',(-3.91735642379542E-18,-1.0,-1.46197732049608E-17));
#7444=DIRECTION('',(-1.0,0.0,0.0));
#7445=DIRECTION('',(-1.0,0.0,0.0));
#7446=DIRECTION('',(0.0,1.0,0.0));
#7447=DIRECTION('',(-1.0,5.1258140946685E-14,0.0));
#7448=DIRECTION('',(0.0,1.0,0.0));
#7449=DIRECTION('',(0.0,1.0,0.0));
#7450=DIRECTION('',(-1.0,0.0,0.0));
#7451=DIRECTION('',(0.0,-2.94033263228045E-40,1.0));
#7452=DIRECTION('',(1.0,-5.1258140946685E-14,0.0));
#7453=DIRECTION('',(1.0,-5.1258140946685E-14,0.0));
#7454=DIRECTION('',(0.0,-2.94033263228045E-40,1.0));
#7455=DIRECTION('',(0.0,0.0,-1.0));
#7456=DIRECTION('',(-1.22464679914735E-16,-1.0,0.0));
#7457=DIRECTION('',(0.0,-1.0,0.0));
#7458=DIRECTION('',(-1.22464679914735E-16,-1.0,0.0));
#7459=DIRECTION('',(0.0,-1.0,0.0));
#7460=DIRECTION('',(0.0,0.0,1.0));
#7461=DIRECTION('',(-1.22464679914735E-16,-1.0,0.0));
#7462=DIRECTION('',(0.0,1.0,0.0));
#7463=CARTESIAN_POINT('',(9.86000000000001,0.499999999999702,17.4000000000003));
#7464=DIRECTION('',(1.0,0.0,-0.0));
#7465=DIRECTION('',(0.0,0.0,1.0));
#7466=DIRECTION('',(0.0,0.0,-1.0));
#7467=DIRECTION('',(0.0,-1.0,0.0));
#7468=DIRECTION('',(-1.0,0.0,0.0));
#7469=DIRECTION('',(0.674442070228647,0.738327768613437,0.0));
#7470=DIRECTION('',(0.0,-1.0,1.11910480882216E-13));
#7471=DIRECTION('',(0.0,-1.0,0.0));
#7472=DIRECTION('',(0.0,-1.0,0.0));
#7473=DIRECTION('',(0.0,-1.0,0.0));
#7474=DIRECTION('',(1.0,0.0,0.0));
#7475=DIRECTION('',(0.0,0.0,-1.0));
#7476=DIRECTION('',(0.0,1.0,0.0));
#7477=DIRECTION('',(0.0,1.0,0.0));
#7478=DIRECTION('',(0.0,0.0,1.0));
#7479=DIRECTION('',(0.0,-1.0,0.0));
#7480=DIRECTION('',(0.0,0.0,1.0));
#7481=DIRECTION('',(0.0,0.0,1.0));
#7482=DIRECTION('',(0.0,-1.0,0.0));
#7483=DIRECTION('',(0.0,0.0,-1.0));
#7484=DIRECTION('',(0.0,1.0,0.0));
#7485=DIRECTION('',(0.0,0.0,-1.0));
#7486=CARTESIAN_POINT('',(8.24000000000017,4.5,0.999999999999801));
#7487=DIRECTION('',(0.0,-1.0,0.0));
#7488=DIRECTION('',(1.0,0.0,0.0));
#7489=CARTESIAN_POINT('',(2.02558728263612,4.5,3.5999999999998));
#7490=DIRECTION('',(-3.91735642379542E-18,-1.0,-1.46197732049608E-17));
#7491=DIRECTION('',(0.0,1.46197732049608E-17,-1.0));
#7492=DIRECTION('',(0.0,0.0,-1.0));
#7493=CARTESIAN_POINT('',(1.73999999999995,4.5,0.999999999999801));
#7494=DIRECTION('',(0.0,-1.0,0.0));
#7495=DIRECTION('',(1.0,0.0,0.0));
#7496=DIRECTION('',(0.0,0.0,-1.0));
#7497=DIRECTION('',(-1.0,0.0,0.0));
#7498=DIRECTION('',(0.0,0.0,-1.0));
#7499=DIRECTION('',(-1.0,0.0,0.0));
#7500=DIRECTION('',(-1.0,0.0,0.0));
#7501=DIRECTION('',(1.0,0.0,0.0));
#7502=DIRECTION('',(-1.0,0.0,0.0));
#7503=DIRECTION('',(0.0,-1.0,0.0));
#7504=DIRECTION('',(0.0,0.0,-1.0));
#7505=DIRECTION('',(-1.37050812203447E-29,0.0,-1.0));
#7506=DIRECTION('',(1.0,0.0,0.0));
#7507=DIRECTION('',(0.0,0.0,-1.0));
#7508=CARTESIAN_POINT('',(0.20000000000001,0.499999999999702,17.4000000000003));
#7509=DIRECTION('',(1.0,0.0,-0.0));
#7510=DIRECTION('',(0.0,0.0,1.0));
#7511=DIRECTION('',(0.0,-1.0,0.0));
#7512=DIRECTION('',(-1.0,0.0,0.0));
#7513=DIRECTION('',(-1.0,0.0,0.0));
#7514=DIRECTION('',(1.0,0.0,0.0));
#7515=DIRECTION('',(1.0,0.0,0.0));
#7516=DIRECTION('',(0.0,-1.0,0.0));
#7517=DIRECTION('',(0.0,0.0,1.0));
#7518=DIRECTION('',(-1.0,0.0,0.0));
#7519=DIRECTION('',(1.0,1.22464679914735E-16,0.0));
#7520=DIRECTION('',(0.0,0.0,1.0));
#7521=DIRECTION('',(1.0,0.0,0.0));
#7522=DIRECTION('',(0.0,0.0,-1.0));
#7523=CARTESIAN_POINT('',(2.02558728263612,0.0,3.5999999999998));
#7524=DIRECTION('',(-3.91735642379542E-18,-1.0,-1.46197732049608E-17));
#7525=DIRECTION('',(0.0,1.46197732049608E-17,-1.0));
#7526=CARTESIAN_POINT('',(1.23,0.0,16.3999999999999));
#7527=DIRECTION('',(0.0,-1.0,0.0));
#7528=DIRECTION('',(1.0,0.0,0.0));
#7529=DIRECTION('',(-1.0,0.0,0.0));
#7530=DIRECTION('',(-1.0,1.22464679914735E-16,-3.28143120844893E-17));
#7531=DIRECTION('',(1.37050812203447E-29,0.0,1.0));
#7532=DIRECTION('',(-1.22464679914735E-16,1.0,0.0));
#7533=DIRECTION('',(0.0,0.0,1.0));
#7534=DIRECTION('',(0.0,1.0,0.0));
#7535=DIRECTION('',(-1.22464679914735E-16,1.0,0.0));
#7536=DIRECTION('',(-1.0,0.0,0.0));
#7537=DIRECTION('',(1.0,0.0,0.0));
#7538=DIRECTION('',(1.22464679914735E-16,1.0,0.0));
#7539=DIRECTION('',(0.0,-1.0,0.0));
#7540=DIRECTION('',(1.22464679914735E-16,1.0,0.0));
#7541=DIRECTION('',(0.0,0.0,1.0));
#7542=DIRECTION('',(1.22464679914735E-16,1.0,0.0));
#7543=DIRECTION('',(1.22464679914735E-16,1.0,0.0));
#7544=DIRECTION('',(0.0,0.0,1.0));
#7545=DIRECTION('',(-1.0,0.0,0.0));
#7546=DIRECTION('',(0.0,1.0,0.0));
#7547=DIRECTION('',(0.0,0.0,1.0));
#7548=DIRECTION('',(-1.0,0.0,0.0));
#7549=CARTESIAN_POINT('',(4.98000000000001,5.950000000002,29.5000000000001));
#7550=DIRECTION('',(1.0,0.0,-0.0));
#7551=DIRECTION('',(0.0,0.0,1.0));
#7552=CARTESIAN_POINT('',(4.98000000000001,10.050000000002,29.4999999999994));
#7553=DIRECTION('',(0.0,1.62980740014973E-13,1.0));
#7554=DIRECTION('',(0.0,-1.0,1.62980740014973E-13));
#7555=CARTESIAN_POINT('',(4.98000000000001,10.050000000002,29.4999999999994));
#7556=DIRECTION('',(0.0,1.62980740014973E-13,1.0));
#7557=DIRECTION('',(0.0,-1.0,1.62980740014973E-13));
#7558=CARTESIAN_POINT('',(4.98000000000001,14.150000000002,29.4999999999987));
#7559=DIRECTION('',(-1.0,0.0,0.0));
#7560=DIRECTION('',(0.0,3.25961480029946E-13,1.0));
#7561=DIRECTION('',(-1.0,0.0,0.0));
#7562=CARTESIAN_POINT('',(4.98000000000001,10.050000000002,29.4999999999994));
#7563=DIRECTION('',(0.0,1.62980740014973E-13,1.0));
#7564=DIRECTION('',(0.0,-1.0,1.62980740014973E-13));
#7565=DIRECTION('',(0.0,1.62980740014973E-13,1.0));
#7566=CARTESIAN_POINT('',(4.98000000000001,10.050000000002,30.5999999999994));
#7567=DIRECTION('',(0.0,1.62980740014973E-13,1.0));
#7568=DIRECTION('',(0.0,-1.0,1.62980740014973E-13));
#7569=CARTESIAN_POINT('',(4.98000000000001,10.050000000002,30.5999999999994));
#7570=DIRECTION('',(0.0,1.62980740014973E-13,1.0));
#7571=DIRECTION('',(0.0,-1.0,1.62980740014973E-13));
#7572=DIRECTION('',(0.0,1.62980740014973E-13,1.0));
#7573=CARTESIAN_POINT('',(1.23,2.4977181631831,16.3999999999999));
#7574=DIRECTION('',(0.0,0.809016994374947,0.587785252292473));
#7575=DIRECTION('',(0.0,0.587785252292473,-0.809016994374947));
#7576=CARTESIAN_POINT('',(8.24000000000017,0.866025403784398,0.999999999999801));
#7577=DIRECTION('',(-0.866025403784439,-0.5,0.0));
#7578=DIRECTION('',(0.5,-0.866025403784439,0.0));
#7579=DIRECTION('',(0.0,0.0,-1.0));
#7580=CARTESIAN_POINT('',(4.98000000000001,13.7500000000019,30.5999999999988));
#7581=DIRECTION('',(-1.0,0.0,0.0));
#7582=DIRECTION('',(0.0,3.25961480029946E-13,1.0));
#7583=CARTESIAN_POINT('',(4.98000000000001,10.050000000002,30.5999999999994));
#7584=DIRECTION('',(0.0,1.62980740014973E-13,1.0));
#7585=DIRECTION('',(0.0,-1.0,1.62980740014973E-13));
#7586=CARTESIAN_POINT('',(4.98000000000001,6.3500000000019,30.6));
#7587=DIRECTION('',(1.0,0.0,-0.0));
#7588=DIRECTION('',(0.0,0.0,1.0));
#7589=DIRECTION('',(-1.0,0.0,0.0));
#7590=DIRECTION('',(1.0,0.0,0.0));
#7591=DIRECTION('',(-1.0,0.0,0.0));
#7592=DIRECTION('',(0.0,1.0,0.0));
#7593=DIRECTION('',(-1.0,0.0,0.0));
#7594=DIRECTION('',(-1.22464679914735E-16,-1.0,0.0));
#7595=DIRECTION('',(-1.0,0.0,0.0));
#7596=DIRECTION('',(0.0,1.0,0.0));
#7597=DIRECTION('',(1.0,0.0,0.0));
#7598=DIRECTION('',(-1.0,1.22464679914735E-16,3.28143120844893E-17));
#7599=DIRECTION('',(0.0,0.965925826289068,0.258819045102521));
#7600=DIRECTION('',(0.0,0.965925826289068,0.258819045102521));
#7601=DIRECTION('',(0.0,0.0,-1.0));
#7602=DIRECTION('',(0.0,0.0,1.0));
#7603=DIRECTION('',(0.0,0.0,1.0));
#7604=DIRECTION('',(0.0,0.0,1.0));
#7605=DIRECTION('',(0.0,1.0,0.0));
#7606=CARTESIAN_POINT('',(1.73999999999995,0.866025403784398,0.999999999999801));
#7607=DIRECTION('',(0.866025403784439,-0.5,0.0));
#7608=DIRECTION('',(0.5,0.866025403784439,0.0));
#7609=DIRECTION('',(0.0,0.0,1.0));
#7610=DIRECTION('',(1.0,0.0,0.0));
#7611=DIRECTION('',(0.0,2.09476042382101E-15,-1.0));
#7612=DIRECTION('',(0.0,2.09476042382101E-15,-1.0));
#7613=DIRECTION('',(-1.0,0.0,0.0));
#7614=DIRECTION('',(1.0,0.0,0.0));
#7615=DIRECTION('',(0.0,0.0,1.0));
#7616=DIRECTION('',(-1.0,0.0,0.0));
#7617=DIRECTION('',(-1.0,0.0,0.0));
#7618=DIRECTION('',(-1.0,0.0,0.0));
#7619=DIRECTION('',(-0.765398835799728,0.643556230764975,0.0));
#7620=DIRECTION('',(-1.0,0.0,0.0));
#7621=DIRECTION('',(0.765398835799615,0.643556230765109,0.0));
#7622=DIRECTION('',(1.0,0.0,0.0));
#7623=DIRECTION('',(-1.0,0.0,0.0));
#7624=DIRECTION('',(-1.0,0.0,0.0));
#7625=DIRECTION('',(-0.765398835799728,0.643556230764975,0.0));
#7626=DIRECTION('',(-1.0,0.0,0.0));
#7627=DIRECTION('',(0.0,0.0,1.0));
#7628=DIRECTION('',(0.0,0.0,1.0));
#7629=DIRECTION('',(-1.0,1.22464679914735E-16,0.0));
#7630=DIRECTION('',(1.22464679914735E-16,1.0,0.0));
#7631=DIRECTION('',(1.0,-1.22464679914735E-16,0.0));
#7632=DIRECTION('',(-1.0,1.22464679914735E-16,0.0));
#7633=DIRECTION('',(1.22464679914735E-16,1.0,0.0));
#7634=DIRECTION('',(-1.0,1.22464679914735E-16,0.0));
#7635=DIRECTION('',(1.0,-1.22464679914735E-16,0.0));
#7636=DIRECTION('',(0.0,0.0,1.0));
#7637=DIRECTION('',(1.22464679914735E-16,1.0,0.0));
#7638=DIRECTION('',(0.0,-1.0,0.0));
#7639=DIRECTION('',(0.0,0.0,1.0));
#7640=DIRECTION('',(0.0,0.0,1.0));
#7641=DIRECTION('',(0.0,-1.0,0.0));
#7642=DIRECTION('',(1.0,-1.22464679914735E-16,0.0));
#7643=CARTESIAN_POINT('',(4.98000000000001,10.050000000002,29.4999999999994));
#7644=DIRECTION('',(0.0,1.62980740014973E-13,1.0));
#7645=DIRECTION('',(0.0,-1.0,1.62980740014973E-13));
#7646=CARTESIAN_POINT('',(4.98000000000001,10.050000000002,30.5999999999994));
#7647=DIRECTION('',(0.0,1.62980740014973E-13,1.0));
#7648=DIRECTION('',(0.0,-1.0,1.62980740014973E-13));
#7649=DIRECTION('',(0.0,1.0,1.66533453693773E-16));
#7650=DIRECTION('',(0.707106781186548,-1.17756934401283E-16,0.707106781186548));
#7651=DIRECTION('',(0.0,1.0,1.66533453693773E-16));
#7652=DIRECTION('',(0.707106781186548,-1.17756934401283E-16,0.707106781186548));
#7653=DIRECTION('',(0.0,-1.66533453693773E-16,1.0));
#7654=DIRECTION('',(0.0,1.0,1.66533453693773E-16));
#7655=DIRECTION('',(0.0,-1.66533453693773E-16,1.0));
#7656=CARTESIAN_POINT('',(4.98,10.050000000002,14.8732616839472));
#7657=DIRECTION('',(0.0,1.66533453693773E-16,-1.0));
#7658=DIRECTION('',(1.0,0.0,0.0));
#7659=DIRECTION('',(0.0,1.66533453693773E-16,-1.0));
#7660=CARTESIAN_POINT('',(4.98,10.050000000002,17.8732616839472));
#7661=DIRECTION('',(0.0,1.66533453693773E-16,-1.0));
#7662=DIRECTION('',(1.0,0.0,0.0));
#7663=DIRECTION('',(0.0,1.66533453693773E-16,-1.0));
#7664=DIRECTION('',(1.0,0.0,0.0));
#7665=DIRECTION('',(-0.707106781186548,-1.17756934401283E-16,0.707106781186548));
#7666=DIRECTION('',(1.0,0.0,0.0));
#7667=DIRECTION('',(-0.70710678118655,1.17756934401282E-16,-0.707106781186545));
#7668=DIRECTION('',(7.20144664621721E-15,-1.66533453693773E-16,1.0));
#7669=DIRECTION('',(0.707106781186546,1.17756934401283E-16,-0.707106781186549));
#7670=DIRECTION('',(-1.0,0.0,0.0));
#7671=DIRECTION('',(0.0,-1.66533453693773E-16,1.0));
#7672=DIRECTION('',(1.0,0.0,0.0));
#7673=DIRECTION('',(0.0,1.66533453693773E-16,-1.0));
#7674=DIRECTION('',(0.0,1.0,1.66533453693773E-16));
#7675=DIRECTION('',(1.0,0.0,0.0));
#7676=DIRECTION('',(0.0,1.0,1.66533453693773E-16));
#7677=DIRECTION('',(1.0,0.0,0.0));
#7678=DIRECTION('',(0.0,1.0,1.66533453693773E-16));
#7679=CARTESIAN_POINT('',(4.98,10.050000000002,17.8732616839472));
#7680=DIRECTION('',(0.0,1.66533453693773E-16,-1.0));
#7681=DIRECTION('',(1.0,0.0,0.0));
#7682=DIRECTION('',(0.0,1.0,1.66533453693773E-16));
#7683=DIRECTION('',(7.20144664621721E-15,-1.66533453693773E-16,1.0));
#7684=DIRECTION('',(0.0,1.0,1.66533453693773E-16));
#7685=DIRECTION('',(-0.70710678118655,1.17756934401282E-16,-0.707106781186545));
#7686=DIRECTION('',(-0.707106781186548,-1.17756934401283E-16,0.707106781186548));
#7687=DIRECTION('',(0.707106781186546,1.17756934401283E-16,-0.707106781186549));
#7688=CARTESIAN_POINT('',(4.98,10.050000000002,14.8732616839472));
#7689=DIRECTION('',(0.0,1.66533453693773E-16,-1.0));
#7690=DIRECTION('',(1.0,0.0,0.0));
#7691=DIRECTION('',(0.0,1.0,1.66533453693773E-16));
#7692=DIRECTION('',(-1.0,0.0,0.0));
#7693=DIRECTION('',(0.0,-1.0,-1.66533453693773E-16));
#7694=DIRECTION('',(1.0,0.0,0.0));
#7695=DIRECTION('',(0.0,-1.0,-1.66533453693773E-16));
#7696=DIRECTION('',(0.0,1.0,1.66533453693773E-16));
#7697=DIRECTION('',(0.0,1.66533453693773E-16,-1.0));
#7698=DIRECTION('',(0.0,-1.66533453693773E-16,1.0));
#7699=CARTESIAN_POINT('',(4.98,10.050000000002,26.9732616839472));
#7700=DIRECTION('',(0.0,0.0,-1.0));
#7701=DIRECTION('',(0.0,1.0,0.0));
#7702=CARTESIAN_POINT('',(4.98,10.050000000002,26.9732616839472));
#7703=DIRECTION('',(0.0,0.0,-1.0));
#7704=DIRECTION('',(0.0,1.0,0.0));
#7705=DIRECTION('',(-0.707106781186548,0.707106781186547,0.0));
#7706=CARTESIAN_POINT('',(4.98,10.050000000002,14.8732616839472));
#7707=DIRECTION('',(0.0,0.0,-1.0));
#7708=DIRECTION('',(0.0,1.0,0.0));
#7709=CARTESIAN_POINT('',(4.98,10.050000000002,14.8732616839472));
#7710=DIRECTION('',(0.0,0.0,-1.0));
#7711=DIRECTION('',(0.0,1.0,0.0));
#7712=CARTESIAN_POINT('',(4.98,10.050000000002,25.7732616839472));
#7713=DIRECTION('',(0.0,0.0,-1.0));
#7714=DIRECTION('',(0.0,1.0,0.0));
#7715=DIRECTION('',(0.707106781186548,-0.707106781186547,0.0));
#7716=CARTESIAN_POINT('',(4.98,10.050000000002,25.7732616839472));
#7717=DIRECTION('',(0.0,0.0,-1.0));
#7718=DIRECTION('',(0.0,1.0,0.0));
#7719=DIRECTION('',(0.707106781186548,-0.707106781186547,0.0));
#7720=DIRECTION('',(0.0,0.0,-1.0));
#7721=DIRECTION('',(0.0,0.0,-1.0));
#7722=CARTESIAN_POINT('',(4.98,10.050000000002,24.746410161512));
#7723=DIRECTION('',(0.0,0.0,-1.0));
#7724=DIRECTION('',(0.0,-1.0,0.0));
#7725=CARTESIAN_POINT('',(4.98,10.050000000002,24.746410161512));
#7726=DIRECTION('',(0.0,0.0,-1.0));
#7727=DIRECTION('',(0.0,-1.0,0.0));
#7728=CARTESIAN_POINT('',(4.98,10.050000000002,24.746410161512));
#7729=DIRECTION('',(0.0,0.0,-1.0));
#7730=DIRECTION('',(0.0,1.0,0.0));
#7731=CARTESIAN_POINT('',(4.98,10.050000000002,24.746410161512));
#7732=DIRECTION('',(0.0,0.0,-1.0));
#7733=DIRECTION('',(0.0,1.0,0.0));
#7734=DIRECTION('',(-0.707106781186548,0.707106781186547,0.0));
#7735=CARTESIAN_POINT('',(4.98,10.050000000002,26.9732616839472));
#7736=DIRECTION('',(0.0,0.0,-1.0));
#7737=DIRECTION('',(0.0,1.0,0.0));
#7738=CARTESIAN_POINT('',(4.98,10.050000000002,26.9732616839472));
#7739=DIRECTION('',(0.0,0.0,-1.0));
#7740=DIRECTION('',(0.0,1.0,0.0));
#7741=DIRECTION('',(0.0,0.0,-1.0));
#7742=DIRECTION('',(0.0,0.0,-1.0));
#7743=DIRECTION('',(0.0,0.0,-1.0));
#7744=DIRECTION('',(0.0,0.0,-1.0));
#7745=DIRECTION('',(0.0,0.0,-1.0));
#7746=DIRECTION('',(0.0,0.0,-1.0));
ENDSEC;
END-ISO-10303-21;
